Firs Name,Last Name,Gender,DateOfBirth,Email,Phon Number,Address,City,State,Country,ZipCode,LoyaltyProgramID
Kristen,Perez,M,1993-07-25,tpierce@example.org,+1-951-253-8555x57620,662 Miller Stream Suite 338,North Cathymouth,Wisconsin,Saint Pierre and Miquelon,91099,1
Susan,Ferguson,F,2018-01-05,charlesriley@example.net,447.590.0509,5355 Devin Trafficway,North Baileychester,Michigan,Kiribati,68367,4
Stephanie,Wilkins,F,1972-04-20,jessica54@example.net,(528)505-1126x2668,8887 Vanessa Parkways Apt. 565,South Andreamouth,West Virginia,Palau,96163,5
Stephanie,Ortega,F,2002-07-30,taraescobar@example.org,2452517365,402 Benjamin Vista Apt. 886,West Alyssa,Oregon,Kazakhstan,95191,4
Ricky,Griffin,M,1976-08-30,schneiderpeter@example.com,(287)340-4081x336,3929 Maxwell Island,South Alicia,West Virginia,Eritrea,10295,2
Kristy,Jackson,M,2012-12-21,sfuller@example.org,434-359-8455x35503,8141 Barnes Bridge Apt. 199,New Matthewtown,Iowa,Montserrat,73940,3
Kelly,Brown,F,1974-08-29,torreslaura@example.com,461-498-4930x42753,2619 Steven Drives,East Elizabeth,Ohio,Suriname,41356,2
Katie,Bishop,F,2002-09-21,smithmichael@example.org,(575)204-8316,5273 Samantha Squares,Thomaston,Louisiana,Serbia,79338,5
Nicholas,Anderson,F,2002-09-05,hjohnson@example.org,203-288-5377,18381 Cruz Court Apt. 928,Ashleyview,Louisiana,Fiji,76581,4
Kenneth,Jordan,M,1999-07-10,mporter@example.org,853-924-0678x975,44543 Calhoun Road,Rebeccaville,Utah,Bosnia and Herzegovina,62315,5
Brittany,Reyes,M,2012-05-10,taylorroger@example.com,+1-413-386-1433x27308,9461 Angela Crossing,Lake Ann,Georgia,Mexico,06661,3
Diana,Martinez,M,1985-01-15,thompsondylan@example.org,(463)419-0055x5433,1645 Nicholas Passage Suite 771,Hansenshire,Iowa,Indonesia,69602,4
Melissa,Wright,F,2002-07-15,jeffrey96@example.net,288.725.8215x749,98830 Perry Curve Suite 573,East Christophertown,Kansas,Equatorial Guinea,84337,3
Jason,Elliott,M,1989-12-14,gardnerjeremy@example.com,001-499-652-1932x325,2481 Williams Prairie Apt. 907,New Amandashire,Texas,Pakistan,77933,4
Daniel,Johnson,M,2017-02-27,parkpatrick@example.org,855-817-7552x15791,33960 Baldwin Views,Mcdonaldville,Kansas,Sweden,83753,1
Jessica,Mcguire,M,2005-07-08,donalddavis@example.net,435-622-3129x8110,112 Brandon Field,North Juan,Louisiana,Tunisia,94384,5
Collin,Moore,F,2019-03-03,samuel13@example.net,472-776-4505x721,85609 Summers Ways,Lake Jay,Oklahoma,El Salvador,68361,4
Laura,Greer,F,2015-01-11,josephwilliams@example.net,(914)808-5680x558,96830 William Villages,Lake Jamie,Florida,Croatia,34312,2
Jacob,Smith,M,1981-11-20,hamiltonemily@example.net,308.575.4073,191 Henderson Row,Muellershire,Ohio,Jordan,48334,2
Holly,Gordon,M,2022-12-11,lknight@example.com,637.361.3389,132 Joshua Meadow Apt. 801,Port Dustinbury,South Carolina,Anguilla,51728,4
Jay,Knight,F,1999-07-16,stephenbailey@example.net,(694)577-1074,8883 Michael Hollow Apt. 849,Lake Philip,North Dakota,Swaziland,69067,1
William,Snyder,M,1988-11-11,amandastanley@example.org,001-565-597-7864x920,309 Matthew Street Suite 713,Thomastown,Wyoming,Kiribati,14953,2
Jack,Martin,M,1994-03-30,mark53@example.com,428.581.6337,149 Miranda Neck,Lake Tammyview,Oregon,Algeria,19593,4
Steven,Allen,M,1987-03-16,xmcclain@example.com,(303)225-3699,480 Anna Road,Mckeeland,New Jersey,Swaziland,30919,2
Casey,Coleman,M,1987-05-01,christopher51@example.net,001-616-586-6006x75268,01220 Brett Locks Suite 701,East Julieburgh,Massachusetts,Kazakhstan,35471,4
Jeffrey,Mckinney,M,2003-03-19,kimchase@example.com,957.626.2354,7881 Paul Crest,Michaelberg,Missouri,Singapore,59827,4
Matthew,May,M,2023-09-28,sherry34@example.net,757.628.7606x532,33509 Kimberly Glen,Boltonhaven,New York,Greenland,88018,3
Michael,Shaw,M,1976-08-03,alexandrawatson@example.com,(859)381-3520x3464,917 Michaela Court Apt. 532,West Kelseymouth,Montana,Morocco,09099,1
Kristin,Fernandez,M,1994-04-28,rperkins@example.org,(896)705-1043,9988 Crystal Knoll,Sarahview,New York,Somalia,15730,2
Angela,Green,M,1970-07-02,eugenerose@example.org,(785)768-5641,5866 Jones Orchard Suite 080,Russellton,Minnesota,Suriname,13383,3
Rachel,Brown,M,1987-10-18,hansonjennifer@example.com,493.989.3957x63130,44797 Cook Junction,East Justin,Utah,Gambia,12964,5
Julie,Castillo,F,2011-11-06,ryansexton@example.com,588.541.6291x758,3772 Mary Station,North Philipchester,Minnesota,Kiribati,25322,4
Rachel,Snyder,F,1983-07-06,donnaallen@example.com,001-832-554-1569,856 Joshua Crossing Suite 609,Grahambury,Rhode Island,Mali,52950,4
Robin,Salazar,F,1979-06-30,john74@example.org,5607300893,8403 Barber Fields,Gordonmouth,Hawaii,Kuwait,86133,3
Michele,Brown,F,2023-02-25,timothy40@example.org,001-696-554-7800x07535,75754 Martin Road,North Robertchester,Arkansas,Mauritius,86598,3
Justin,Charles,F,2011-11-25,jclark@example.net,001-411-465-1958,10744 Lopez Extension Apt. 960,Evanstown,Pennsylvania,Myanmar,11154,3
Jessica,Snyder,F,1980-10-18,pettypaul@example.net,(430)489-3999,643 Freeman Inlet Apt. 556,Pamelaville,Arizona,Uruguay,36097,3
Jim,Clay,F,1999-10-25,johnmatthews@example.net,(566)252-3796x31636,5122 Randall Inlet Suite 776,Austinberg,Kentucky,Singapore,20990,5
Joanna,Marshall,M,2024-08-17,nicholasleon@example.net,(649)608-9969x52355,639 Smith Groves,Ronaldfort,Idaho,Cayman Islands,01217,4
Raymond,Foster,F,2016-03-27,mflores@example.com,540.978.6916,8483 Espinoza Ridge,Lake Bobby,Rhode Island,Mongolia,95384,3
Dale,Coleman,M,2001-02-09,olivertimothy@example.org,759-691-9465x39390,88148 Ryan Camp Apt. 949,North Robin,Ohio,Paraguay,33605,3
Amy,Archer,F,2023-12-31,qleonard@example.com,+1-370-538-3343x4331,00439 Lee Mountains,North Heatherport,Indiana,Bahamas,14828,1
Bonnie,King,F,1992-06-22,hbrown@example.org,527.602.4575x23480,17387 Ford Ridges,Gregoryshire,Connecticut,United Arab Emirates,74666,1
Tasha,Rodriguez,M,1997-05-28,knorris@example.com,+1-758-536-6381,085 Bates Causeway,Meyermouth,West Virginia,Svalbard & Jan Mayen Islands,82675,5
Dave,Stone,F,2014-10-29,angelathomas@example.net,247.236.8978x29466,061 William Lakes,East Elizabeth,Virginia,Belgium,95416,5
Darin,Drake,M,1988-12-30,bradleyadams@example.com,001-918-625-0553,18590 Jerry Islands Apt. 971,Lewisbury,Arizona,Burundi,05972,1
Ronald,Hoffman,F,1986-01-27,qpratt@example.net,001-422-338-1394x16208,03721 Jones Ranch Suite 092,Brendaville,Oklahoma,Panama,15020,3
Andrew,Gallagher,M,1992-01-13,kevin56@example.com,864.613.8712x72591,217 Duncan Road Suite 772,Port Steven,Missouri,Kiribati,64010,5
Timothy,Howe,F,2010-02-13,dennispacheco@example.org,398-610-3210x53113,0763 Debbie Road,East Eriktown,Kansas,Ghana,67427,1
Yvette,Dean,M,1995-01-20,cbennett@example.com,(772)703-4052x7760,43479 David Square Suite 734,Reidtown,Alaska,Heard Island and McDonald Islands,55502,2
Kristi,Hall,F,1976-12-28,jared47@example.com,+1-392-381-8242x42056,6976 Renee Drives Apt. 869,New Franciscoburgh,North Carolina,Poland,76808,2
Ryan,Bowman,F,2010-08-14,richard57@example.org,7926053989,17482 Grant Course Suite 053,New Jamiefort,Wyoming,British Virgin Islands,71299,1
Kathleen,Mathews,F,1976-05-10,blake99@example.net,001-496-542-8813x25240,50334 Oconnor Parkways,Port Nathanborough,Rhode Island,Burkina Faso,20652,5
Christine,Martin,F,1970-12-31,joansalazar@example.org,+1-434-987-8094x263,19216 Clark Fall Apt. 747,Johnsonchester,Arkansas,Monaco,61870,3
Robert,Anderson,F,1976-12-11,brownanthony@example.org,917.979.1870x6253,61960 Jonathan Plains Suite 185,Kirkshire,Colorado,Congo,76240,1
Valerie,Austin,M,2018-11-10,amy03@example.com,8863827657,66836 Anthony Walk,Brownberg,California,Monaco,98719,5
Thomas,Mack,M,1988-02-05,kayla98@example.net,(444)829-4815,660 Reed Locks Apt. 548,Murphystad,Idaho,Chad,37073,2
Steven,Weaver,M,1984-08-05,murraywesley@example.net,001-880-665-1021x48527,86214 Turner Roads,Tammymouth,Kansas,Croatia,86223,3
Daryl,Kennedy,F,1999-07-18,jessica20@example.org,881-502-3909x5594,752 Stephanie Locks Suite 439,Port Kaitlin,Texas,Guadeloupe,62712,4
Edward,Stephens,F,1974-11-29,znorris@example.net,433.261.4900,225 Lynch Shoals Suite 546,West David,Tennessee,Aruba,92426,3
Jennifer,Hamilton,M,1992-09-12,zimmermanjennifer@example.com,920-674-1978x086,322 Cheryl Court Suite 859,Pittmanport,Wyoming,Chad,29491,3
James,Townsend,F,1976-07-05,zachary29@example.org,855-518-1285,47463 Angela Track Apt. 769,Jessicaville,Arkansas,Antarctica (the territory South of 60 deg S),15008,1
Joseph,Perez,F,1991-05-15,maryjohnson@example.com,306.316.2125x473,75515 Mitchell Run Suite 543,West Edward,Delaware,Lesotho,51264,2
Linda,Warren,F,2010-01-18,michellewalsh@example.net,+1-838-556-5507x2524,61408 Amanda Dam,Emilybury,Washington,Micronesia,90090,4
Richard,Wallace,F,1982-09-07,smithbrian@example.net,+1-294-262-3637,4863 Michael Mission,Penafort,Illinois,British Indian Ocean Territory (Chagos Archipelago),74575,5
Jonathan,Dominguez,M,2015-02-08,haroldbrown@example.com,001-262-781-9796x9812,522 Austin Crossing Apt. 094,Sarahhaven,Vermont,Korea,04700,3
Ashley,Mejia,M,1983-11-14,alan79@example.org,642-444-5882x581,143 Jennifer Ports,Melissaside,New York,Botswana,30526,2
Richard,Pierce,F,2003-10-18,thomasalyssa@example.com,666-725-5205,423 Stephanie Oval,Timothytown,Tennessee,Haiti,32422,5
Anthony,Sanders,F,1997-12-31,andersenveronica@example.org,(883)524-9879x210,3428 Coleman Common,East Prestonfurt,Vermont,Marshall Islands,49055,2
John,Gibson,M,2024-04-20,ymurray@example.net,566.847.4702x1608,889 Sanders Land,New Michellebury,Vermont,Sri Lanka,06474,1
Tanner,Martinez,F,2015-09-14,tranyesenia@example.org,240-721-4869x00665,1466 Brown Dale,Williamsside,Alaska,Oman,24889,5
Stacey,Luna,F,1991-06-09,samantha00@example.net,(358)928-7586x54926,70684 Oconnor Ports,Port Christiantown,Hawaii,Syrian Arab Republic,52937,4
Michelle,Mcbride,F,1973-12-08,stacy72@example.org,315-391-3367x96537,53989 Nixon Causeway Suite 772,West William,Pennsylvania,Guinea,90742,4
Brian,Clark,F,2017-06-13,rcasey@example.net,+1-358-568-4164,23880 Charles Camp Suite 665,Heatherland,West Virginia,Luxembourg,27262,3
Jacqueline,Pruitt,F,1987-04-09,ann88@example.com,9346089325,27587 Daniel Lock,Lake Mollyhaven,Utah,Antarctica (the territory South of 60 deg S),69605,2
Betty,Ayala,F,1991-04-19,mccannkenneth@example.com,976.303.9858x70420,141 Williams Fork Suite 561,Jamesbury,West Virginia,Jordan,54156,3
Tiffany,Compton,F,1995-01-10,howejean@example.com,+1-268-795-7567x754,559 Williams Wells,Patriciamouth,Oklahoma,United Kingdom,51306,2
Ryan,Sims,M,1991-07-14,mooremary@example.org,(875)432-0325x4764,7208 Jones Course Apt. 078,Mooreberg,Hawaii,Uruguay,87707,5
Alexis,Williams,F,1996-06-16,estephenson@example.net,800-891-7757,6437 Jones Place,New Brandonberg,North Carolina,Argentina,18788,5
Jesse,Aguilar,F,2004-04-12,richmichael@example.org,+1-589-824-1974x010,6978 Lucas Mountain,Vincentport,Utah,Lithuania,26124,3
Michelle,Martinez,M,2015-12-20,jenniferholloway@example.net,(875)440-0921x2467,808 Bishop Camp Suite 519,Barbarastad,South Carolina,Timor-Leste,46876,4
Matthew,Beard,M,1975-04-03,pamela09@example.net,545-725-6350x251,3060 Gonzalez Terrace Apt. 506,South Carlmouth,Illinois,Congo,33047,3
Jason,Hicks,M,2007-07-20,ronaldperez@example.org,(414)514-5725x102,372 Patterson Loaf Suite 413,Lake Frank,Louisiana,Guinea-Bissau,14190,3
Nicholas,Campos,F,2009-03-06,ramirezregina@example.net,(921)944-3427,684 Jason Walks Suite 927,Sherriville,Delaware,Kazakhstan,65794,5
Lori,Simmons,M,1997-12-06,cheryl80@example.org,641.270.2480x8303,86021 Linda Rest Apt. 844,Yvonnetown,Connecticut,Montserrat,79373,3
Melissa,Howe,F,1975-09-06,jennifer74@example.org,324-412-2334,34397 Kenneth Ports,New Scott,Virginia,Western Sahara,44309,3
Kaitlyn,Patterson,F,2022-07-09,mmunoz@example.com,+1-511-721-3279,748 Brooke Mill Apt. 555,East Ronald,Colorado,Sri Lanka,27694,2
Lori,Schroeder,M,1970-06-23,stephaniemiller@example.com,303.250.2743,619 Ramirez Throughway Apt. 108,Christinashire,Nebraska,Armenia,87272,2
Richard,Johnson,F,2011-02-26,valerieshort@example.net,977.504.7742x7482,4079 Bryant Divide,Cruzberg,West Virginia,United States of America,55228,2
Meredith,Bailey,F,2011-09-17,richardporter@example.org,001-460-469-1019x70961,18903 Gomez Inlet Suite 422,Edwardschester,Colorado,Marshall Islands,71549,1
Jillian,Zimmerman,M,2009-03-28,robertparker@example.org,839-739-4056,1957 Johnson Squares Suite 977,New Paulaberg,Nebraska,Montenegro,18246,2
Thomas,Strong,F,2002-07-01,wrightlynn@example.com,+1-934-785-5453x696,020 Clark Burg,Adkinschester,Maryland,Jamaica,57825,1
Matthew,Lewis,F,1992-05-10,andrew49@example.net,(473)795-9038x01406,79020 Lisa Mount,South Peter,Oregon,Saint Martin,92212,1
Molly,Price,M,1990-04-06,james93@example.net,2563871282,118 Carol Islands Suite 202,New Michaelbury,Colorado,Kazakhstan,38282,1
Jennifer,Ayala,M,2008-02-17,washingtoncarolyn@example.com,(541)782-6414x0798,96424 Wallace Hollow,Ashleybury,Nevada,Marshall Islands,43400,2
Joshua,Mcgee,M,2007-05-23,josephramsey@example.com,001-395-460-4276x55020,9617 Smith Junctions Apt. 060,Nancymouth,North Carolina,Heard Island and McDonald Islands,53952,4
Melanie,Young,F,2003-10-04,crystalmartinez@example.com,001-360-740-8374x9439,70132 Cook Point Apt. 500,Dicksonfurt,Delaware,Equatorial Guinea,14067,2
Sydney,Galvan,F,2011-11-18,kwelch@example.org,730-411-0327x9319,1759 Garcia Cape,Amandaburgh,Michigan,Kenya,24354,1
Corey,Owens,M,1976-07-21,morganmegan@example.net,(850)395-0998x6911,8256 Veronica Vista Suite 068,Blackwellshire,Louisiana,Mozambique,41720,4
Jimmy,Wilson,F,2004-09-22,lpeters@example.com,001-613-571-7979x1514,5352 Nixon Island,Huntberg,Pennsylvania,Saint Lucia,76319,3
Andrea,Gonzalez,M,2020-04-25,brittanysmith@example.com,+1-706-739-3639x57466,3052 Pope Rapid Apt. 475,Annborough,Georgia,Christmas Island,48660,5
Annette,Nelson,F,2009-07-03,donna11@example.com,(584)689-5620,3508 Ann Mount,Josephview,Alaska,Cuba,30991,4
Shawn,Wade,F,2011-08-27,matthewolson@example.net,346.558.8648x32402,59730 Clark Turnpike,Lisamouth,Pennsylvania,Cyprus,90206,1
Mitchell,Anderson,F,2013-05-09,kgibson@example.org,(636)228-8586x259,01701 Jennifer Branch Apt. 521,Dayfurt,Nevada,Guernsey,19465,1
Lauren,Conley,F,1997-06-09,henryscott@example.com,351.970.6956,7302 Hobbs Square,Josephhaven,Nevada,Albania,48677,1
Helen,Johnson,F,2007-10-02,tyler33@example.org,973.358.9219x6073,3570 Taylor Mall Apt. 384,South Cynthiashire,North Carolina,Kenya,17660,2
Laura,Middleton,M,1975-08-03,christina54@example.net,603-493-1349x61976,90236 Gregory Court Suite 778,East Ronaldhaven,Nevada,Maldives,04538,4
Peter,Burns,M,2007-08-23,patricia94@example.org,(347)890-3964x301,18293 Roberts Port Suite 086,Scottburgh,Mississippi,Wallis and Futuna,87843,5
Susan,Gregory,F,2011-05-11,ramirezzachary@example.org,6495443413,3665 Brendan Ridge Suite 751,Castillostad,Illinois,Netherlands Antilles,14214,4
Nancy,Lopez,M,1978-04-06,brandon08@example.net,419-607-4708x200,41819 Randy Key,Glenshire,Arizona,Tanzania,18082,1
Deanna,Chavez,M,1979-06-14,dylan86@example.org,(422)822-4587x65961,66841 Jamie Forges Apt. 444,West Rebecca,Alaska,Hungary,35949,4
Courtney,Hunter,M,1989-10-26,ojohns@example.com,7976180564,232 Eric Station,Wilcoxshire,Massachusetts,Burundi,93896,3
Christina,Fuller,M,2022-10-07,daniel78@example.org,+1-787-688-3212x62944,9659 Rodriguez Path Apt. 244,South Kevin,South Carolina,Mongolia,25481,5
Andrew,Bowman,M,2015-12-25,uwatts@example.com,001-313-335-5828x557,87071 Henry Stravenue,Jamesside,Alaska,Poland,13528,3
Michael,Todd,M,2015-03-01,waynewilkinson@example.com,748.324.7324x095,3204 Garrett Branch Suite 706,Port Jeremy,Illinois,Georgia,05563,2
Donna,Lopez,M,1989-11-09,david20@example.org,557-951-5277x891,4077 David Shore Suite 968,New Robert,Wisconsin,Sudan,49353,1
Justin,Torres,M,2018-07-13,lisa19@example.net,(912)745-9676,498 Park Rapids,Port Annamouth,Massachusetts,Malta,37256,5
Jessica,Faulkner,M,1999-08-22,edawson@example.org,8613661334,60346 Warren Summit,Jamesfurt,Massachusetts,Tanzania,94520,3
Crystal,Davis,M,1973-01-26,tracyking@example.org,(203)581-8141x913,78598 Christina Harbors,Courtneyview,New York,Cyprus,86005,4
Amanda,Bean,M,2010-07-09,zmcdaniel@example.com,350-316-7999,282 Michael Mountains,Reyesville,New York,France,72596,5
Mitchell,Boyd,F,2016-08-06,padillahannah@example.org,369.814.9775x00584,2978 Harrell Mount,South Billy,Georgia,Montenegro,22023,4
Micheal,Johnson,F,2024-03-14,emily48@example.com,899.303.1898,887 Moody Gateway,Lake Jasonton,Virginia,Antarctica (the territory South of 60 deg S),83822,1
Patrick,Vasquez,F,1975-12-13,susanstewart@example.net,242.755.6017x8609,7002 Aguilar Throughway Suite 372,Lake John,Idaho,New Caledonia,87448,2
Alexandra,Fry,M,2004-10-20,dixonpaul@example.org,652-257-5631,82460 Kelly Walks,Hoovershire,Vermont,Guinea-Bissau,63881,5
Mitchell,Byrd,F,2019-06-10,cherylwebb@example.com,(359)263-7660,08002 Nicholas Forges Suite 245,North Coreybury,Texas,Antigua and Barbuda,38045,2
Charles,Barnett,F,1996-04-27,sandra84@example.net,280-945-6331x984,530 Walters Underpass,Amandastad,Montana,Cook Islands,45461,1
Joshua,Mcintyre,F,1989-11-20,kathryn84@example.net,(277)653-8495x948,87579 Bobby Drives Apt. 787,Morrisonville,Iowa,South Africa,65036,4
Cody,Day,F,1970-05-04,williamgonzalez@example.net,441-607-5163x799,10960 Dawn Village Apt. 341,Smithmouth,Colorado,Georgia,50093,4
Brian,Stone,F,1995-10-12,ksmith@example.net,546.664.8056,66563 Haley Junction Apt. 434,Port Susan,New York,Fiji,53369,1
Cynthia,Crawford,F,1997-09-29,santanaeric@example.org,001-802-386-8169,233 William Cape Suite 521,South Josephland,Nevada,Singapore,76175,3
Lisa,Foster,M,1975-06-23,lewisnicholas@example.com,773-945-6943x72761,8649 Lacey Mission,Vasquezview,Maine,Qatar,31667,5
Tanya,Knight,F,1979-11-15,jasmine58@example.com,524-938-3529x56661,073 Estrada Ridge,Rodneybury,Florida,Turkmenistan,22122,3
Megan,Smith,M,2001-09-02,rnichols@example.net,+1-995-715-1088x1897,01059 Reed Road,South Davidport,Mississippi,Mozambique,44698,3
Kyle,Warner,M,2005-01-23,fibarra@example.org,935.222.4426x2032,6996 Price Square Apt. 318,Villegashaven,Connecticut,Tanzania,49638,1
Jason,Lane,M,2006-05-06,christopher52@example.net,589.320.1799x748,30674 Harris Forest Apt. 421,Lake Zacharyburgh,Washington,Falkland Islands (Malvinas),25580,2
Lindsay,Allen,M,1972-10-18,ebest@example.net,001-965-522-5484x8160,4613 Shane Plaza Suite 040,Morganport,Nevada,Armenia,70369,1
Mark,Lynch,F,1972-08-07,tsteele@example.com,535-792-7845,989 Rose Pike Suite 859,New Eduardofurt,North Dakota,Anguilla,79571,5
Kathleen,House,F,2004-03-03,thomashunt@example.org,727.705.2426,1356 Stacy Walks Suite 281,Patrickview,Maryland,United States Minor Outlying Islands,84484,4
Courtney,Jones,M,1999-02-02,april57@example.net,(780)699-5884x644,9516 Matthew Key Apt. 431,Michaelfort,Alabama,Pitcairn Islands,65996,2
Jared,Ramos,F,2014-02-19,robertwilson@example.net,966-390-5202x39461,6544 Cook Rest,West Theodorechester,Indiana,Cook Islands,64360,5
John,Austin,F,1970-07-29,whiteheadmonica@example.com,001-811-262-0649x20079,7372 Scott Key,Barbaraview,Georgia,Mauritius,65867,1
Ashley,Smith,M,1988-01-08,apotts@example.org,(712)297-1898,305 Brown Rapids,Torresville,New Hampshire,Micronesia,45907,2
Cheryl,Sanchez,M,1983-09-20,lindanelson@example.org,+1-422-583-3009,7489 Barton Turnpike Apt. 639,Lake Steve,Colorado,Zimbabwe,54884,3
Christine,Dominguez,M,2001-04-08,usims@example.com,+1-962-883-8173x126,4882 Kathleen Hill,Thomaston,South Dakota,Slovakia (Slovak Republic),93647,5
Christopher,Hodge,M,2004-09-15,howardjames@example.org,(737)265-1330x156,7965 Townsend Throughway,Timothyton,Connecticut,Palestinian Territory,89626,2
Anthony,Carr,F,2017-11-07,michelle44@example.org,335-853-4390,689 Victor Coves,Larsenstad,Tennessee,British Virgin Islands,37713,4
Amy,Robertson,M,1993-01-14,grodriguez@example.org,9388565341,766 Jones Road,Port Philipberg,Virginia,Fiji,30112,2
Cheyenne,Garcia,F,1975-05-18,jaclyn86@example.com,(961)316-1817,097 Hoover Highway Suite 693,East David,West Virginia,Venezuela,61308,4
Donna,Bell,M,1998-08-30,cdavis@example.net,(307)951-8575x78874,07440 Smith Cape,Michaelchester,Kansas,Malta,42171,3
Pamela,Singh,F,2016-04-16,michael33@example.net,(804)552-7883x500,489 Perez Run Suite 788,Lake Jennifer,Arizona,Kiribati,43267,3
Rodney,Roach,F,1974-01-29,brittany91@example.org,001-543-613-3048x058,8848 Renee Way,Port Sarahville,New Hampshire,Benin,98484,2
Steven,Walker,M,2018-10-13,ischroeder@example.net,001-600-558-8736x5745,0736 Sonya Ridges Suite 079,Phillipsland,Vermont,Vietnam,07969,1
Sean,Nguyen,M,2011-03-19,garcialarry@example.org,414.619.8276,7890 Brown Expressway,Port Emilyberg,Oklahoma,Belize,37550,5
Nancy,Peters,M,1989-02-01,steven34@example.net,+1-407-215-5553x15283,4937 Calderon Turnpike,Matthewfort,New Hampshire,Mozambique,70081,1
David,Wagner,F,2013-12-14,joshuamyers@example.org,847.840.4418x347,97573 Charles Prairie Apt. 689,East Anthony,Michigan,Faroe Islands,92897,2
Rebecca,Garcia,F,2014-12-22,ayersrichard@example.com,+1-903-750-6071x65083,170 Turner Island Suite 990,Waltersside,Vermont,Belize,88156,3
Shelby,Herring,M,1991-04-06,donaldhunt@example.com,(617)923-2615x7601,0863 Richard Ridges,East Anthony,Mississippi,Finland,36696,3
Thomas,Jones,M,2019-04-03,jack31@example.com,414.925.0635,17888 Sutton Tunnel,New Nicholas,New Hampshire,Mexico,63580,4
Jason,Hatfield,F,1990-08-22,hbaker@example.org,681.987.6394x727,926 Lynn Plains,Mckinneymouth,Maryland,Northern Mariana Islands,51910,3
Kyle,Bailey,M,2007-09-10,paulnelson@example.net,(895)799-9068x7972,6847 Johnson Common,East Jason,Illinois,Iceland,38917,1
Thomas,Jenkins,F,2006-09-21,aleon@example.com,538-468-5020x66707,03237 Marcus Islands,East Traceyport,Virginia,Venezuela,37269,5
Jacqueline,Downs,F,2024-01-23,amanda83@example.org,562.710.7382x03857,21040 Patrick Underpass,West James,Colorado,Montenegro,99780,4
Thomas,Harris,F,2020-11-30,sethlove@example.net,(598)615-4081x78344,434 Kristina Road,East Jonathanbury,Alabama,Seychelles,70289,4
Darrell,Miller,M,1970-04-23,hendricksteresa@example.net,+1-228-773-8446,704 Eaton Dam,Matthewberg,Wyoming,Cyprus,52966,1
Joshua,Matthews,F,1975-08-24,meganscott@example.net,001-542-285-1133x84344,27509 Underwood Road Suite 404,Lake Matthew,Tennessee,Eritrea,40771,1
Bonnie,Green,F,1980-10-29,thomasanita@example.net,(311)989-7600x3928,7389 Jason Cliffs,New Chelseyburgh,Georgia,United Arab Emirates,93962,3
Steven,King,F,1998-03-04,tina69@example.net,440-472-9676x88643,55989 Rasmussen Viaduct Apt. 472,Port James,Connecticut,Anguilla,16553,3
Stephen,Simpson,F,1970-10-10,russelljohnson@example.org,001-952-347-1743x47715,7868 Harrison Tunnel,Michaelberg,Montana,Benin,51287,2
Morgan,Hernandez,M,2019-12-20,myersdenise@example.net,001-564-872-2913x53763,8742 Burnett Roads Suite 229,East Brittany,New Hampshire,Niger,08879,2
Carolyn,Conley,F,1988-03-30,vwarner@example.org,931-612-2294,55253 Carlson Trafficway Suite 056,Danaview,Nebraska,Lithuania,92810,4
Eduardo,Walker,M,2012-03-17,erica12@example.com,532.716.4644x396,0402 Turner Trail,South Catherine,Maryland,Hong Kong,87538,2
Claire,Rodriguez,M,2010-12-23,christopher67@example.net,784-884-9249,38075 Dylan Mall,Baldwinside,Iowa,Portugal,74280,4
Christopher,Key,M,1980-02-10,hunter84@example.net,001-442-278-4001x49432,05951 Laura Centers,Jordanmouth,California,Hong Kong,57631,1
Laura,Glover,F,1986-08-06,shane22@example.com,842-905-8110x627,37021 Perry Pike Suite 145,Brownland,New York,Anguilla,88282,5
Janice,Johnson,M,2005-06-24,claytonmoore@example.org,662.543.8132,10491 Casey Avenue Suite 467,Michaelton,Georgia,Gambia,92909,1
Jennifer,Wiggins,F,2000-03-13,tmartinez@example.org,001-857-627-0073x29592,0181 Robert Locks Suite 869,Caitlinmouth,New Jersey,Sri Lanka,86654,2
Stacy,Alexander,M,1977-01-20,cole22@example.net,+1-479-765-0476x346,823 Gibson Views Apt. 728,Piercehaven,New York,Qatar,02480,2
Jennifer,Howard,F,2012-10-16,dmoore@example.org,530-714-0136x32065,9040 Andrew Heights,North Heatherfort,Kansas,Andorra,06421,4
Christina,Johnson,F,1977-03-19,conradnicholas@example.com,+1-975-752-8056x049,08879 Austin Groves Suite 417,Justinport,Illinois,Tunisia,74826,3
Suzanne,Page,M,2012-03-06,tracy43@example.net,414.853.7578x956,825 Wilkinson Hills,New Michelleland,Oklahoma,Saint Martin,85399,5
Erin,Barr,F,2017-09-09,abigailmartinez@example.com,+1-961-757-2056,390 Patty Crossing Apt. 748,New Edward,Maine,Botswana,92501,4
Sarah,Branch,M,2011-04-29,jennifer97@example.com,001-567-532-0131x08232,959 Hamilton Burg Apt. 006,South Robin,Alabama,Heard Island and McDonald Islands,84699,3
Louis,Garcia,F,1996-11-09,tramos@example.org,580.259.4702x5500,43332 Salazar Forks Apt. 722,Karastad,Florida,Cote d'Ivoire,13741,4
Allison,Lloyd,F,1995-07-05,edwardtorres@example.org,+1-553-906-4152,545 Ward Cape Suite 545,Richardview,Alaska,Iraq,40767,1
Ronnie,Stephens,F,2020-04-05,cbuckley@example.com,001-386-634-5635x2704,04568 Mary Shoal,Port Chase,Maryland,Poland,74554,1
Kaitlyn,Howe,F,2020-02-02,djones@example.org,001-924-960-6848x13827,88202 Alec Views,Grantstad,Montana,Honduras,01649,5
Nathan,Blair,F,1990-05-04,ibennett@example.net,371-358-8714,17903 Kevin Squares Suite 255,Harperside,Alabama,Swaziland,21507,2
Nicholas,Jones,F,1995-11-22,amyblair@example.com,396-500-1048x95096,278 Gwendolyn Walk,Port Jonathanport,Alaska,Holy See (Vatican City State),01217,3
Maria,Jackson,M,1993-04-03,coledeborah@example.com,9414347472,0806 Morgan Fork Apt. 025,Port Andrew,Pennsylvania,Timor-Leste,20779,4
Paul,Strickland,F,1980-08-10,christopher53@example.org,412.962.2836,846 Derek Inlet Apt. 141,Aaronbury,Delaware,Holy See (Vatican City State),73608,1
Bradley,Chapman,F,1973-05-01,wellsrandall@example.org,+1-649-937-5592,59923 Ryan Locks Suite 258,Cynthiatown,Ohio,Finland,97989,4
Antonio,Francis,F,1992-10-26,lwilson@example.com,6986629614,216 Jacqueline Roads Apt. 136,East Erintown,Alaska,Jersey,62158,2
John,Bauer,F,1988-05-02,tracyjackson@example.com,(723)980-8026x318,6022 Paige Isle Suite 842,Fisherfort,Michigan,Saint Barthelemy,03222,1
Dawn,Gardner,M,2015-11-30,campbelljason@example.org,826-571-9347,878 Julie Cape Suite 377,North Connie,Tennessee,Uganda,82751,4
William,Barker,F,1992-04-21,jorge72@example.com,001-797-716-0240x634,0003 Durham Isle,Barberhaven,Virginia,Bhutan,88751,4
Jim,Williams,F,2001-06-18,cristianbraun@example.com,810-917-7481,02775 Jennifer Mews,Rayville,Maryland,Grenada,20399,5
Bill,Chavez,F,1994-06-13,romerojason@example.org,(259)728-4753,9375 Michael Valley Apt. 988,Amandaberg,Pennsylvania,Anguilla,68209,2
Lauren,Lucas,M,2015-09-09,garciajesse@example.net,253.680.4111x64086,2631 Brian Rue,Robinsonmouth,West Virginia,Kazakhstan,81229,4
Bryan,Rogers,F,1983-04-09,tkelly@example.net,(594)984-1393,9896 Morgan Roads Apt. 724,West Dawn,Florida,Comoros,30064,2
Rachel,Reyes,M,1990-09-29,gwilliams@example.net,001-922-843-1018,825 Melissa Canyon Suite 741,Marksmouth,Idaho,Kiribati,91771,3
Brett,Foster,F,1998-12-14,stephaniegiles@example.net,542.851.5217x0685,214 William Estate,Quinnland,Tennessee,Christmas Island,69202,5
Marcus,Bush,F,1983-01-18,shanediaz@example.com,(834)218-5290,6969 David Forges Apt. 041,Lake Austintown,New York,Swaziland,01472,3
Abigail,Walker,F,1975-01-20,johnwong@example.org,001-313-854-0394x112,21508 Stephanie Pines Suite 205,Ethanville,Colorado,Iceland,20021,2
Alyssa,Jones,M,1973-10-22,madison71@example.org,(348)602-6260x88773,895 William Glen,Lewisborough,Delaware,Pitcairn Islands,06313,5
Madison,Gonzales,F,1986-10-07,hansenallison@example.org,4504974779,5424 Lynn Glens,Garciahaven,Maine,Russian Federation,98839,4
Grace,Sandoval,M,1999-05-29,desireewalters@example.com,(400)917-8176x227,22325 Rice Trail Apt. 363,Elizabethbury,Oregon,Falkland Islands (Malvinas),16990,4
James,Price,M,1973-03-10,lanematthew@example.org,880.204.1472,71790 Moore Stravenue Apt. 845,Angelabury,Georgia,Cuba,73489,1
Adrian,Simpson,M,1996-02-14,jessica45@example.com,001-998-424-8892x009,2487 Kelley Estates Apt. 115,New Alexis,Virginia,Zambia,83418,4
Sandra,Griffith,F,2010-09-23,christinehutchinson@example.org,001-589-583-8356x4319,47295 Ernest Mall,New Juan,Nebraska,France,79366,4
Teresa,Brady,M,2019-11-02,gregorytaylor@example.org,747.755.3786x973,8524 Judy Plaza,Wolffurt,Massachusetts,Bermuda,39103,4
Kristin,Smith,F,2002-09-19,monica15@example.com,001-573-604-8709x43949,196 Crawford Mountains Suite 258,Brandonshire,Nevada,Ukraine,79835,5
Jennifer,Smith,F,2016-11-26,hendrixkathleen@example.org,697-872-9317x21174,202 Travis Junction Apt. 473,New Joseph,Arizona,Kenya,39294,3
Kristin,Trevino,F,2008-12-26,fgreen@example.com,788.622.1139x664,4754 Angel Highway Apt. 302,South Carrie,North Dakota,Kiribati,57918,1
Kim,Mason,M,1986-01-04,kimberlycurtis@example.org,+1-450-331-5550,65402 Green Mountains,West Charleshaven,Pennsylvania,Myanmar,12162,5
Michelle,Allison,F,1987-04-18,anthony31@example.com,+1-252-417-6581x76060,099 Shannon Corner Apt. 576,Whitefurt,North Dakota,Jamaica,26203,5
Adam,Garcia,M,2007-05-26,angelawalker@example.net,4606445581,460 Kelly Point,Matthewmouth,Alaska,France,81269,5
Nancy,Foster,F,2018-09-05,fmckinney@example.net,608.215.0345,701 Adam Meadows,New Angela,Idaho,Dominican Republic,19849,2
Angie,Rodriguez,M,2009-09-19,mbrown@example.net,001-715-844-3127x277,11465 Sara Corners Suite 570,Lesliestad,Ohio,Sierra Leone,26493,4
Carl,Bowen,F,1984-04-21,smiller@example.org,001-269-756-3068,97928 Roman Summit Apt. 600,Toddshire,Wyoming,Cuba,79000,5
Natasha,Michael,M,2007-09-09,cowanjodi@example.net,(417)987-3891x628,2499 Huang Shores Suite 488,East Jillberg,Connecticut,Paraguay,80830,5
Todd,Lee,M,1999-04-17,rogerwilliams@example.com,001-487-719-4360x10925,30286 Valdez Mill,Munozberg,California,Aruba,84982,4
Stephanie,Jefferson,F,1988-03-10,lindsaycraig@example.net,246.501.6377,3181 Keith Island Apt. 938,Cabreraburgh,Nebraska,Morocco,68871,1
Jaclyn,Alvarez,M,1996-11-02,pbrown@example.com,806-671-3412x2768,81177 Peters Tunnel Apt. 299,Lake Reginald,Mississippi,Nauru,11449,2
Charles,Lopez,F,2014-09-22,dwright@example.com,001-587-296-9093x77401,583 White Run Apt. 249,West Kristyshire,Utah,Northern Mariana Islands,96769,5
Joshua,Holmes,F,1988-03-16,sherrybaker@example.net,2049165215,7944 Davis Mount Apt. 233,Padillastad,South Dakota,Portugal,85447,3
Jill,Stevenson,F,1997-09-12,yhancock@example.com,+1-934-914-8610x5217,932 Carter Rue Suite 320,Port Karenmouth,New York,Saint Helena,27133,1
James,Mccormick,F,2009-08-11,robertreyes@example.org,553-888-9613x1852,802 Alexander Inlet Suite 840,Ashleyburgh,Alaska,Denmark,03700,4
Timothy,Gonzalez,F,2021-01-27,stacey13@example.net,495-842-9637,25965 Lin Pass,Kevinfurt,Pennsylvania,Western Sahara,48750,4
Courtney,Dyer,M,1970-03-03,jennifer87@example.net,(436)239-5087x61728,12897 Richard Crest Apt. 186,North Austin,Rhode Island,Mongolia,88826,3
Toni,Rodriguez,M,2018-02-23,hortonkimberly@example.com,+1-638-613-2652,813 Paul Park,Lake Christophertown,Alabama,Turks and Caicos Islands,09669,4
Kathleen,Patterson,M,2010-01-17,kylejones@example.net,7538335846,699 Matthews Mount,North Joseph,New Jersey,Macao,02801,5
Jason,Horn,F,2000-04-12,sdavis@example.org,570.985.0980,495 Sanchez View Apt. 968,Lake Dorisside,Illinois,Niue,42529,1
Sydney,Alvarez,F,1972-04-26,stephanie58@example.net,879.650.0466,779 Santiago Forges Suite 067,Petersonberg,Louisiana,France,88573,5
Jacob,Cochran,F,1993-11-21,vthompson@example.org,410.535.0248x82733,280 Daniel Grove Apt. 258,Stevenchester,Iowa,Haiti,37104,3
Kenneth,Robinson,F,2025-10-23,hurstlouis@example.com,001-596-535-9559x87784,040 Clark Estate,West Jefferychester,Arkansas,Heard Island and McDonald Islands,12556,2
Virginia,Fitzgerald,F,2011-09-30,sarahandrews@example.com,2866416882,318 Raven Knoll,Susanstad,Connecticut,Finland,45580,2
Raymond,Lang,M,2005-03-11,watkinsnicholas@example.com,409.632.0852,3686 Eric Turnpike Suite 516,Barrerachester,Colorado,Puerto Rico,81682,3
Mary,Foley,F,2002-09-23,garciaguy@example.net,(655)240-9625,842 Palmer Stream,Lindsayside,Arizona,Fiji,15312,2
Stacey,Becker,M,2025-07-20,thoward@example.net,6642929386,17465 Hubbard Cliffs Apt. 463,Harrisonport,Hawaii,Kenya,07551,4
Stacy,Barron,M,2008-03-11,melissathompson@example.org,+1-691-745-1826x8469,288 Jason Place,Casetown,Alabama,Comoros,77803,4
Douglas,Snow,M,1979-02-03,victoria92@example.org,911-215-2409x76880,76337 Lauren Summit Suite 067,Port Brianhaven,Nevada,United States Minor Outlying Islands,50466,5
Stacy,Yu,M,1997-09-16,rebecca65@example.net,001-538-646-0734,97312 Glenda Mission,North Lindafort,North Carolina,Northern Mariana Islands,06884,5
Tina,Johnson,M,1970-01-02,cory31@example.org,(234)865-9787,64525 Barton Fork Apt. 551,North Rebecca,Wyoming,Tanzania,01685,5
Andrew,Kent,M,2026-01-24,thompsoncheryl@example.com,001-245-775-4535x13246,943 Lisa Shore,New Margaret,Wisconsin,Malawi,99770,3
John,Haas,F,1986-01-26,njohnson@example.com,+1-682-924-0010x1068,3934 Angel Curve,North Julie,Maryland,Liberia,77746,4
Danielle,Morton,M,1999-08-28,singhjason@example.org,+1-808-717-4753,5129 Russo Trail,Daniellechester,Arkansas,Morocco,50206,2
Michele,Vasquez,M,2011-05-19,smithblake@example.com,352.914.4894,275 Martin Cape Apt. 601,South Sean,Georgia,Malawi,09483,4
Jesse,Flores,F,1993-06-14,katherine96@example.org,(439)862-8782,9845 Ramirez Curve Apt. 087,Melissaton,Colorado,Tajikistan,56802,2
Ashley,Steele,F,1998-02-16,williamslinda@example.com,+1-439-883-7593x8512,79337 Leblanc Branch,Stephanieburgh,Maryland,Poland,35981,5
Janice,Martinez,M,2013-08-15,awilliams@example.net,479-400-7787x540,3488 Susan Dale Apt. 736,Port Joshua,Oregon,Nepal,67608,4
Timothy,Middleton,F,1971-12-22,jonesyolanda@example.net,+1-221-501-2926x493,29330 Stacey Street,Sullivanberg,Vermont,Trinidad and Tobago,40006,3
Brittany,Colon,F,1975-04-19,aaron80@example.net,9663158783,9634 Gonzalez Ranch Apt. 879,Rebeccashire,Oklahoma,Saint Vincent and the Grenadines,59230,1
Maria,Anderson,M,1992-05-26,hilllauren@example.net,+1-542-434-9694x378,8326 Combs Bridge Apt. 950,East Jonathan,Utah,Sweden,84804,3
Robert,Mendoza,M,1991-07-19,dustin10@example.net,+1-350-749-0848x26865,746 Hensley Mill Apt. 926,West Kathyburgh,New Hampshire,Canada,08737,2
Michael,Davis,F,1996-09-09,dannybailey@example.org,616-781-2573x67150,4109 Alyssa Falls Apt. 672,Smithborough,Tennessee,Slovakia (Slovak Republic),61031,4
Matthew,Yang,M,2019-10-15,william98@example.org,001-202-655-0565,5400 Harrison Islands Suite 654,Scottmouth,Hawaii,British Virgin Islands,71823,2
Casey,Brown,M,2018-08-19,millermichael@example.com,766-653-5225x81271,232 Grant Mews,South Annetteport,New Mexico,Anguilla,05053,3
Laura,Johnson,F,2021-12-27,michaeldavis@example.com,424-907-2188,5341 King Track Apt. 489,North Danielle,Maryland,Lesotho,62746,3
Regina,Murphy,F,2004-11-03,curtis24@example.org,841.861.1316x641,13635 Thomas Mount,Lake Michellefurt,South Dakota,Romania,51841,5
Kyle,Mora,M,1977-07-05,patriciagallagher@example.org,889-289-5938x94057,5866 Guerrero Park Apt. 309,Hodgeberg,Tennessee,Svalbard & Jan Mayen Islands,53557,3
Angel,Vega,M,2007-01-15,jcasey@example.org,605-334-2484x8889,9419 Miranda Rest Suite 232,New Jasminechester,Minnesota,Portugal,05327,1
Emily,Gray,M,1996-11-10,baileybrandon@example.net,001-686-796-2190x1618,2845 Katherine Plaza Apt. 820,Port Brandihaven,Arkansas,Anguilla,08388,2
Roger,Potts,M,1986-07-25,joshua58@example.org,+1-701-370-2069,820 Donna Trail,Micheleland,South Dakota,Palestinian Territory,47032,4
Emily,Fernandez,M,1985-07-06,kimberlyschneider@example.org,893-413-2630,55656 Martin Ports Apt. 546,Lake Sabrinachester,Indiana,Comoros,25561,1
Brian,Allen,F,1993-01-03,eileen09@example.org,001-399-501-7296,788 Cassandra Hill,Rushview,Rhode Island,Norway,68241,1
Rickey,Wilson,M,2023-09-30,perrythomas@example.net,402-406-9423x004,13855 Tammy Path,Houstonberg,Nevada,Liberia,55797,4
Christine,Moran,M,1986-01-12,cheryl44@example.com,534.354.9663x6400,1567 Katie Viaduct Apt. 912,Josephchester,Arkansas,Switzerland,06961,1
David,Elliott,F,2012-09-04,jharris@example.net,9226550792,8628 Ashley Point,North Rebeccaport,Nebraska,Canada,83425,4
Eric,Wallace,M,1987-04-12,csparks@example.org,+1-213-751-6795x0052,14287 Olson Turnpike,Steveburgh,Maine,Cape Verde,87997,2
Ashley,Bates,M,2005-03-07,stacytaylor@example.org,(784)579-7294,6303 Brown Turnpike Apt. 200,East Johnbury,North Carolina,Belarus,33675,5
Annette,Gordon,M,1984-03-29,angela05@example.net,+1-255-533-0316,8663 Jennifer Via Apt. 915,South Madisonmouth,Louisiana,Senegal,75211,2
James,Orr,M,1984-11-30,robertperkins@example.com,(362)288-7843x634,611 Blake Expressway,South Josemouth,Michigan,Marshall Islands,36727,1
Shelby,Johnson,M,1984-06-09,shellyriley@example.net,+1-364-757-8382,5320 Hughes Union Suite 281,Meganburgh,Montana,Bouvet Island (Bouvetoya),13536,4
Evan,Pope,M,2022-01-19,ryan92@example.net,934-368-7115,80545 James Parkways Apt. 311,Payneshire,Indiana,United States Virgin Islands,37305,5
James,Vaughan,M,2007-12-03,mirandascott@example.net,(316)443-4486,8739 Taylor Burgs,Hughesshire,Alabama,Gibraltar,79585,1
Sherry,Kidd,M,2023-05-19,teresathomas@example.com,(883)310-6260,279 Horton Views Suite 280,New Fredland,Pennsylvania,Tajikistan,89362,3
Wesley,Olson,F,1997-05-30,wilsonsteven@example.net,784.305.5926x20266,584 Burke Islands,Rogersfort,Colorado,Cape Verde,11000,5
Cameron,Cooke,F,1990-11-13,agarcia@example.org,953.805.5751x681,3602 Steven Overpass Suite 917,Georgeport,Rhode Island,Chile,33521,2
Joel,Lawson,F,2010-12-18,knguyen@example.org,(406)959-6993x0538,52941 Schultz Greens Suite 520,Patrickside,Wyoming,Sweden,02851,4
Brooke,Turner,M,1994-07-11,matthewbrown@example.com,001-392-715-0389,86071 Foley Mountains Apt. 158,West Jacobstad,Connecticut,Saint Lucia,70910,4
Marcia,Bates,M,2004-06-12,obryan@example.com,+1-370-717-4745x2161,4107 Gabriela Mews,Paulberg,Texas,Ecuador,60928,5
Brenda,Sanders,M,1973-08-10,michelleandrade@example.org,(257)612-2903x5080,36430 Ashley Rapid,New Mary,Tennessee,Argentina,63396,4
Wendy,Pittman,F,2025-09-30,dixonmichael@example.org,9479013638,99483 Brian Gateway Apt. 177,Perezfort,Missouri,Mexico,36740,3
Zachary,Jones,M,1977-09-09,thomasstephanie@example.org,409.523.5658,29315 Duran Inlet,Rogersmouth,New York,Mexico,23527,3
Jeffrey,Rojas,M,2017-03-08,keytammy@example.net,474-972-0109,6377 Mitchell Landing,South Scottland,Maine,Thailand,61530,4
Dana,Love,F,2024-02-24,itaylor@example.net,001-629-795-3635x017,661 Benjamin Landing Apt. 603,New Alyssa,Idaho,Cambodia,08895,2
Rebekah,Todd,F,1996-04-23,housedustin@example.org,001-716-570-6491x454,3192 James Fields,New Amy,Colorado,Peru,01828,1
Kari,Moore,F,1973-09-07,camachomonica@example.org,001-320-361-4264,19415 Hernandez Mission Suite 427,Jenniferhaven,Connecticut,Wallis and Futuna,24147,1
Tina,Sims,F,2007-10-02,bowersrebecca@example.net,328-509-4731,109 Nicholas Estate Suite 730,North Rachel,Wyoming,American Samoa,78683,4
Dennis,Cummings,F,2002-03-04,andersonanthony@example.org,(541)963-5275x07196,195 Eric Throughway Suite 733,Michaelstad,South Dakota,Nicaragua,93431,4
Carlos,Roberts,M,2013-05-05,cli@example.net,(827)695-7167,201 Michael Locks Apt. 457,Lisaville,Pennsylvania,Qatar,90148,3
Denise,Sanchez,F,1992-09-06,richardandrews@example.com,567.959.5602,11023 Webb Land Apt. 310,North Michelle,Nebraska,Kyrgyz Republic,58895,3
Miguel,Lara,F,1997-10-01,paulwalsh@example.net,717.511.0524x9217,9016 Lee Landing,New Jeremy,New Mexico,Switzerland,34224,2
Cindy,Martinez,F,2020-08-06,murphycarla@example.net,+1-755-342-3340,2495 Tucker Creek Apt. 241,Mccarthyfurt,Kansas,Azerbaijan,31671,3
Ashley,Small,F,1991-08-27,ariascrystal@example.org,+1-380-923-6281x361,136 Freeman Spring Apt. 700,Charlesland,Louisiana,Eritrea,20278,1
Nicole,Huynh,F,1974-09-02,joehayes@example.net,858-857-4206x000,85909 Brenda Pines,Wagnermouth,Tennessee,Serbia,23659,5
Ruth,Brown,M,2020-04-19,colemankevin@example.org,(494)411-8200,99854 Morales Skyway Apt. 903,Tomport,Missouri,Wallis and Futuna,24193,4
Felicia,House,F,2000-02-04,vharper@example.com,(458)249-6360x5967,399 John Crossroad,Davidmouth,Connecticut,New Zealand,17327,4
Cheryl,Barrera,M,1984-12-12,ayoder@example.com,+1-203-277-8231x60932,5442 Jordan Mountain,Port Kimberlymouth,Maine,Pakistan,03144,4
Emily,Cortez,F,2009-03-26,coxadam@example.com,736.690.3807x971,076 Little Mountain Apt. 945,Gracebury,Michigan,Lebanon,57326,2
Trevor,Gordon,F,1971-01-15,joseph64@example.org,933.805.0073x0847,2390 Lee Greens Suite 864,Scottchester,Rhode Island,Tanzania,84167,2
Courtney,Hamilton,M,2012-07-09,cristina96@example.com,8102321435,8177 Jeff Unions Apt. 340,Port Kimberlyville,Nevada,South Georgia and the South Sandwich Islands,38365,2
Maria,Hansen,F,1999-07-10,josephjeffrey@example.org,349-716-8683,02408 Vega Greens Suite 034,New Rachael,Georgia,Saint Martin,33526,5
Monica,Alexander,M,2001-01-23,josephbenitez@example.com,001-916-572-2099x2808,3345 Christensen Stravenue Suite 472,Port Luis,Oklahoma,Lao People's Democratic Republic,37962,1
Heather,Santiago,F,1979-10-24,deckerwilliam@example.org,718-346-8714x645,0269 Tracy Vista,New Andrewville,Indiana,Estonia,98843,1
Holly,Scott,F,1987-02-28,coxjoseph@example.com,512.469.1010x5250,8440 Maria Heights,Christopherchester,Maine,Qatar,77451,3
Kimberly,Carter,M,1990-02-13,mikayla15@example.com,902.927.2779,8411 Terri Field,East Chad,Massachusetts,Grenada,95657,2
Margaret,Short,F,1975-04-01,conniegibson@example.com,001-681-679-4235,245 Carlos Ramp Apt. 706,Matthewburgh,Mississippi,Israel,00883,3
Stephen,Johnson,F,2024-01-03,christopher13@example.com,(525)597-8407,415 Gregory Mews Apt. 162,Lake Bridget,Oregon,Trinidad and Tobago,17828,4
Joshua,Moore,F,2005-08-02,colesierra@example.com,001-638-706-1688x59738,90699 Anderson Court,West Lisa,Texas,Czech Republic,14658,1
Robert,Johnston,F,1970-02-05,treynolds@example.org,575-637-5401x504,411 Morales Burg,West Leah,Montana,Pakistan,76507,4
Timothy,Haas,M,2025-01-18,jessica45@example.net,(796)432-3838x071,79385 Danielle Forks Suite 909,New Charles,North Carolina,British Indian Ocean Territory (Chagos Archipelago),27028,1
Michael,Miles,F,2019-07-02,maria35@example.org,898-744-3595x8149,0604 Hannah Coves,South Robertport,New York,Micronesia,72896,3
John,Smith,M,2016-07-20,lindsay24@example.org,8617801488,333 Solis Extensions Suite 395,Mariaside,Kansas,Pakistan,21539,2
Nathaniel,Wilcox,F,2022-06-08,valentinemary@example.org,+1-423-975-8043,24625 Brian Drive,Rachelstad,South Dakota,Uganda,08132,2
Megan,Owens,F,2001-07-25,sanchezmatthew@example.net,663.674.3509x70721,4684 Jeffrey Knoll,South Wendy,Rhode Island,Malta,92709,5
Christopher,Hernandez,M,1981-01-03,krystal97@example.net,(383)984-3089,167 Matthew Ports Suite 192,Fletcherside,Arizona,Palau,50487,4
Cody,Contreras,M,2015-06-14,dawnyang@example.net,001-639-772-9915x79294,8274 Molly Hollow,East John,Kansas,Germany,76077,4
Billy,Monroe,F,1974-12-24,nicholaschambers@example.net,001-229-544-0072x0822,778 Lisa Station,North Sherryborough,Florida,Egypt,79818,3
Jennifer,Duffy,M,2004-01-22,tyler21@example.org,9435287976,65839 Diaz Cape,Willisville,Louisiana,Cape Verde,58921,3
Jennifer,White,M,1973-02-28,tmiller@example.org,+1-684-451-4464,568 Flores Path Apt. 507,East Kristi,Kentucky,Guernsey,92638,5
John,Castaneda,F,2015-02-07,steven87@example.net,+1-393-461-0109x3402,463 Aguirre Mills,Darrellstad,Missouri,Samoa,43690,1
Crystal,Ingram,M,2003-09-01,joelgibbs@example.com,001-485-370-2790x54917,62678 Melissa Place Apt. 734,South Katrinafort,Kentucky,Svalbard & Jan Mayen Islands,22783,1
Anthony,Andrews,F,2023-12-14,aharrell@example.net,8749786395,448 Hernandez Extension,South Karen,South Carolina,Turkey,98621,5
Robin,Carson,M,1972-06-30,tracy32@example.org,780-483-0698,8997 Garcia Underpass Suite 053,Lake Lorishire,Texas,Kyrgyz Republic,97099,5
Ashley,Hunter,F,1977-11-30,archerdavid@example.net,001-873-623-6587,21219 Jeff Shoal Suite 634,New Anthony,Pennsylvania,Congo,49994,5
Ian,Drake,M,1990-06-13,karinamayer@example.org,(407)990-3648x6387,80547 Elizabeth Course,Christineside,Ohio,Tuvalu,05823,3
Maria,Buck,F,2014-09-10,karen17@example.com,324-859-6665,4043 Vincent Union Suite 920,Port Linda,Oklahoma,Oman,96051,4
Jaime,Gomez,F,2024-10-10,tatkinson@example.org,+1-332-873-4871,68265 Mary Lane Suite 560,Sallyview,Connecticut,Iceland,00636,2
Melanie,Flores,M,2004-01-14,victoriaramirez@example.net,(314)587-9407,13333 Terry Island,East Ambermouth,Maine,Macao,06640,1
Sherry,Barnes,M,2013-07-16,fjackson@example.net,(911)464-3539,964 Adams Pass,Adamshire,North Dakota,Belize,34509,2
Megan,Quinn,F,1992-12-16,eric81@example.org,001-570-695-5893,2315 Karen Haven,South Marcusville,Mississippi,Somalia,62622,1
Sara,Browning,M,1988-01-18,ogreen@example.org,001-434-746-7487x91283,5367 James Harbors Apt. 983,North Jenniferchester,South Carolina,San Marino,40345,1
Cynthia,Willis,M,2020-12-31,melissasmith@example.org,001-245-331-1471,084 Randall Valley,Darleneton,Idaho,Ecuador,78937,2
Rachel,Stanton,M,1993-02-16,wramirez@example.net,(652)486-5638x4612,183 Roberts Manor,Port Amandaland,Illinois,Tokelau,30456,1
Julie,Mendez,M,1983-08-01,david88@example.org,(288)238-3560,244 Hill Mission Apt. 661,Robertchester,Georgia,Benin,40576,2
Diane,Zamora,F,1998-03-16,ffranklin@example.com,320-436-4889,7653 Keith Oval Apt. 238,New James,Maine,United States Virgin Islands,10938,3
Jessica,Green,M,1990-05-24,michele99@example.org,(881)479-4033x32241,65010 David Shores Suite 503,Markmouth,Arizona,North Macedonia,13473,4
Anthony,Fields,M,2021-07-06,houstoneric@example.com,001-774-212-6880,67939 Mckee Circles Suite 315,Lake Crystalchester,California,Marshall Islands,04821,5
Frank,Hanna,M,1986-03-21,brittany31@example.net,2846428325,69177 Kevin Cliffs,South Stacey,South Carolina,Faroe Islands,31155,2
Ashley,Taylor,F,1987-04-03,beckheather@example.org,453-292-6571x617,9792 Martinez Keys,Clineburgh,Nevada,Tonga,33879,4
Virginia,Allen,M,1986-07-02,jhall@example.net,765.661.4996,0505 Brianna Pass Apt. 021,Elizabethburgh,Maryland,Guinea,27982,3
Lisa,Nelson,F,2025-07-12,murphywilliam@example.com,+1-494-635-4660,21025 Tyler Green Apt. 902,West Anita,South Carolina,Denmark,19186,1
Meghan,Johnson,F,2004-12-24,karenpatterson@example.org,+1-420-911-3885x5963,87362 Scott Mountain Suite 315,Smithstad,Indiana,Monaco,93824,4
Kayla,Castro,F,2004-03-08,barrywashington@example.com,3476890449,456 Willis Crescent,New Kennethville,Alabama,Equatorial Guinea,66677,2
David,Dunn,F,2004-02-10,coxjason@example.org,001-614-359-2584,641 Curtis Haven,Castanedashire,Kentucky,Saint Martin,20443,4
Heather,Barton,M,1994-01-21,myersjoseph@example.com,001-524-507-2945,297 Anita Mall,Lake Justinland,Alabama,South Africa,42588,4
Jose,Elliott,M,1993-10-24,rushcarrie@example.org,+1-421-909-6330x537,7710 Matthew Squares Apt. 611,Anthonyton,Nevada,Algeria,79828,2
Brian,Yang,M,2021-06-06,frederick74@example.com,9337016442,1763 Jennifer Mill,West Mary,Rhode Island,Yemen,31045,4
Christopher,Bell,F,2010-07-17,gabriel60@example.org,763-326-9454x8782,63102 Michael Crossing Apt. 463,Lake Crystalfurt,Indiana,Malaysia,11177,5
Rachel,Henson,M,2009-04-16,francosharon@example.org,8553582417,2269 Welch Extensions Apt. 085,Jenniferstad,Missouri,Armenia,28775,2
Douglas,Rocha,M,1992-09-05,vcampbell@example.org,(243)209-1721x87544,013 Michael Ports Suite 191,New Paul,Florida,Afghanistan,32508,4
Chad,Wallace,F,2021-06-25,xmorgan@example.com,577.696.4032x27565,70324 Lloyd Passage Apt. 851,Lake Brandon,North Carolina,Niger,40417,3
Scott,Reynolds,M,1990-02-12,irogers@example.net,368.296.0654,0967 Browning Lights,Stronghaven,New York,Germany,23268,2
Doris,Carson,F,2025-10-12,bonnie39@example.com,001-669-298-6528,428 Anthony Hollow,Port Carol,Kentucky,Indonesia,34169,1
Bridget,Walker,M,1979-10-05,awhite@example.net,+1-367-711-4993x6915,027 Tammy Manors,Lopezbury,Iowa,Jersey,51061,2
Wendy,Johnson,M,1997-09-29,arthurmorris@example.org,001-659-265-5699x71961,79136 Timothy Drive,South Raymondtown,Texas,Paraguay,82305,2
Gabrielle,Ward,F,2012-07-04,howardmark@example.com,001-568-309-4479x230,097 Tracy Orchard Apt. 818,Lake Peggy,Connecticut,Sao Tome and Principe,64612,1
Michelle,Schwartz,M,2010-07-28,jamestaylor@example.com,217-847-6112x3620,425 Frank Ways,South Kenneth,Pennsylvania,Austria,54070,2
Brian,Hutchinson,F,1981-10-24,kirbyallison@example.net,414-759-7658x582,087 Michael Points,East Ryanchester,North Dakota,Cameroon,19789,1
Jimmy,Barton,M,1980-01-31,reesealejandro@example.com,8798788126,34609 Durham Fall,North Veronica,Wyoming,Nicaragua,71934,4
Victor,Galvan,F,1977-03-14,wadewalter@example.net,3769133222,60614 Thomas Parks,Crawfordland,Idaho,Moldova,60595,5
Rickey,Crane,M,1988-07-11,lisa15@example.net,(266)511-8194x7508,0994 Gross Road,South Juliatown,Iowa,Liechtenstein,17558,3
Brett,Parrish,F,2003-10-02,kevin27@example.org,5995420101,1603 Eric Fields,New Scott,Alabama,Lesotho,54324,2
Susan,Hubbard,M,1983-03-31,jamie85@example.net,394.305.3041x52816,03953 Amy Crossing,Lindamouth,New Jersey,Reunion,19878,1
Jennifer,Stewart,M,2000-11-28,rogersevan@example.com,444-466-6239x61688,138 Glenn Brook,Port Tracyport,California,Afghanistan,12755,2
Michelle,Bender,F,2015-09-16,lrobles@example.org,7905111646,27631 Cannon Gardens Apt. 435,West Judith,Minnesota,Congo,84603,1
Annette,Boone,M,2010-07-06,snichols@example.com,+1-294-927-0704x985,7133 Steven Islands Apt. 142,Tinamouth,New York,Thailand,94935,4
Justin,Kelly,F,1972-04-22,duranemily@example.com,224.382.3373x2855,62233 Pittman Shores,Saraland,Connecticut,Estonia,99669,2
Darrell,Simpson,F,1975-05-13,julia36@example.org,+1-754-668-0008,30533 Jesus Street Apt. 763,Lake Brianfurt,New Hampshire,Canada,24632,3
Lisa,Shelton,M,2019-06-03,jessicahernandez@example.org,001-850-249-3605x965,447 Anderson Glen Suite 386,Lauraport,Virginia,Palau,20937,5
Matthew,Griffin,M,2022-04-12,tchavez@example.org,9585369306,7525 Mary Loaf,Cortezport,Kentucky,Ireland,79939,2
Amanda,Nguyen,F,2020-08-22,gonzalesjamie@example.com,3246027925,1114 Mcclure Street Apt. 109,Matthewshire,Michigan,Turks and Caicos Islands,36838,3
Travis,Johnson,M,1974-07-17,brad94@example.com,307-251-2677,0084 Holly Spur Suite 143,Justinmouth,Wisconsin,Indonesia,80728,4
Michelle,Shaw,F,2015-09-05,debrabutler@example.net,001-548-820-5963x10336,6533 Knight Oval Apt. 926,Port Jared,Wisconsin,Mongolia,99846,3
Kimberly,Fuller,F,1979-04-11,andrewstephens@example.net,+1-276-643-0405,256 White Crossing,East Michael,Oregon,Tajikistan,87302,5
Robert,Gonzalez,M,2013-03-05,mccoysteven@example.net,718.811.7546,137 Koch Mountains,Greenbury,North Carolina,Saint Vincent and the Grenadines,16505,2
Shelby,Kelly,M,1991-06-20,urios@example.org,001-981-337-1136x7998,34529 Chase Rapids Apt. 708,Brookeview,Indiana,Grenada,71177,5
Amanda,Dominguez,M,1998-09-19,brownjennifer@example.org,+1-202-679-6947x93814,9637 Williams Crossroad,Murrayburgh,Hawaii,Chad,34566,3
Mary,Green,F,2011-01-12,lindajimenez@example.org,(460)804-7749,72566 Adam Ports Suite 288,New David,Idaho,New Caledonia,90338,4
Cindy,Costa,F,1993-11-10,alowe@example.org,285.924.4412,40038 Dawn Light Apt. 722,Barryville,Mississippi,Italy,18638,5
Melissa,Rose,F,1991-05-20,qnguyen@example.org,736.393.7832x661,8151 Schmidt Stream,Lake Mike,Louisiana,Palau,18166,4
Gary,Sanchez,M,1972-08-28,michaelfitzgerald@example.net,735-309-7447,121 Stewart Highway Apt. 599,Wrightville,New Hampshire,Indonesia,39251,3
Michael,Howell,M,2020-05-30,valentinekelly@example.org,001-455-597-0392,0376 Peterson Wall Apt. 625,East Kristi,Kansas,Namibia,12593,1
Douglas,Evans,M,2010-09-21,shannon12@example.com,208-698-7471,389 Bill Cliffs Apt. 072,Dickersonhaven,Minnesota,Sierra Leone,06102,4
Lisa,Taylor,F,2014-05-04,jimenezgabriel@example.net,684-777-9412,889 Buchanan Flats,New Ashley,Ohio,Pakistan,62280,1
Jason,Fox,M,1970-06-02,elizabethwilson@example.org,353.281.9455x0968,5151 Franklin Drive,Myersview,Massachusetts,Kyrgyz Republic,36594,1
Scott,Graham,M,2021-09-08,yhodge@example.com,+1-589-449-0745,023 Taylor Prairie Suite 087,North Robert,Washington,Brazil,38414,5
Paige,Robbins,F,2010-05-21,regina86@example.org,(950)297-5969x944,99010 Sanchez Coves,Rachaelville,Tennessee,Congo,14296,5
George,Matthews,M,2021-03-06,adamsscott@example.org,(369)255-4418,3118 Mendoza Coves Apt. 138,Hernandezburgh,Maine,Trinidad and Tobago,10434,2
Scott,Mosley,F,1978-01-23,ijohnson@example.net,(269)354-2240,0357 Andrea Groves,Kylietown,Missouri,Cyprus,66105,5
Samantha,Clark,F,2004-12-27,lisa32@example.net,(923)770-8991x3221,800 Chad Mountain Apt. 500,East Davidmouth,Rhode Island,Wallis and Futuna,32826,4
Rickey,Diaz,F,1986-01-15,sherryshepherd@example.com,001-809-392-2865x945,203 Mathews Junction Suite 304,West Waltershire,New Jersey,Comoros,66904,2
Robert,Nichols,F,2019-05-19,ysnyder@example.net,+1-946-381-2578,9125 Hardin Harbors Apt. 687,Washingtonstad,Massachusetts,Jordan,63123,2
Theresa,Fry,F,2008-07-23,john36@example.org,+1-906-367-8281x7501,945 Nicole Wall Suite 965,West Carlshire,Hawaii,Ethiopia,04141,1
Breanna,Miller,F,1982-06-05,kaitlynstevens@example.net,001-629-265-1338x298,0959 Schmidt Streets,Lake Michelleville,Louisiana,American Samoa,54882,4
Mark,Alvarez,F,2019-07-27,wsullivan@example.net,7825800935,4117 Valerie Shoals,Lewiston,South Dakota,Venezuela,98418,2
Ricardo,Campbell,F,2007-04-04,josephbond@example.net,9996539724,09966 Kline Lodge Suite 699,South Jonathanmouth,Virginia,Norway,29170,3
Ross,Erickson,M,2025-08-23,wilsonkimberly@example.net,583-595-2798x849,3134 Miller Wall Apt. 794,West Patriciastad,Georgia,Tonga,38870,4
Michael,Robbins,F,2015-10-08,robertmiller@example.org,229.483.7096x18514,56097 Courtney Mountain Suite 571,Annhaven,Idaho,Yemen,51602,5
Anna,Long,F,1980-11-20,sanchezdenise@example.com,+1-851-458-1032,71447 Julie Shore Apt. 896,Matthewport,Delaware,Spain,69733,1
David,Morrison,F,1999-05-22,emilydavenport@example.net,463-364-8062x18681,19944 Craig Port,Garyton,Missouri,Mozambique,39186,4
James,Wade,F,1983-01-19,mccarthyjoe@example.com,7472771654,770 Vance Square Suite 823,Adammouth,New York,Rwanda,95292,5
Jacqueline,Lawrence,M,1979-01-10,kelliott@example.org,001-323-597-9801x633,252 Rachel Points,Lisafort,Michigan,Turks and Caicos Islands,61338,4
Shawn,Bautista,M,1988-04-19,adambrooks@example.org,471.428.6606x10022,299 Nelson Ramp Apt. 722,North Theresa,Utah,Netherlands Antilles,51011,5
Martin,Weaver,M,2017-01-10,paul25@example.org,(802)424-0702,89882 Belinda Drives,New Malik,Florida,Holy See (Vatican City State),63482,2
Cameron,Olson,F,1997-09-12,jennifer61@example.org,324-390-1924x8326,27868 Fox Trace Apt. 085,Mooreberg,Alabama,Netherlands,20365,5
Greg,Mayo,F,1989-01-21,evanssara@example.com,563-470-6336x8969,819 Hendricks Glens Suite 246,Lake Sarah,Connecticut,India,50664,5
Michelle,Flores,F,1991-03-17,ubaxter@example.com,575-647-9560x08880,37230 Sheila Land Apt. 186,Port Stevenshire,New Jersey,Belize,13463,1
Courtney,Martin,F,1991-08-29,elizabeth65@example.com,+1-677-869-7183,47623 Mcmillan Run,North Jerryfurt,Arkansas,Eritrea,17405,1
William,Nelson,F,2024-12-05,mooncheryl@example.org,(304)949-9279x4316,7244 Tyler Union Suite 552,North Stephanie,Oregon,Venezuela,49705,3
Megan,Gilbert,M,1973-11-14,krystalcervantes@example.com,587.347.9491,5744 Sawyer Glens Suite 404,Kyleside,Iowa,Peru,61128,5
Jeremy,Williams,F,2014-03-20,colleen13@example.net,+1-762-303-7168x247,639 Michael Points,Danielview,Alabama,Nicaragua,88133,4
Sean,Lambert,F,2008-02-14,douglasbennett@example.org,4109568109,94376 Garcia Mountains,Rosalesfurt,California,Bermuda,32590,5
Timothy,Villarreal,M,1980-02-21,matthewchambers@example.net,001-846-808-9640,76056 Hanson Court Apt. 228,Blackmouth,New York,Sri Lanka,35642,2
Allison,Proctor,F,2002-07-17,johnperez@example.com,633-766-2674,233 Daniels Estates,Hesterbury,Michigan,Brazil,86127,5
Angela,Martinez,M,2022-11-11,gloria70@example.org,+1-680-414-8099x415,0596 Hughes Neck Suite 823,West Travischester,North Carolina,Turks and Caicos Islands,47658,3
Laura,Wright,M,2021-11-16,lperry@example.org,440-523-5172,613 Daniel Brooks,Birdchester,South Carolina,Albania,69140,4
Patrick,Perez,F,1971-07-11,pattersonkara@example.com,663.761.4219,37965 Duncan Loop Suite 562,New Michellemouth,Connecticut,Spain,73675,4
Mark,Harris,M,1986-09-29,thester@example.net,513.767.5097,285 Thomas Stravenue Apt. 831,East Suechester,Nebraska,Bangladesh,30763,5
Michelle,Meyer,F,1989-02-05,james33@example.net,+1-961-402-9554x2627,06586 Mack Fork Apt. 371,Garnerborough,North Dakota,Argentina,67225,2
Edward,Pierce,M,2000-02-28,dawnwagner@example.net,250.573.5939x37699,7901 Lyons Bypass,North Travis,New Hampshire,Mayotte,48003,1
Bryan,Johnson,F,2008-02-05,patrickbuck@example.com,+1-342-607-7396,7664 Orozco Lodge Apt. 454,East Daniellestad,Michigan,British Indian Ocean Territory (Chagos Archipelago),99383,4
Michael,Patterson,F,1997-05-11,mary31@example.net,206-786-3763x883,311 Richardson Haven,East Cynthia,Indiana,Qatar,78815,3
Lindsay,Blake,M,1999-10-29,martinlisa@example.com,001-905-993-6115x157,200 Johnson Valley Apt. 729,Lake Joelville,Missouri,Comoros,49184,4
Tiffany,Moon,M,2003-09-13,kevin31@example.org,001-958-776-0170x2467,8749 Castro Rapid,East Lisa,North Carolina,Madagascar,01308,2
Ryan,Franklin,F,2019-04-30,calebmartinez@example.com,(314)306-1718x29827,215 Amber Roads,Pittmanshire,California,Algeria,24587,5
Jeanette,Williams,M,1992-10-07,hsmith@example.net,855.442.4850x16999,80900 Robinson Walks Apt. 124,North Brenda,Massachusetts,Norway,15536,4
Julie,Benitez,M,2006-09-25,randy66@example.org,259.265.5556,022 Elizabeth Route Suite 671,Craigport,Utah,Moldova,91811,1
Catherine,Kelley,F,2003-01-31,chelseaponce@example.net,249.307.3814,93630 William Alley Apt. 938,Martinfurt,New Mexico,Congo,24513,5
Shannon,Carlson,M,1970-04-21,nramirez@example.org,001-421-499-4407x8418,24952 Nancy Landing Suite 670,Ericksonhaven,Alabama,Myanmar,05301,3
Mary,Hill,F,1979-03-04,emilyhiggins@example.org,431-580-8342x864,9313 Huber Cliff Apt. 748,Sarahshire,Nebraska,Holy See (Vatican City State),43269,3
Daniel,Cole,F,2004-06-26,richardsrachel@example.com,(517)231-9250,0633 Tina Inlet,North Barbarahaven,Montana,Trinidad and Tobago,07394,5
Rachel,Lane,F,2017-08-10,wnguyen@example.com,589-323-6074x6876,544 Johnson Summit Suite 025,East Christopherton,West Virginia,Guyana,46609,3
David,Morgan,M,2015-01-15,ryan50@example.com,644.795.5552x369,0112 Baker Mission Suite 633,Georgemouth,Delaware,Kazakhstan,12537,2
Rebecca,Brown,F,1973-09-12,smichael@example.net,666-465-6379,59534 Smith Forks,North Erika,South Dakota,Syrian Arab Republic,49076,3
Michael,Bell,F,2004-10-15,yvonnequinn@example.net,(868)712-7188x9853,565 Grant Stravenue,Lake Michelleton,Colorado,Georgia,09446,2
Hannah,Wilkins,F,1987-08-20,nancywright@example.com,873.733.0554x79095,5365 Wood Street Suite 856,New Jacobfort,Oklahoma,Saint Barthelemy,68601,4
Robert,Collins,F,1998-02-06,mullinskeith@example.net,418-964-7220x0907,64436 Best Course Suite 977,South Madeline,New Hampshire,Serbia,14641,1
Kimberly,Benjamin,F,1987-11-21,wheelertheresa@example.com,914.473.9556x3613,244 Jeffrey Estate Suite 647,Prestonstad,Minnesota,Reunion,34999,2
Harold,Clayton,M,2009-12-02,smithangelica@example.org,001-789-729-8880,19547 Pearson Trace,East Jackson,Hawaii,Lithuania,52731,1
Andrea,Edwards,M,1970-04-09,elizabethmathews@example.net,332.249.5087x207,1749 Jones Tunnel Suite 517,Roblesmouth,Minnesota,Italy,24006,4
Zachary,Schwartz,M,2013-05-15,josephchavez@example.com,(943)447-5054x524,15427 Erin Grove,East Lynnburgh,Indiana,Chad,55399,4
Andres,Wolfe,M,1998-11-06,perezmelissa@example.net,565-295-9149x415,207 Lawrence Terrace,Jenniferfort,Florida,British Indian Ocean Territory (Chagos Archipelago),60296,3
Thomas,Miranda,F,2011-01-29,courtney30@example.org,+1-546-414-4905,80850 Lee Inlet,Hannahchester,Arizona,Sri Lanka,13420,5
Matthew,Santana,F,1993-03-09,leahpruitt@example.com,864-819-6755x8485,83644 Casey Port,West Christinaport,Maryland,Iraq,15014,5
Tony,Richards,M,1978-01-04,lflores@example.org,(784)445-1450,99378 James Creek Suite 829,New Tylerhaven,Florida,Guadeloupe,17067,5
Devin,Freeman,F,1993-07-28,pearsonhannah@example.net,001-801-926-1579x708,959 Leonard Turnpike Suite 038,Johnsonshire,Iowa,British Virgin Islands,65746,2
Kristin,Miller,F,1995-09-28,lewisbeth@example.org,646.601.3639,73968 Anne Key,Michaelchester,Maryland,Samoa,20417,1
Maria,Bennett,M,1972-09-06,wendygray@example.org,877-522-8995x25422,79129 Ashley Lights Apt. 759,Wilkinsshire,Minnesota,Congo,13839,1
Melissa,Taylor,F,2007-02-02,melaniesanchez@example.com,001-993-529-9788x4560,5407 Baxter Street Suite 835,Kevinport,North Carolina,Turkey,28733,1
Regina,Evans,F,1984-12-31,maria67@example.org,5918598211,9764 Hanson Glen,Liumouth,Iowa,Cote d'Ivoire,36040,3
Beth,Wilkins,F,2005-12-03,brandonwhite@example.com,644-835-7570,3107 Dixon Drives,Jeffton,Pennsylvania,Guam,65726,1
Scott,Smith,M,1996-04-25,allenjamie@example.com,815.975.0715x77373,210 Lee Plains,Murphyborough,Illinois,Sierra Leone,62745,4
Jessica,Fitzpatrick,F,2020-01-01,diazchristina@example.org,623-425-0675x63057,3930 Michael Points Suite 511,Nicolefurt,Georgia,Mali,55521,2
Donald,Mack,F,1995-12-02,michealerickson@example.net,+1-243-933-9914,176 Whitaker Forges,North Johnathanbury,Arkansas,Maldives,44544,4
Amanda,Torres,M,1996-07-24,newmankatie@example.org,215-733-2650x974,2726 Medina Dam Suite 628,Port Michelleside,Alaska,Luxembourg,29770,4
Stephanie,Woods,M,2014-12-05,horncynthia@example.com,984-396-8657x411,34053 Stone Branch,West Kristina,Connecticut,Aruba,51664,5
Sarah,Johnson,M,1985-04-01,kristigonzales@example.net,(629)562-6841,94918 Steven Station Apt. 675,Lake Jessicaville,Nevada,Estonia,79001,5
Christine,James,F,1971-12-15,tammyadams@example.net,675.761.6423x30756,603 Franklin Road Apt. 455,Millerchester,Pennsylvania,Japan,84562,2
Mary,Thomas,F,2001-01-27,candace44@example.org,001-589-350-4728x191,3795 Jack Station Apt. 559,North Michele,Georgia,Germany,36970,1
Nicole,Garza,F,1975-06-03,marshgary@example.org,+1-449-726-3895x8713,28505 Martin Flats Apt. 823,Port Heidi,North Dakota,Haiti,42954,1
Jay,Nelson,F,1983-10-15,jennifer91@example.net,(328)515-6666x0970,3149 Nicole Ridge,Cooleyfort,Rhode Island,Vietnam,92191,5
Anthony,Watkins,M,2022-11-17,dawsonaimee@example.net,611-290-7848,8585 Rosales Village,Port Jeffrey,New Mexico,Trinidad and Tobago,09450,2
Michelle,Jones,F,1986-11-09,thomasclark@example.com,+1-308-309-8347x542,2879 Chelsey Ford,Anthonyshire,Missouri,South Georgia and the South Sandwich Islands,68713,3
Melissa,Phillips,F,1988-07-24,michelle15@example.com,704-249-2364x1976,294 Donald Point,Wintersside,Ohio,Spain,78161,2
Mark,Morgan,M,2003-04-25,smithlinda@example.org,(619)603-4947x92964,98191 Walters Mission Apt. 929,New Tiffany,Oregon,Reunion,15853,1
Aaron,Pope,M,2008-02-16,sloancharles@example.com,6593047651,88094 Archer Common Apt. 049,South Eric,Arkansas,Barbados,81316,3
Warren,Barton,M,1997-07-23,lcook@example.com,(300)650-6757,2788 Gutierrez Hollow,Paulshire,New Mexico,Yemen,51446,4
Jessica,Rios,M,2000-09-22,robertingram@example.net,(992)917-3232,69260 Hunt Flats,Owenton,Nevada,Croatia,95346,1
Christine,Nelson,F,1980-01-31,johnmiller@example.net,001-833-454-3862x7685,96569 Case Divide Suite 237,Port Jeffchester,New York,Gabon,57801,1
Angela,Skinner,F,2012-05-10,erica35@example.org,(774)651-3231,3037 Hall Isle Suite 430,Stewarthaven,Wyoming,Malta,34796,4
Daniel,Roy,M,2009-10-27,suzannemarquez@example.org,001-301-673-5047x19789,96449 Anderson Center Apt. 877,Clarktown,New York,British Indian Ocean Territory (Chagos Archipelago),10812,1
Michele,Spence,M,1999-04-26,anthonyadams@example.com,432.374.7180x9983,3986 Sherry Loop,North David,Oregon,Azerbaijan,49785,4
Garrett,Bauer,M,1970-02-21,roachdominique@example.net,602-320-7003,35439 David Cliffs,Elizabethfort,Delaware,Moldova,99059,2
Raymond,Clarke,F,1970-11-26,lisalong@example.com,429-895-4745,1083 Jill Skyway,New Jasonland,Tennessee,Macao,34339,2
Amy,Kennedy,F,2019-06-20,uvang@example.com,493-594-3398x14035,392 Johnson Isle Apt. 874,Turnermouth,Alaska,Burundi,58122,4
Mary,Turner,F,2014-12-05,nicolestewart@example.net,(345)968-5789x639,63406 Paul Lock Apt. 243,Brandonmouth,Hawaii,Jamaica,72010,3
Michael,Clark,M,2003-11-26,sullivanmichelle@example.net,879.828.0787x2852,10471 Roberts Flat Apt. 957,Lindseyshire,Alaska,Serbia,02422,2
Ethan,Schultz,M,1994-12-16,gomezstacey@example.org,001-815-228-6431x6161,27210 Mary Trafficway Apt. 162,Johnsonchester,Tennessee,Suriname,69299,2
Kelly,Stone,F,1995-08-06,micheleanderson@example.com,219-497-4209,3509 Casey Plaza Suite 876,Patrickfurt,Illinois,Uganda,41143,5
Diane,Murphy,F,1999-11-02,zsmith@example.org,678.460.1182x2265,538 Walker Vista,South Antonio,Illinois,Kenya,73774,3
Patricia,Hurst,F,2011-08-04,lmeyer@example.org,(505)211-1286,31029 Hernandez Trail,West Jack,West Virginia,Ghana,01740,1
Travis,Murphy,M,1997-08-27,cdaniels@example.com,(747)266-1078x837,347 Robert Harbor,South Sharon,Vermont,Morocco,64414,1
Bruce,Stanley,F,1971-02-03,samantha59@example.net,(469)435-5480x5482,873 Brown Green Apt. 989,Douglasville,South Carolina,Marshall Islands,00568,4
Heather,Herrera,M,1980-06-17,jennifer13@example.net,+1-552-250-8767x9500,483 Benson Drive Apt. 181,Port Todd,Utah,Iran,46866,3
Lori,Williams,M,2024-08-11,holmesdavid@example.net,715.829.3894x2259,481 Angela Avenue,Sandramouth,Virginia,Peru,11670,4
Danielle,Diaz,M,2021-10-24,christina46@example.com,(666)374-0010x479,36228 Bullock Village,Phillipsborough,Nebraska,Ireland,05293,1
John,Mcdonald,M,2003-11-08,bjohnson@example.net,(478)403-0959x862,2886 Sloan Trail Apt. 140,Lake Gregory,North Carolina,Cape Verde,47040,2
Christopher,Hinton,F,1974-01-20,bgonzalez@example.com,387-738-8945x779,65306 Golden Keys Apt. 856,New Johnburgh,Louisiana,Liberia,39699,3
Brittany,Ford,F,2020-03-02,oruiz@example.com,(786)366-7518,0571 Richard Ports Apt. 303,Maxwelltown,Maine,Thailand,04628,5
Jennifer,Hill,M,2000-05-20,theresajohnson@example.com,911-947-5588,96255 Gilbert Glens Suite 291,Silvashire,South Dakota,Saint Vincent and the Grenadines,63638,2
Eugene,Moore,F,2009-08-10,gfinley@example.net,(358)458-5433x48608,1795 Andrew Forge,Lake Justinstad,Iowa,Niue,98114,1
Nicole,Roberts,F,1982-10-03,aharris@example.net,(494)447-6164,93878 Adams Vista Suite 089,Palmerfurt,North Dakota,Albania,94597,3
Gregory,Wood,F,1973-09-03,ingramjustin@example.net,607-520-6257x021,5665 Michelle Parkway,Holmesville,New Mexico,Isle of Man,06080,5
Keith,Mckinney,F,1999-07-08,gilbertbaker@example.net,+1-791-566-7955x972,20025 Lisa Plaza,Derrickborough,Wyoming,Tunisia,14968,3
Brittney,Ferrell,F,2002-07-28,coxjoseph@example.org,+1-749-496-8269x3990,7659 Green Village Apt. 098,East Erika,Washington,Liechtenstein,36903,3
Erica,Miller,M,2025-08-21,jackfaulkner@example.com,219.384.5571x28210,256 Robinson Well,North Audreyhaven,Vermont,Solomon Islands,20959,4
Rebecca,Webb,F,2004-01-18,jennifer47@example.org,901.670.6589x5950,7788 Pierce Orchard Suite 721,Lake Johnland,Rhode Island,Uruguay,91563,1
Sarah,Wilson,F,2010-02-21,alexandersarah@example.org,+1-594-975-7685,85239 Amy Mission,Michaelfort,Washington,Ukraine,57522,4
Jillian,Watson,F,1980-01-29,kimberly78@example.com,970.814.9441x392,3389 Blackwell Extension,West Roseberg,Kentucky,Maldives,66501,3
Rebekah,Dean,F,1997-06-18,lweaver@example.org,697-573-2663,025 Justin Circles,Blakeburgh,North Dakota,Sierra Leone,72112,1
Jennifer,Torres,F,1995-03-31,kbrown@example.org,+1-316-393-3792x0425,9433 Ross Land Suite 056,East Anna,Georgia,Latvia,67290,4
Anna,Owens,F,1972-11-16,crystalpoole@example.com,001-400-672-0945x5142,789 Cuevas Mall Suite 253,Ellisonmouth,Ohio,French Polynesia,74273,3
Adam,Shepherd,M,2022-04-22,qhicks@example.org,965-690-6349x9284,93260 Clark Unions Suite 098,East Johnathan,West Virginia,Haiti,03222,2
Victoria,Hernandez,F,1973-12-11,smithdonna@example.net,(492)239-0350x594,291 Carpenter Park,Hunterhaven,Hawaii,Philippines,82724,1
Jose,Tran,F,1997-06-24,don77@example.net,(213)532-8530x0949,54941 Carol Cliff Apt. 425,South Margaret,New Mexico,Palau,90584,3
Angela,Sanders,F,2000-03-27,twheeler@example.net,001-367-498-2536x4635,7327 John Knolls Suite 407,North Brandonton,Vermont,Cape Verde,01442,5
David,Holt,M,1979-01-08,edward31@example.net,705-882-4325x31805,98580 Blake Run Apt. 703,East Scottmouth,Kentucky,Bhutan,94021,5
Michael,Moody,M,2014-11-20,dbarnes@example.net,+1-690-908-5525,6303 Jesse Springs Apt. 973,Port Carrietown,Arkansas,Guinea,91818,2
Nichole,Morgan,F,2019-11-16,kennethperry@example.org,(765)768-6507x784,15201 Deborah Plaza,Danielfurt,Alabama,Cape Verde,81078,5
Steven,Potts,M,1985-02-17,elizabeth06@example.com,5337848233,5567 Steven Dale,West David,Connecticut,Germany,70443,1
Natasha,Carey,M,1995-06-28,kbarrett@example.org,781-329-5674x9351,41562 Mercado Corner,Lake Tim,Minnesota,Guinea-Bissau,48100,5
Douglas,Caldwell,M,2017-01-13,crystal39@example.org,(239)577-9562x4211,40887 Young Flat Suite 205,Lake Reginald,New Mexico,Togo,51358,2
Chloe,Harris,M,1974-09-12,joanperez@example.net,(610)203-7689x575,52487 Daugherty Stravenue Apt. 168,Lake Belinda,Vermont,Saint Lucia,15981,2
Michael,Carr,M,2009-08-22,jameswalters@example.net,202-234-8721x71420,8592 Kevin Union Suite 188,Stephanieside,Massachusetts,Faroe Islands,30841,1
Susan,Jimenez,M,1974-01-29,janet38@example.org,+1-327-300-6515x754,060 Green Stream,Brendastad,Missouri,Saint Helena,34176,3
Denise,Douglas,M,1980-04-12,wcole@example.org,632-854-8771x536,77212 Stephen Port Apt. 798,Cochranport,Iowa,Saint Lucia,81730,2
Connie,Ball,M,2019-11-10,lauriemoore@example.com,+1-230-773-9718x913,66066 Miller Garden Apt. 276,Smithshire,Texas,Italy,81366,5
Matthew,Potter,M,1989-06-28,zvaldez@example.org,6472984320,484 Wilson Stravenue Suite 749,Lake Sara,North Dakota,Gambia,62623,3
Jennifer,Fernandez,M,1986-07-22,cameron25@example.com,+1-726-431-4360,2201 Salinas Knolls,South Emilymouth,Wyoming,Iran,69608,1
Bryan,Santos,M,1998-10-30,sherrythompson@example.net,+1-244-408-0990x1309,325 Gibbs Trail,Bestmouth,Maine,Greenland,36277,3
Alexander,Mcgee,F,1987-08-22,gravesamy@example.com,(609)636-2588x4914,569 Angela Plains,Archerstad,Kentucky,Pitcairn Islands,07728,2
Matthew,Woods,M,2020-09-30,kevin37@example.org,322-856-0846,5917 Shelby Dale Apt. 947,Bakerburgh,New Mexico,Ecuador,73577,4
Michael,Garza,M,1976-01-12,kimgill@example.net,5288573872,4212 Cameron Alley Apt. 407,Thompsonmouth,Pennsylvania,Gambia,35734,3
Keith,Drake,M,2004-12-08,sherimyers@example.com,(459)935-8868,49165 Rita Crescent,Phillipsberg,New York,Ethiopia,38447,1
David,Brady,M,1997-03-24,dgonzalez@example.org,6009439827,96877 Christopher Glens Suite 628,Veronicaborough,Montana,North Macedonia,66608,4
Jennifer,Jacobs,F,2014-12-22,daniel59@example.net,945.555.0470,87451 Michelle Viaduct,New Karen,Missouri,Wallis and Futuna,92954,4
Amanda,Bond,F,1986-01-12,jacobsmichael@example.net,214.308.7485,0028 Sharon Canyon Suite 629,West John,Washington,Kyrgyz Republic,90283,4
Justin,Jones,M,1970-05-31,nsmith@example.com,487.367.5150,90356 Ballard Square,West Jenniferview,New Hampshire,Jersey,75499,2
Richard,Hansen,F,1979-04-12,njones@example.org,4277227281,873 Justin Trail,North Kristieshire,Arizona,France,14679,2
Sean,Chandler,F,1970-02-11,reidolivia@example.net,667-601-5807x8507,254 Lee Cape Apt. 644,Scottside,Vermont,Seychelles,61883,1
Sean,Cook,M,2024-02-20,qrojas@example.org,836.647.0058x3912,2766 Amanda Center,New Ashleyland,Montana,South Africa,56046,5
Rachel,Nichols,M,2003-03-11,ipalmer@example.org,974.638.2820,37964 Daniel Valleys,Jameshaven,Maine,Albania,30748,5
Edward,Powers,F,1983-03-14,mariaoconnor@example.net,799.537.4534x8286,4652 Christensen Unions,Davidchester,North Carolina,Brazil,16970,5
Maureen,Martin,M,2003-02-12,mfrench@example.org,001-833-460-9184,61830 Eric Viaduct,Briannastad,Texas,Suriname,65575,5
Amber,Fletcher,M,1986-03-31,jasmine30@example.org,001-990-348-2490x166,9329 Romero Inlet,Loritown,Michigan,Burkina Faso,57631,5
Margaret,Knight,M,1998-05-30,scott04@example.net,742.875.0539x0393,83969 Morton Street Suite 676,Abbottton,Delaware,Lebanon,27782,3
Sandra,Lee,M,1993-11-11,edwin83@example.net,+1-888-580-4057x27045,78953 Trevino Hills,South Michael,Missouri,Turkey,44231,1
Timothy,Marquez,M,2014-07-21,rrivas@example.net,001-343-308-7058x044,363 Quinn Centers,Larrymouth,West Virginia,Moldova,82751,5
Amber,Wheeler,F,1982-07-14,hannah32@example.org,511.319.7631,917 Cunningham Forest Suite 356,Feliciaside,Illinois,Guinea-Bissau,34383,3
Anna,Dixon,F,1988-09-15,caroline38@example.com,736-617-7717x235,335 Sullivan Throughway Apt. 782,Hughesmouth,Rhode Island,Guatemala,59327,2
Jonathan,Mccormick,F,2025-09-08,stephanie95@example.org,265-973-8882x13493,31450 Gonzalez Court Apt. 848,East Thomasport,Illinois,Palestinian Territory,49186,2
Nicholas,Martin,M,2012-12-15,mgomez@example.org,(624)371-3970,582 Frye Dale Suite 316,Brandtside,Pennsylvania,Somalia,31481,4
Larry,Brooks,F,1980-12-07,lucas83@example.net,(503)534-4047x723,26993 Catherine Villages,Lake Kimville,Oregon,Indonesia,76656,1
Marissa,Taylor,M,1982-08-29,torresamy@example.com,3983820871,93526 Angela Hill Suite 622,Toddburgh,Illinois,Dominican Republic,99611,4
Jamie,Larson,M,1982-08-23,michaelnixon@example.net,778-991-9448,52349 Padilla Stream Apt. 211,Williamside,Texas,New Caledonia,24428,4
Michael,Evans,F,1980-05-13,cgarner@example.org,938-731-3124x01405,942 Andrew Rest Apt. 729,Stephensonbury,Pennsylvania,Malawi,93588,5
William,Velasquez,M,1992-04-16,holmesruben@example.com,842-438-2773x87252,0669 Dustin Views Suite 839,Hannahton,Georgia,Iraq,46220,2
Martin,Dennis,F,2007-05-15,smithashley@example.net,+1-644-568-1338,651 Cruz Keys Suite 585,Jonathanfurt,Nebraska,Papua New Guinea,94101,1
Nicholas,Morales,F,1977-03-26,jake96@example.org,(703)555-4535x95376,4704 Dwayne Stream Apt. 657,Jacksonfurt,Michigan,American Samoa,44769,5
Melissa,Myers,M,2011-10-21,gyoder@example.org,+1-541-875-5580x117,841 Stephanie Pike Suite 003,Port Loritown,Nevada,Puerto Rico,91212,3
Kenneth,Hernandez,F,2011-07-23,lydia67@example.net,+1-622-296-9477,4505 Carol Canyon,North Michaelland,Pennsylvania,France,84618,2
Cory,Campbell,F,2008-05-29,michael94@example.com,599-906-3317,3976 Michele Cliff,East Margaretmouth,Alabama,Algeria,97917,1
Andre,Wilson,F,2015-03-22,tranamanda@example.com,+1-912-746-0339x8474,7856 Ricky Villages,Walshland,Vermont,Sri Lanka,58651,3
Joshua,Klein,F,1994-05-20,hardyashley@example.org,001-289-382-4864x3550,4354 Simmons Locks Apt. 907,Port Darinville,Massachusetts,Lebanon,59364,3
John,Chapman,M,2003-04-08,gkrueger@example.org,+1-942-481-7679x10259,89579 Samuel Fields,Stevenchester,Idaho,Somalia,17092,5
Christopher,Gould,F,2002-11-12,sturner@example.org,636-551-3901x477,15952 Garcia Shores Suite 774,Briantown,Florida,Sweden,16398,5
Ebony,Lopez,F,2017-04-24,villegascrystal@example.net,+1-507-751-4830x81980,5085 Anthony Pass,Bakermouth,Kansas,Cote d'Ivoire,81286,3
Angela,Hernandez,M,2017-02-09,dylandonovan@example.net,+1-490-578-9659x084,7466 Sanders Pines,New Adamview,Minnesota,Kuwait,13004,2
Benjamin,Snyder,F,2019-06-20,melissatorres@example.com,677.909.0246x7019,756 Dustin Plains Apt. 383,Port Brandonhaven,Massachusetts,Egypt,88151,2
Jasmine,Reid,F,2003-04-28,jeffrey21@example.com,825-804-9088x6061,993 Cross Summit Apt. 350,Port Amanda,Oklahoma,Cocos (Keeling) Islands,91249,2
Gabriella,Lopez,M,2022-03-05,scottbuchanan@example.org,+1-717-460-2684x93178,166 William Manors Apt. 991,New Bonnie,Utah,Morocco,38681,1
Jeffrey,Vazquez,F,2025-08-17,tina99@example.com,(373)753-5392,93831 Smith Squares,Port Brandonfurt,Alabama,Macao,05104,5
Jacob,Brown,M,1986-10-02,james68@example.org,001-836-968-9257x9516,377 Shawn Gateway,Carlsonstad,Kansas,Costa Rica,40930,5
Victor,Walsh,F,1976-10-17,jacquelinepitts@example.com,+1-732-630-3963x2168,2327 Michelle Plain Suite 737,Lewisville,Pennsylvania,Trinidad and Tobago,50585,4
Alexis,Flynn,M,1970-05-08,ttapia@example.net,(596)204-8668,994 Lisa Branch Apt. 392,Joshuafurt,New Hampshire,French Southern Territories,12045,1
Jacob,Hess,F,2004-06-23,bowmantommy@example.org,553-330-8541,94302 Glenn Stravenue Suite 737,West Richard,Minnesota,Hungary,41105,4
William,West,M,2021-07-06,coffeyjessica@example.com,+1-299-338-4471x79101,9964 Solis Plaza Apt. 194,Lake Cynthiastad,New Mexico,Holy See (Vatican City State),06764,2
Joshua,Taylor,M,2005-06-16,taylorcourtney@example.org,+1-558-923-2162x27929,96614 Kelly Roads Suite 432,East Jessica,Nevada,Micronesia,76952,5
Megan,Bell,M,1989-08-23,emilytorres@example.org,630.326.0839,3959 Nichols Circles Suite 603,Susanton,Michigan,Myanmar,70772,3
Traci,Ball,F,1998-12-03,angel06@example.com,889.811.3752x3228,04091 Odonnell Fork Apt. 632,South Jennifer,New York,Ethiopia,77084,1
John,Jackson,M,2000-10-16,jdonovan@example.com,391-901-5151x9820,873 Love Fork Apt. 556,Jacobstad,Arizona,Slovakia (Slovak Republic),49249,4
Katherine,Collins,M,2020-05-18,dbrown@example.com,(445)831-5572,500 Jonathan Street,Garciamouth,Connecticut,Solomon Islands,86317,4
Charles,Smith,M,1981-12-27,ywright@example.com,+1-495-979-9058,884 Dawn Fall Suite 046,Josephmouth,Nebraska,Russian Federation,81136,3
Christina,Adams,F,1991-08-21,lynnjamie@example.com,671-341-7818x18594,59913 Klein Canyon Apt. 086,Tammyview,Arkansas,Mongolia,46638,1
Phillip,Watkins,M,2010-12-04,christinahuber@example.net,+1-479-777-7734x6952,7505 Thomas Extension Suite 138,Danielmouth,New Jersey,Uzbekistan,11775,3
David,Clayton,M,2019-05-22,pearsonpaul@example.org,001-655-812-0112,277 Emily Place,Williamsborough,West Virginia,Faroe Islands,98675,2
Gary,Brooks,F,2017-12-21,james66@example.org,(798)704-9963x170,369 Kelsey Ramp,Edwardburgh,Georgia,Myanmar,13097,4
Amanda,Bowen,F,2015-06-10,kevin67@example.net,001-242-631-1297x644,2659 Bennett Harbor Suite 228,Taylorfurt,Maine,New Caledonia,38286,3
Stacey,Hernandez,F,1980-03-08,jamessmith@example.org,8604589761,198 Brian Drives,Lake David,North Carolina,Sierra Leone,58335,4
Jacob,Hernandez,M,2005-06-25,valerieroy@example.org,(430)800-4675x2605,7394 Alexis Row Suite 748,Port Karenside,Michigan,South Africa,90302,4
Johnny,Reed,F,1995-07-03,shanelopez@example.org,(544)527-9346,635 Joshua Parks,Jacobtown,North Dakota,Solomon Islands,35353,4
Frank,Walker,M,1991-11-04,gonzalezmolly@example.net,+1-497-769-1536x0767,680 Justin Land,Lisahaven,South Dakota,North Macedonia,19319,1
Jennifer,Prince,M,2020-01-22,clintonmclaughlin@example.com,975.612.7815,417 Armstrong Junction,Colefurt,Pennsylvania,Brunei Darussalam,83424,1
Bryan,Gomez,M,1991-05-03,ureynolds@example.com,(596)870-4650,2672 Glenda Burg Apt. 588,North James,Rhode Island,Jordan,02338,4
Kim,Fields,F,2012-07-01,kendra70@example.com,508.963.0778x6499,5490 Edwin Dale,Lake Antonio,New Hampshire,Guernsey,13267,4
Andrea,Dalton,M,1998-03-20,michelleprice@example.com,901-807-6165x73788,59428 Smith Cliff Suite 535,Lake Lisaport,Colorado,Korea,68966,2
William,Jackson,M,1986-03-05,gregory86@example.net,239-248-1001x8185,2741 Stephanie Causeway,Gatesport,Rhode Island,French Southern Territories,88127,4
James,Mclaughlin,F,2019-07-19,keithmartinez@example.org,001-886-289-7072x401,10112 Travis Landing Apt. 760,East Georgeville,Arkansas,Mauritania,79078,3
Laura,Gill,M,1978-07-13,tonyadavis@example.net,+1-790-946-6787x20474,56537 Martin Park Suite 304,Jonesport,California,Guam,58267,5
Maria,Taylor,F,2010-10-10,pwilkerson@example.org,(915)813-0417,8706 Joshua Ridge Apt. 959,Greenbury,Oregon,India,35265,3
Lisa,Wheeler,F,1994-11-23,paula82@example.org,855-576-8927x554,6685 Barnes Groves Apt. 401,Maddenberg,Alabama,Kazakhstan,72632,2
Arthur,Jackson,M,2002-07-07,awoodard@example.net,(678)732-8931x76214,993 James Row,North Bryanland,North Dakota,Bahamas,43364,5
Crystal,Holland,F,1995-05-25,virginia76@example.com,+1-798-472-1322,1491 Martinez Mill,Herreraborough,Indiana,Russian Federation,65551,3
Thomas,Keller,F,2012-10-11,ryanfisher@example.com,001-917-529-6464x512,631 Roberto Hollow Apt. 315,Kimberlyfort,North Dakota,Niger,32737,4
Joseph,Olson,M,1991-11-03,josephcrystal@example.com,966-547-4328,54288 Kimberly Radial Suite 265,Wallmouth,Maryland,Korea,87293,1
Christopher,Greer,F,2002-12-02,amychambers@example.net,+1-718-574-8059x0388,38395 Williams Cove,West Robert,Massachusetts,Bhutan,29300,5
Tonya,Salazar,F,2005-05-08,michelefernandez@example.net,913-448-4896x6023,68039 Jennifer Valley Apt. 689,North Brianberg,Georgia,Heard Island and McDonald Islands,02785,1
Alexis,Johnson,F,2025-03-09,richardsbrad@example.com,(732)405-0683x846,70156 Higgins Trail,Marshallshire,Kentucky,Liechtenstein,03335,2
Sherri,Perkins,F,2006-03-21,christopher31@example.com,001-365-333-9927,41531 Kirk Fields Suite 988,North Larryburgh,Oregon,Cape Verde,32285,5
Leah,Thomas,F,1997-09-30,zachary28@example.org,001-647-959-4605,347 James Landing Suite 778,Robinsonshire,North Carolina,Pakistan,61716,1
Kimberly,Aguilar,F,2015-11-14,joshua43@example.net,001-992-945-7880x69693,2078 Kimberly Haven Suite 188,Butlermouth,Maine,Belize,80511,1
Jennifer,Snyder,M,2012-05-18,gregoryspencer@example.com,(814)635-7131,09880 Williams Ridges Suite 097,Port Kellyhaven,New Hampshire,New Caledonia,99145,5
Rachel,Green,F,1981-10-25,tammyhenson@example.net,820.248.1318x6660,43389 Cindy Rest,Scottshire,Oregon,Eritrea,68953,1
Jose,Campbell,F,1975-09-26,tiffanywalton@example.org,276.629.0337x980,780 Robert Summit Suite 670,Blackberg,Missouri,Egypt,16296,5
Mark,Davis,M,2023-08-21,udavis@example.org,(823)380-6648,4562 Shelly Pines,Hardychester,Michigan,Indonesia,15377,4
Sarah,Harris,M,2012-11-08,douglas31@example.net,714-375-6426,97802 Navarro Run,Chrisville,Colorado,Guadeloupe,75985,5
Daniel,Lucas,M,2003-03-14,hallstephen@example.org,001-315-647-4174x2812,94457 Vaughn Mills Apt. 220,North Ericmouth,Illinois,Cocos (Keeling) Islands,53067,1
Richard,Morgan,M,2002-05-16,yevans@example.org,911.245.3336,51950 Willis Crossing Apt. 276,East Johnstad,Alabama,Israel,33175,3
Paul,King,F,1985-02-12,devon76@example.com,001-904-980-5506x3601,53298 Charles Inlet,South Wesleymouth,Maryland,Oman,77101,3
Diane,Johnson,M,2004-12-11,zwilson@example.org,317.329.0122x853,997 Robert Junction,Andrewville,New York,Palestinian Territory,26568,2
Amanda,Barber,M,2006-05-29,matthewguzman@example.org,705.722.7422,6510 Colleen Mission,Karenbury,South Carolina,Montenegro,10030,1
Daniel,Carr,F,2000-11-15,ortizjose@example.net,(507)619-1614x581,02576 Valerie Crossing Suite 861,Reyesburgh,West Virginia,Madagascar,18927,1
Amber,Morgan,M,1986-03-11,preston75@example.com,6023291246,4622 Jerry Cliff Apt. 071,North Peterville,Maine,Cambodia,40550,2
Laura,Johnson,F,2011-06-23,donna09@example.com,+1-756-327-3674x50867,940 Kirby Ports Suite 803,Santanaborough,South Carolina,Uganda,20859,2
Tyler,Powers,F,2013-11-11,mark32@example.net,+1-995-435-2928x8356,79848 Deborah Viaduct,Karentown,Wisconsin,British Virgin Islands,37931,3
Steven,Miller,F,1992-10-02,bharris@example.com,403-973-2208x6395,02609 Thomas Lodge,Rogershaven,Arizona,Singapore,10046,4
Jesus,Hopkins,F,1974-08-13,mary23@example.org,(458)960-3084,6548 Douglas Stravenue Suite 580,Jeremyfort,Kentucky,Turkey,84625,4
Melinda,Newman,M,2014-01-22,pwilliams@example.net,+1-329-608-1356x1401,868 Bradley Island Apt. 062,Williamsfort,Ohio,Hong Kong,25783,5
James,Rogers,M,2025-03-05,fpowell@example.org,424-513-8630x5027,916 Garcia Pike Apt. 661,Port Robinchester,Rhode Island,Andorra,98711,4
Justin,Myers,M,1980-01-01,bberry@example.com,677.201.2100x601,4417 Hoffman Walk,Grantview,Alaska,Iceland,17483,5
Sandra,Greer,M,1981-04-01,loriparker@example.net,001-758-252-0578,1000 Jones Village Apt. 681,Lake Davidburgh,Tennessee,Isle of Man,24028,1
Erica,Green,M,1991-03-18,ashleyjones@example.com,627.787.9984x6290,79889 Nguyen Turnpike,Port Daniel,Alabama,Portugal,41694,3
Harry,Parrish,M,2025-09-05,ramireztonya@example.net,464.211.3751,554 Jacob Path Apt. 925,North Rita,Maryland,Micronesia,70308,1
Briana,Ortiz,M,1987-07-11,boonejeffrey@example.net,209-724-1513x74651,09724 Wesley Plains Suite 134,North Brandonhaven,Connecticut,Bangladesh,73389,5
Dylan,Johnson,F,1986-10-01,deannabrown@example.com,+1-216-487-3669,5874 Pace Pass Apt. 619,Taylorborough,Kansas,Maldives,30774,1
Mark,Alexander,F,2017-06-01,mark74@example.org,001-654-659-6727x609,29628 Ruiz Wall,Ricardomouth,Hawaii,Ukraine,28276,2
Jason,Clements,F,2004-09-10,alexisdeleon@example.org,930.531.1494x6064,7207 Susan Point Apt. 012,Hayesville,Montana,Chad,13404,1
Shelia,Johnson,F,2014-03-22,matthew32@example.com,+1-703-972-5747,9414 Salazar Route,North Alan,New Hampshire,Bangladesh,74090,2
Calvin,Rangel,M,1995-10-01,cobbregina@example.org,001-317-819-2527,994 Underwood Curve,New Matthew,South Dakota,Netherlands,91123,4
Joseph,Oconnor,M,1986-10-24,robertgreen@example.net,+1-703-651-1830,360 Arthur Point,North Sandrahaven,Kentucky,Kenya,63037,5
Elizabeth,Brandt,F,2024-05-21,jamiecox@example.org,001-915-388-8304x5024,18661 Michael Springs,North Donna,New Hampshire,Armenia,19268,4
Kaitlyn,Gregory,M,2017-10-17,stephen03@example.org,+1-372-396-7766,308 French Isle,Travismouth,New Jersey,Aruba,63657,4
Terrance,Rivera,M,2005-06-03,robertsmith@example.net,(641)561-3741x36354,62365 Knapp Cliff Suite 506,West Stephen,Oregon,Comoros,76741,3
Christopher,Holt,M,2020-03-13,earlharris@example.org,001-206-273-6677x1082,2524 Kim Isle Suite 652,Johnsonborough,New York,Heard Island and McDonald Islands,40210,2
Michelle,Rodriguez,M,2007-11-25,smitheric@example.com,(546)854-6435x51695,42178 Mooney Shoals Apt. 900,Bradleyshire,Wisconsin,United States Minor Outlying Islands,12740,3
Jason,Hudson,M,2022-10-22,erica95@example.org,570.703.4561,7500 Cervantes Harbors Apt. 533,South Betty,Utah,Ecuador,06400,1
Thomas,Gomez,M,1989-02-13,arichards@example.net,001-408-745-2956x479,974 Brenda Prairie Apt. 824,North Krista,Arizona,Gambia,27115,4
Ann,Sandoval,F,1995-08-18,matthew91@example.org,(489)864-5264x26162,28980 Sarah Skyway,Heatherville,Maine,Palestinian Territory,14895,3
Evelyn,Barrett,F,2011-05-06,ryanoliver@example.net,659-370-1340x3345,8007 Ramirez Vista Suite 249,Reneeborough,Florida,Sierra Leone,40749,3
David,Lane,F,2002-03-08,mackrobert@example.com,+1-263-902-6286x17143,540 Stacey River,South Veronica,Hawaii,Croatia,75013,1
Sherri,Thompson,F,1980-09-28,maxwellkatherine@example.net,719.745.7883x66157,96672 Wagner Parks Apt. 496,Lake Josefurt,North Carolina,Cameroon,68576,5
Sarah,Mayer,M,2006-12-23,sarah23@example.org,001-760-515-5834,796 Kevin Ramp,New Judyborough,Hawaii,Iraq,75962,2
Larry,Vaughan,M,1996-12-09,vthomas@example.org,(720)631-0083x39754,2468 Victoria Ford,Garyshire,South Dakota,Greece,24032,2
Melissa,Rogers,M,1974-10-08,ecain@example.net,(412)942-7540x292,33290 Stephanie Shoal Suite 405,New Mark,Indiana,Botswana,06503,2
Dustin,Thompson,F,1993-03-27,jennifer35@example.com,257.375.0274x80999,85320 Hernandez Cliffs,Coleborough,New Jersey,Paraguay,45255,3
Christopher,Patterson,M,2002-05-20,yhughes@example.net,(773)716-3984x220,306 Gordon Crescent,West Joy,Nebraska,Samoa,39485,2
Jennifer,Morgan,M,1981-02-16,kathleenallen@example.com,+1-910-847-4955x6112,60525 Eric Tunnel Apt. 840,Patrickburgh,Missouri,Serbia,70757,2
Heather,Grant,M,2022-03-04,combsadam@example.net,235-365-3729x44445,882 Carter Radial,Johnville,Iowa,Georgia,96070,4
Fernando,Harris,F,1980-03-15,bakerpatricia@example.net,+1-635-675-9941,826 Mcbride Parks,Nixonmouth,Indiana,Taiwan,04384,2
Tracy,Johnson,F,1979-09-06,shieldssusan@example.net,001-949-548-6327x94139,552 Scott Unions Apt. 925,North Megan,Ohio,Lebanon,59629,3
Peter,Tucker,F,2019-03-08,soliver@example.com,319-440-9159x6337,01092 Moreno Estate,West Kimberly,Maryland,Jamaica,76891,3
Carla,Jordan,M,2012-09-15,marygray@example.net,001-811-969-9070,6825 Jackson Roads,Watkinsmouth,Arizona,Marshall Islands,66078,1
Erika,Dunn,M,2007-08-14,mark28@example.org,(861)260-2340x98249,785 Miller Turnpike,Hernandezstad,Oklahoma,Barbados,62785,1
Matthew,Thomas,F,2017-10-09,elizabeth27@example.org,+1-669-937-4216x6117,658 Wright Circle,East Maria,Alabama,Singapore,54738,1
Michelle,Armstrong,M,2016-02-29,byrdjames@example.net,294-609-4997,36919 Kimberly Mills Suite 207,West Rachel,California,Vietnam,82594,4
Anthony,Williams,F,2021-11-14,rogersalicia@example.net,+1-417-765-8099x052,422 Christopher Locks,Jensenfurt,Rhode Island,Peru,74071,4
Justin,Wolf,F,2006-05-29,lpowers@example.org,(916)375-2939x2358,9611 Potter Lodge Apt. 802,Robertstad,Arkansas,Georgia,77545,3
Wendy,Dunn,M,2025-11-17,boothdale@example.net,610.840.8247x709,2967 Owens Camp Apt. 990,Port Tara,Vermont,Turkey,69608,2
Miguel,Smith,F,1988-04-18,vgates@example.org,(521)959-0163x852,6469 Mcknight Plaza Suite 177,Port Ashleyport,Texas,Saint Martin,57503,2
Leslie,Trevino,M,2024-01-29,jasonsloan@example.com,001-542-615-7053x4882,934 Smith Crest Suite 913,New Vanessa,Iowa,Mexico,73367,4
Joshua,Mooney,M,2024-09-15,tina84@example.com,+1-352-909-4077x403,493 Blackwell Canyon Apt. 857,New Nancytown,Georgia,American Samoa,49481,1
John,Hall,F,1988-01-28,nunezdavid@example.org,805-822-3591x65085,0016 Robinson Greens Apt. 266,Coleport,New Jersey,American Samoa,55625,3
David,Cummings,F,1980-09-13,gonzalezkaitlin@example.org,972-979-2076,5268 Dawn Ranch Suite 047,Victoriaport,Kansas,Andorra,20594,2
John,Wilson,M,2018-01-04,sarah31@example.net,370-360-3447x5927,396 Dustin Fall,Port Michael,Oregon,Norfolk Island,37379,1
Michael,Rodriguez,F,2018-03-07,dawn53@example.com,001-961-748-0336x1445,5424 Rios Valley,Strongland,Texas,Sweden,42903,5
Heidi,Glass,M,2013-03-12,nalexander@example.com,620.302.0767,3147 Greer Point Apt. 881,Jonesmouth,Massachusetts,Bouvet Island (Bouvetoya),72961,1
David,Murphy,F,1996-06-09,michaelbutler@example.org,001-489-452-5682x530,97608 Stuart Locks Suite 030,North Michellestad,Mississippi,Lao People's Democratic Republic,46797,2
Jessica,Martin,M,2000-04-06,brittany52@example.net,(352)486-5697,56622 Carey Brooks,Barneschester,Hawaii,Antarctica (the territory South of 60 deg S),06515,3
Erik,Holmes,F,1984-04-01,xhernandez@example.org,408.672.2113x29840,446 Michael Oval Suite 383,Emilyfurt,Virginia,Paraguay,32833,2
Joshua,Sanchez,M,2000-10-29,nicolepeters@example.com,395.278.2567x5292,073 Caldwell Parks Suite 037,West Tracy,Minnesota,Jordan,56219,1
Nicholas,Levine,F,2013-12-02,vanessa39@example.org,586-232-5658,7666 Henson Fall Suite 119,New John,Kansas,South Africa,42110,1
Luis,Brown,F,2018-02-14,paulmorales@example.net,704.349.0454,1553 Joseph Plain Apt. 764,Edwardsport,Kentucky,Tokelau,81261,5
Austin,Gilbert,M,1985-10-10,zpadilla@example.com,509.853.0736x423,06523 Kenneth Springs,New Ambershire,Illinois,Portugal,58110,2
Jennifer,Ball,F,1993-12-04,anne95@example.net,001-506-708-0051x9427,50772 Saunders Rest Suite 864,Port Mitchell,Montana,Mauritania,36710,3
Francisco,King,M,2025-12-13,amandachambers@example.org,(465)668-1148x3229,035 Miller Key,South Thomas,Colorado,Singapore,01646,5
Kenneth,Beasley,F,2025-03-20,derrick86@example.com,(697)446-7540,892 Debra Shore Suite 168,Lake Bryanburgh,Arkansas,Chile,15212,3
Jill,Young,F,1975-04-25,ebonypeterson@example.net,467-645-0758x10438,79027 Autumn Estate Apt. 381,Port Petermouth,Georgia,Lithuania,03060,2
Amanda,Frank,M,2020-11-20,castrokevin@example.com,832-589-1936x27323,747 Stephanie Islands Apt. 027,Delgadoshire,Alabama,Cuba,41376,3
Jose,Hernandez,M,2015-02-16,carol70@example.net,(498)478-2354x91315,0957 Moss Manor,Port Jeffreyhaven,North Dakota,Grenada,27710,4
Chad,Quinn,F,2006-05-21,bdickerson@example.com,533-362-3265x82114,18030 Brown Islands,North Debra,Missouri,Bahrain,99341,3
Ethan,Williams,M,2003-05-28,matthewortiz@example.org,+1-343-224-7024x68926,0472 Paul Via Apt. 502,South Robertville,Nebraska,Zambia,66207,2
Juan,Gibbs,F,2008-06-14,pattonanthony@example.net,540.581.3063,49017 Meyer Hill Suite 523,East Anthonyhaven,Wisconsin,Taiwan,30639,5
Brooke,Cole,F,2006-12-23,iharvey@example.net,+1-437-264-6740,14135 Adams Forges Apt. 953,Reesehaven,Arkansas,British Indian Ocean Territory (Chagos Archipelago),05252,1
Zachary,Christian,F,1992-11-11,hannahwright@example.org,(852)880-6940x3525,8980 Moody Mission,Patrickport,Kansas,Tunisia,74553,1
Peter,Krause,F,1974-04-17,amanda51@example.org,(756)991-8976x6959,427 Jason Way Suite 176,East Jeffrey,Wisconsin,Algeria,05466,4
Maria,Baxter,F,2014-04-07,harrischristopher@example.net,6483084641,5812 Mack Island Apt. 687,Freemanmouth,Arkansas,Niue,03876,4
Jessica,Moses,F,1980-03-19,stephenlamb@example.com,(817)979-9567,94856 Nicholas Brooks,Perezchester,Mississippi,Yemen,61907,2
Ryan,Powell,F,1995-10-18,kellyandrade@example.net,001-676-214-2094,294 Julian Plaza Apt. 406,New Lisabury,Hawaii,Saudi Arabia,93708,3
Holly,Boyer,F,1996-01-15,kimberly24@example.org,001-446-629-7658x72342,954 Connie Row Suite 515,Lake Royborough,Georgia,British Virgin Islands,90324,3
Angela,Alvarado,M,2006-07-09,grossjean@example.net,001-525-325-5491x108,578 Katherine Ferry,Lake Johnchester,Alabama,Andorra,40518,2
Benjamin,Bryant,F,1988-12-04,jennifer30@example.org,440-875-0040,66673 Jessica Coves,New John,California,El Salvador,36254,5
Maria,Lawson,F,1993-03-03,christopherbishop@example.org,879.675.5631x4516,1778 Kenneth Court Suite 712,West Joy,Montana,Solomon Islands,77890,5
Anthony,Cunningham,M,2015-11-19,ryanberry@example.net,351-674-5363x01895,951 Dawn Prairie,Carneytown,Texas,Italy,23844,3
Penny,Lowe,F,1984-09-25,jeremiah98@example.org,537-701-7820,758 Sandra Bypass Apt. 224,Kaylaton,Illinois,Belize,20161,1
Peggy,Wilson,M,1977-05-20,robin95@example.net,581.793.5738x211,56875 Jason Fall Suite 658,Savannahport,Arizona,Haiti,93779,1
Shirley,Chambers,F,2016-08-29,joshuarogers@example.com,(905)489-9017x090,403 David Burg Suite 814,Port Jesse,Ohio,Moldova,41865,4
Courtney,Kim,M,1998-04-12,fhaynes@example.com,651.228.2888x905,66158 Katherine Trafficway Apt. 899,Sandraburgh,New York,Kenya,38117,4
Elizabeth,Vazquez,M,2013-02-21,jamesrobbins@example.net,(399)602-4488,631 Richard Roads,Lake Tonya,Iowa,Guadeloupe,71468,5
Karen,Martinez,F,1971-07-21,danielle62@example.org,(415)841-2335,16093 Angela Isle,West Tinahaven,Idaho,Montserrat,62198,1
Michael,Brooks,F,1992-10-28,andrewpearson@example.com,642.946.6019,74619 Matthews Park Apt. 531,West Eric,Mississippi,Antarctica (the territory South of 60 deg S),15758,5
Travis,Moore,M,1979-10-14,jmartin@example.com,586.291.0799x1871,2545 Collins Corners Apt. 950,New Dominiqueton,Ohio,Tonga,12522,3
Victor,Jones,M,1981-07-13,rogervasquez@example.com,974.206.0581x738,9306 Morse Creek,Amyville,Missouri,Hong Kong,17805,2
Shelly,Guerra,M,2012-10-09,mccallalyssa@example.com,(460)793-3959,549 Sullivan Via,Williamland,Alabama,Mauritania,26726,3
Benjamin,Collins,M,2024-11-05,aliciazimmerman@example.net,995-832-4654,666 Guerrero Parkways Apt. 158,New Jason,Maryland,Guinea,86711,1
Dennis,Ortega,F,1971-09-09,nicolefrank@example.org,001-590-283-8397,827 Ellis Loaf Suite 184,Parkerside,Alabama,Myanmar,58976,1
Brandy,Patrick,F,2011-10-21,karen08@example.org,001-478-822-2077x32157,72593 Martinez Branch,South Moniquestad,Michigan,Belize,19384,2
Marc,Carpenter,M,2011-01-12,bennettlori@example.net,723.845.5819x26649,546 Danielle Squares Apt. 963,Matthewshaven,Arizona,Samoa,38646,4
Jasmine,Gallagher,F,1983-08-09,johnsmith@example.org,(267)908-5191x425,096 Tran Shoals Suite 925,East Katiebury,Wisconsin,Bangladesh,06272,3
Russell,Williams,M,1991-11-30,draketimothy@example.net,+1-288-722-5191x75135,322 Robert Ports Apt. 231,Port Catherine,Minnesota,Cote d'Ivoire,14376,4
Patrick,Johnson,M,2011-07-22,patrick30@example.org,677-870-2762x24380,41803 Gonzalez Prairie Suite 308,North Earlberg,Georgia,United Arab Emirates,14719,3
Jennifer,Clark,M,2025-02-11,emily52@example.com,+1-555-470-4521x84354,315 Ryan Underpass Suite 967,North Nicholas,Minnesota,Montenegro,52088,2
Ruth,Peters,F,2022-02-26,johnsondaniel@example.org,(244)922-4922x526,82090 Johnson Bridge Suite 985,Branchberg,New Jersey,Panama,38320,4
Matthew,Campbell,F,1990-12-09,michaelhall@example.com,907.815.5839x096,0147 Sullivan Extensions Apt. 324,Huntermouth,Georgia,Aruba,61658,3
Warren,Jones,F,1988-01-22,rsmith@example.org,565.379.1200,755 Gomez Hill,Gomezborough,New Hampshire,Estonia,50299,2
Natasha,Smith,M,1986-07-09,juan28@example.com,459-214-2278,69204 Lisa Trafficway Apt. 210,Karenside,Ohio,El Salvador,57209,3
Susan,Jefferson,M,1999-10-16,danielwiley@example.com,001-678-633-2516,007 Michelle Meadows,South Amanda,Mississippi,Ecuador,16203,3
Shannon,Fisher,M,1994-04-08,richard93@example.org,(242)329-6332x006,9238 Marcus Hollow Suite 907,Julieview,Mississippi,Ethiopia,21406,3
Ryan,Marshall,F,2020-04-09,theodore64@example.org,501-201-2489x763,9235 Garcia Camp,West Jenniferchester,Washington,Timor-Leste,83778,5
Jessica,Thompson,M,1991-02-12,perezjennifer@example.com,690-834-1906,264 Smith Rue Suite 240,North Kellyhaven,Vermont,Tokelau,89603,1
William,Thomas,F,2003-07-20,travis42@example.net,+1-270-708-0820x252,44411 Nathan Gardens,North Deniseview,Idaho,Saint Pierre and Miquelon,96137,3
Tracy,Campbell,F,1992-07-11,andre00@example.com,344-441-5599x41777,436 Paul Extension Suite 186,East Jennybury,Maryland,Falkland Islands (Malvinas),84591,2
Brett,Dixon,M,2012-12-02,tcox@example.net,001-709-761-3370x73740,489 Brown Knoll Suite 963,Bennettfort,Illinois,Martinique,58476,2
Michael,Cain,F,2024-06-24,ashleyvazquez@example.com,001-533-443-9470x0803,5915 Jones Loop,West Caitlin,Michigan,Eritrea,26487,2
Brandon,Morrison,M,2005-11-04,deborahpadilla@example.net,834.224.0225x85427,8242 Beth Union Suite 438,Annside,Oklahoma,Guyana,60457,1
Jeremy,Jenkins,M,1978-01-13,brucesmith@example.org,(360)925-9437,9952 Poole Village Suite 868,Wongbury,New Jersey,Maldives,90692,2
Melissa,Martin,F,1995-01-26,karengordon@example.com,+1-618-421-2850x53543,5189 Sarah Village Apt. 321,Adammouth,North Dakota,Tajikistan,97959,5
Albert,Russell,F,1972-08-15,heather75@example.net,(686)339-4959x196,61569 Benjamin Grove,West Aaronton,Alabama,Marshall Islands,72714,5
Deanna,Hernandez,M,2014-10-08,dellis@example.com,462.328.3205x508,2322 David Plaza,North Joemouth,Mississippi,Saint Kitts and Nevis,07657,3
Jimmy,Howard,M,1987-10-29,denisemejia@example.com,6549261597,01573 Alexander Courts Apt. 365,Hodgeside,North Carolina,Sudan,72953,5
Pamela,Williams,M,2014-08-27,kbradley@example.com,857-889-1416,95930 Clark Groves,Ortizview,California,Lebanon,69803,2
Robert,Jackson,F,1975-05-04,lgarcia@example.org,941.305.0086x422,474 Wendy Pines,Anneborough,Vermont,United States Virgin Islands,23058,1
Mario,Holland,F,1986-01-07,abradley@example.org,+1-338-570-8809,5600 Shannon Spurs Apt. 165,South Cynthia,Nebraska,Cook Islands,73943,2
Timothy,Duran,M,1990-05-17,annalynch@example.org,+1-755-534-8608x111,69483 Blake Streets,North Soniafort,Oklahoma,Liberia,41684,1
Regina,Campbell,F,2011-02-09,shannon01@example.org,761.259.0354,23495 Christina Run Apt. 080,Malonefurt,Texas,Tajikistan,75785,4
Michael,Oconnor,F,1984-08-23,lewisbenjamin@example.com,001-331-437-3619x9817,34965 Koch Dale Apt. 237,Chadberg,New York,Brunei Darussalam,24261,4
David,Campbell,M,2002-02-22,terryvanessa@example.com,(849)807-4941x9463,03171 Keith Stravenue Apt. 456,New Wendymouth,Ohio,Isle of Man,84819,2
Laura,Robinson,F,1979-11-28,carrheather@example.net,4254795748,1326 Michael Estate Suite 164,Coryberg,Kentucky,Venezuela,91015,4
Brian,Evans,M,1993-09-19,ppearson@example.org,918-915-9533x943,4644 Mccann Springs Suite 176,New Jose,Alaska,Costa Rica,04208,3
Samantha,Nelson,F,2005-03-09,john03@example.com,216-492-6920,72843 Allen Meadow Apt. 816,Matthewview,Louisiana,Turkmenistan,25501,4
Tina,Murphy,F,1982-06-13,barrettjoan@example.org,001-314-831-4226,535 Bradley Garden,Lake Kathy,Iowa,Fiji,16391,5
Cody,Garcia,M,1979-06-25,lraymond@example.net,278.691.6159x95096,567 Heather Field Apt. 821,Lake Tammyville,Connecticut,North Macedonia,54627,5
Richard,Leon,F,1987-03-07,justin23@example.net,+1-240-645-1641x440,87222 White Common,Cesarshire,Nevada,Namibia,89047,3
James,Reyes,F,2022-02-26,joseph52@example.net,623.253.0703,528 Tara Branch Apt. 034,Robertborough,Oklahoma,Japan,96192,1
Mark,Morales,M,2005-10-25,ylee@example.net,585-719-5767,81520 Allison Common Suite 283,Russellburgh,Tennessee,Rwanda,08985,5
Kristin,Chambers,F,2011-10-03,tmiller@example.org,(276)896-7559x049,75196 Lynn Club Apt. 172,Matthewside,New Jersey,Iran,66869,1
Nicholas,Dean,F,1971-12-20,mooneylori@example.net,001-766-876-9475x8319,15973 Hayes Crest Apt. 852,West Oscarmouth,South Carolina,Thailand,27046,4
Devin,Arias,M,2018-09-09,brandon26@example.net,+1-780-228-7267,859 Smith Terrace,Keithfurt,New York,Greece,28383,5
Latasha,Bowman,F,2017-10-13,rkim@example.net,001-661-931-8449x4752,9950 Phillip Brook Suite 646,Morganberg,Louisiana,Mongolia,36378,4
Oscar,Wilson,F,1979-07-24,watsonandrew@example.com,509-550-4936x108,223 Brown Forks Apt. 131,Rickyfort,Georgia,Dominican Republic,94249,4
Connie,Cox,M,2022-03-09,scott56@example.org,537.308.2823x78281,207 Miller Ramp,Michelleside,Hawaii,Maldives,43614,3
Timothy,Stanley,F,2007-09-04,ymckee@example.org,572.630.8413x9994,0231 Elizabeth Summit,North Lauren,Kansas,Benin,63298,3
Kelly,Hanna,M,2005-05-08,dmartinez@example.net,592.738.1111,61549 Gonzales Club,Brownborough,Missouri,Guinea,02801,3
Joan,Douglas,F,2016-05-09,david86@example.com,+1-269-546-6002x05578,4556 Matthew Locks Suite 287,Thompsonton,Florida,Christmas Island,58113,5
Jeffrey,Wagner,M,1996-06-28,kevin16@example.net,4505459507,790 Samantha Grove,Laurenberg,New Mexico,Moldova,00804,4
John,Craig,F,1976-04-21,erin34@example.com,529.684.0323,783 Megan Rue,North Tamarashire,Arizona,Greenland,88682,1
Amy,Mcclure,F,2000-01-03,roywilliams@example.net,6369804704,06296 Tracy Burgs Suite 972,Lake Nicole,Massachusetts,Russian Federation,38749,2
Laura,Washington,F,1977-01-30,schmidtstephen@example.com,+1-479-435-6905,788 Pittman Ramp,Spencetown,Kentucky,Saint Kitts and Nevis,06353,5
Karen,Vega,M,2006-10-14,dorisstokes@example.org,960.253.1599x361,9628 Davenport Fords,West Scottborough,Ohio,Saint Pierre and Miquelon,42138,1
Gail,Taylor,F,2024-03-26,markgreene@example.org,790-423-1011x1622,78140 King Glen Apt. 048,Kathleenhaven,Florida,Kazakhstan,89418,1
Hannah,Gaines,M,2010-01-03,amybarrett@example.org,(782)850-2504x3056,970 Amy Walk Apt. 881,West Ross,Tennessee,Malta,38190,3
Jennifer,Collins,M,2013-03-29,sabrina49@example.org,917.350.2474x9425,66534 Joseph Stravenue Apt. 940,North Williammouth,Pennsylvania,South Georgia and the South Sandwich Islands,33341,1
Joseph,Herring,F,1978-04-25,mhayes@example.org,8865480447,7978 Weber Square Suite 130,Priceport,Texas,Vanuatu,72297,1
Melissa,Howard,F,1997-03-09,schwartzsamantha@example.org,(935)522-4781x882,52654 Monica Hills,Hunterstad,New Mexico,Sweden,29319,4
Duane,Smith,M,1978-12-04,anthony80@example.com,001-316-921-4507x9620,551 Patton Ridges,Lake Jennifer,Utah,Gambia,64538,5
Mary,Reid,M,2005-06-12,cookdaniel@example.net,218.565.2427,2921 Amber Meadow Suite 401,Jeffreyhaven,Alaska,Serbia,75975,1
Lisa,Rodriguez,F,2014-04-16,tammyprice@example.com,569-768-5955,10104 Mills Hill Suite 043,West Bradhaven,Illinois,French Guiana,64138,3
Carolyn,Rangel,M,1997-10-06,wwebb@example.com,966.543.8963,220 David Summit,Dylanmouth,Minnesota,Sweden,60505,1
Stephen,Morrow,F,1972-06-07,sarahross@example.org,782.909.7195x3498,2226 Jacob Tunnel Apt. 261,Frankmouth,Pennsylvania,Malta,43925,5
Joseph,Miller,M,1970-08-19,rileysusan@example.org,363.542.6895,42614 James Pike Suite 585,Richfort,Wisconsin,Lao People's Democratic Republic,46097,2
Jessica,Jones,M,2006-03-19,mary50@example.net,+1-587-714-6592x6468,17464 Joyce Summit Suite 148,West Peterland,Oklahoma,Saint Helena,51795,1
Christopher,Finley,F,1996-12-21,jenna09@example.com,665.743.1488,66824 Sarah Meadows,Davidburgh,Montana,Belarus,12712,2
Nicole,Tate,F,1974-12-02,tonya91@example.com,+1-247-763-1352x89615,2774 Rivera Loaf Suite 774,North Jasonhaven,Oklahoma,Ethiopia,79400,3
Carrie,Bell,M,1999-05-13,lindamartinez@example.org,001-388-293-7222x0576,241 Wells Views,Hansonfort,Idaho,Portugal,10704,2
John,Hall,F,1982-02-16,pamela51@example.com,(889)751-9606,789 Romero Passage Apt. 228,Lake Martin,Pennsylvania,Norway,69116,2
Travis,Beck,F,1983-08-14,nthompson@example.net,445.213.2175x6006,119 Jennifer Loaf,North Allisontown,California,United States Virgin Islands,59582,4
Martin,Preston,M,1999-09-28,stevenichols@example.org,772.679.8445x4274,7202 Webster Mount,Melissaview,California,Bosnia and Herzegovina,06437,1
Kevin,Clark,M,2010-05-15,melissanguyen@example.org,001-404-592-3184x752,441 Kenneth Hills,Holtshire,Maine,Mozambique,69360,3
Debbie,Porter,M,1971-10-14,williamscharlotte@example.net,001-854-287-5553x50340,21168 Davis Throughway,Baileychester,Wisconsin,Liechtenstein,13964,5
Joshua,White,F,1979-03-20,rrice@example.org,3084350598,4067 Torres Flats,North Diane,Utah,Albania,23379,5
Corey,Smith,M,1971-05-02,susan13@example.com,705-824-6053x3268,8097 Cooper Crossing,Myersmouth,Utah,Equatorial Guinea,92177,1
Ronald,Thomas,M,1991-11-23,christinajoseph@example.org,001-229-680-4033x927,31088 Samantha Prairie Suite 388,Glennland,New York,Botswana,08080,1
Amanda,Young,M,1998-02-13,ocarroll@example.net,301.718.3962x5305,3373 Rangel Drive Suite 468,North Katie,Vermont,Bouvet Island (Bouvetoya),88198,5
Sharon,Harris,F,2001-07-05,james17@example.net,929-542-8006x4011,850 Phillips Extensions,Lake Justinhaven,West Virginia,Zimbabwe,09988,5
Shelley,Mitchell,F,1989-04-26,erica81@example.net,+1-780-389-3459x367,41948 Bird Island Apt. 605,Port Aaronton,Mississippi,Lebanon,95834,5
Amy,Lynch,F,2005-02-21,xwilliams@example.net,812.725.9496,8894 Johnson Pike,Lake Codyberg,Massachusetts,Greenland,22473,5
Linda,Frank,F,2023-05-15,christineandersen@example.net,668-389-6152x986,400 Ritter Course,New Jennaville,Alaska,Grenada,70481,1
Kathryn,Hodges,F,2006-06-12,agreene@example.com,890.552.7347x475,7258 Zachary Orchard Suite 098,Lake Austinfurt,Delaware,Nauru,55999,2
Justin,Miller,F,1978-06-22,barnesvicki@example.org,899-776-9154x008,8653 Ryan Lock,Stephanieborough,Illinois,Puerto Rico,84419,2
Daniel,Hebert,F,2002-08-12,vkeith@example.com,(360)441-6351,3345 Stephanie Trace,East Christon,Pennsylvania,Saint Barthelemy,34737,4
Danielle,Davis,M,1978-12-21,matthew92@example.com,207.582.0545x35158,75947 Tucker Mill Apt. 834,East Samanthaburgh,Utah,Fiji,78383,2
Eric,Velez,F,1970-01-09,smithcole@example.net,6406278603,202 Thomas Inlet,Tombury,Maine,Australia,15615,4
Dawn,Hampton,M,1983-02-08,mercadojustin@example.org,+1-431-222-6105x676,587 Castro Corner Suite 806,Colehaven,New Mexico,Costa Rica,93688,4
Ryan,Cook,F,1998-10-20,staceyshelton@example.net,001-875-265-6790x16566,9722 Christopher Fall Apt. 656,Grossville,Arkansas,Estonia,84426,4
Angela,Hall,F,1996-04-10,aanthony@example.net,(218)615-8317,24275 Martin Wall,Kimberlyberg,Kentucky,Uganda,19943,4
Timothy,Yates,F,2007-10-11,alexthomas@example.org,(443)511-7707,0810 Dyer Track,New Nicholas,North Carolina,Egypt,37002,1
Jessica,Marquez,F,2016-01-24,ycaldwell@example.com,001-639-662-5737x41375,624 Patrick Prairie Apt. 475,North Curtis,Florida,Fiji,63472,1
Christopher,Hill,M,2005-05-17,rachel52@example.com,(209)413-5838,99218 Brown Mission,Lisastad,Oregon,Guam,80782,2
Jessica,Davis,F,1993-05-09,jonesdenise@example.org,629.543.7755,4673 Ellis Vista,South Matthew,North Dakota,Grenada,85833,3
Beth,Mcdonald,M,1972-09-01,kaylacollins@example.com,664.387.0717,205 Kristin Parkway Suite 744,Kellershire,Nebraska,Guinea,56304,4
Brittney,Sanders,F,1987-12-22,rachel94@example.net,8397088174,1050 Anna Keys Suite 392,Frederickbury,Illinois,Montenegro,63348,2
Darrell,Stephens,M,2000-10-14,guydurham@example.com,629-621-3462x294,4578 Ruiz Ridge,Lake Lauraville,Maryland,Sri Lanka,38280,1
Alexander,Vega,M,2008-09-28,francisco65@example.net,+1-759-839-9433x2965,39235 Christopher Radial Apt. 734,South Jessicaview,Delaware,Spain,03091,4
Martha,Matthews,F,2001-10-13,ewalker@example.com,6157442714,101 Susan Oval Apt. 900,West Jeremiah,Mississippi,Cocos (Keeling) Islands,41510,2
Michelle,Green,F,2012-11-27,nmartin@example.com,(475)274-5417x91082,0844 Patricia Loop,North Vincent,North Carolina,Mozambique,93824,2
Donald,Reynolds,F,1977-08-06,mistyguerra@example.net,+1-959-550-1506,38342 Keith Fork Apt. 238,Gatesstad,Connecticut,Serbia,15426,2
Brittany,Ramirez,M,1978-10-15,edwardsrachel@example.org,909-367-9361x12216,8735 Nicholas Square,New Feliciaburgh,South Carolina,Grenada,61534,4
Sarah,Davis,F,1983-09-19,smithkaren@example.org,589.775.5572,988 Destiny Shores Apt. 577,Jennifermouth,Oregon,Philippines,44278,2
Robert,Blevins,M,1973-06-21,petersonangela@example.com,568-341-0336,75080 Meyer Mission,Howellberg,California,Cocos (Keeling) Islands,08293,1
Larry,Murphy,M,2015-06-14,uramos@example.org,336-462-8279x35305,8435 Michael Groves Suite 260,Port Rachel,Maine,Martinique,94861,2
Lisa,Baker,M,1993-07-05,bryanparker@example.com,(746)770-2420,55455 Brian Plaza,Thompsonmouth,Oregon,Indonesia,11742,5
Robert,Christian,M,1980-04-04,joseph04@example.com,359-790-6613x42356,34145 Orr Spring,Kimbury,West Virginia,Argentina,55902,1
Kim,Villa,M,1983-01-06,ashley72@example.net,890-655-9934,2624 Coleman Stravenue Apt. 957,East Lindseyshire,Iowa,Mongolia,70314,2
Adam,Wood,F,1989-01-04,wdaniels@example.net,270-923-8252x2470,5893 Stacy Mission Apt. 925,Saraport,New Jersey,Niue,01913,5
Danielle,Castillo,F,1972-12-15,ramirezronald@example.org,432.330.2751x785,5302 Johnson Valleys,Lake Gregory,Ohio,United Arab Emirates,46702,1
Wesley,Craig,M,1998-06-22,petercurtis@example.org,701-608-1475,8994 Clark Ports,East Kenneth,California,Cook Islands,73253,2
Michael,Mitchell,M,2011-08-15,uryan@example.org,(934)573-4699x061,552 Williams Glens,Port Jamestown,Pennsylvania,Lao People's Democratic Republic,75752,5
Kimberly,Fields,M,1971-12-10,martinchristopher@example.org,(474)353-9494x299,104 Joseph Square,South Lawrenceshire,Oregon,Argentina,42791,5
Kevin,Brown,F,2010-11-21,vharris@example.com,(841)463-2513x7989,10452 Steven Track Apt. 745,North Brett,Maryland,Albania,91764,5
James,Mitchell,F,2007-08-10,moorerobert@example.com,+1-785-927-0571,0942 Mills Trace,North Nataliehaven,Colorado,Lao People's Democratic Republic,96336,4
Tyler,Case,M,1987-10-06,jorge68@example.com,+1-792-756-0781x03208,507 Tammy Tunnel,Port Meganland,California,Cocos (Keeling) Islands,40726,3
Samantha,Cruz,M,2016-01-06,alexaibarra@example.com,001-424-456-0973,79117 Hill Harbors,South Ryanfurt,Illinois,New Zealand,02852,4
Amanda,Smith,M,1988-10-14,taylorbrady@example.net,(569)712-2371x212,7240 Janet Cove Suite 288,North Sueshire,Tennessee,Latvia,91492,1
Robert,Powell,M,1983-08-19,luceromelissa@example.net,001-817-945-0397x294,6524 Wong Wells,Hunterstad,North Carolina,Iraq,01448,3
Joshua,Fields,F,2002-11-27,hjenkins@example.net,001-849-400-1866x71932,2572 Baker Harbors,Smithtown,North Carolina,Malawi,76917,5
Joe,Serrano,M,1985-07-30,chenmarco@example.com,(761)673-2280,0197 Joshua Stream Apt. 375,East Veronicahaven,California,Burkina Faso,79744,3
Charles,Fisher,M,2018-02-26,jasonhansen@example.org,854.351.4152,576 Cameron Trafficway,Edwardmouth,South Carolina,Solomon Islands,42418,1
Jeff,Green,F,2010-05-28,martinsamuel@example.org,289.620.5876,299 Ortega Circles,North Maria,Louisiana,Saint Barthelemy,33846,1
Theresa,Duncan,M,2023-12-10,stefanie60@example.net,+1-423-376-4026x7367,512 Foster Row Suite 082,Jonesborough,Oklahoma,Reunion,00820,3
Ashley,Wu,F,1991-05-20,charleswall@example.net,(683)754-3605x0565,9400 Martinez Ports,West Saramouth,Tennessee,Macao,92266,2
Johnny,Stout,M,2017-10-26,wilsonchristine@example.net,315.846.5636x5352,6018 Anderson Islands Apt. 201,Cherylshire,Utah,Sweden,03189,3
Hannah,Young,F,1970-04-05,daviskatherine@example.net,(378)940-1776x47755,4164 Cole Rest,East Rebecca,Louisiana,Argentina,92845,2
Andrew,Thompson,F,2024-07-27,cookdonna@example.com,5965416084,23576 Bryan Club Apt. 103,Ronaldview,Rhode Island,Cuba,92439,3
Ashlee,Phillips,M,1985-11-09,john40@example.org,416-324-1750x00196,20631 Vargas Knolls,Lake Ericstad,Kentucky,Lebanon,54120,5
Jane,Austin,M,1986-12-07,matthew92@example.net,(278)477-6102x9342,5123 Ramirez Run Suite 991,Connermouth,Washington,Cuba,29699,4
Jeffery,Hall,M,1990-09-26,williamsjames@example.net,6869414502,844 Simon Shore,Olsonhaven,Connecticut,Micronesia,34576,3
Cory,Vasquez,M,1993-02-28,farellano@example.com,(511)741-9664,399 Sanchez Bridge Apt. 411,Port Paulfort,West Virginia,Uruguay,61056,5
Danielle,Wong,M,2001-06-16,rbell@example.net,272-382-9859x945,47498 Allison Knoll,East James,Nevada,French Southern Territories,73530,2
Tina,Washington,M,1993-07-07,crystal18@example.org,(480)630-7407x410,5265 Lee Road,North Amy,Michigan,Antarctica (the territory South of 60 deg S),37860,4
Amy,Quinn,F,2000-04-18,tiffany59@example.com,(831)631-2946x012,9316 Sanders Manor Suite 551,Makaylaborough,South Dakota,Reunion,06663,3
Debra,Mooney,F,1987-12-05,david92@example.com,691.274.4775,135 Kathleen Mills Suite 640,West Stacey,Vermont,Turks and Caicos Islands,72319,4
Brenda,Simmons,M,2004-01-26,odavis@example.net,001-211-647-8877x431,3618 Carol Union,East Kellyshire,West Virginia,Belarus,44250,4
Matthew,Jackson,F,2017-12-22,smithjames@example.net,001-313-511-3020x346,161 Brandon Village,Orozcoberg,New York,Brunei Darussalam,97093,4
Nicholas,Williams,F,2003-12-28,robin76@example.org,253.305.0883,545 Amanda Port,Cynthiashire,South Carolina,New Caledonia,74372,3
Kathleen,Turner,M,2019-06-20,pcarter@example.com,(200)988-2440,8604 Warner Alley,New Gloria,Kentucky,Ukraine,34252,2
Kathleen,James,M,2016-12-07,stephenspencer@example.org,+1-555-665-4093x27342,4851 Sean Station,Port Kyle,New Hampshire,Germany,32343,4
Stacey,Dodson,F,2025-10-14,nathanfuentes@example.net,+1-215-970-2182x36842,9580 Brandy Flat,Jenniferside,Colorado,Uzbekistan,31522,3
Douglas,Sandoval,M,1994-03-01,swilliams@example.org,+1-961-823-2984,67911 Brittany Walk,New Angela,Connecticut,Bolivia,83323,5
Daryl,Thornton,F,1994-04-09,ahendrix@example.org,001-312-753-5993x93288,4944 Tina Forges Apt. 905,Reneefort,Idaho,Bahamas,31595,1
Thomas,Wagner,F,1993-11-21,william53@example.org,(958)786-9116x18659,974 Mcintyre Turnpike,Christophermouth,New Hampshire,Austria,63304,1
Lance,Cook,M,2016-07-21,myersdustin@example.net,(932)558-8400x9939,1745 Kellie Views,South Jessicamouth,New Mexico,El Salvador,66058,3
Wendy,Harris,F,2000-01-25,cassandrafoster@example.net,979-629-2335,1780 Tran Forges,West Adrian,Maine,Norway,24174,4
Michael,Massey,M,1975-03-22,rebecca52@example.com,719.750.9235x247,57937 Nicole Lights,North Sue,Louisiana,Jamaica,99800,5
Robert,Watson,F,1973-05-18,samantha24@example.com,886-263-6018x899,196 Steven Drive Suite 075,West Todd,Delaware,Saint Vincent and the Grenadines,33695,1
Walter,Griffith,M,2012-08-11,thomasgordon@example.org,(319)688-7440,7233 Murphy Avenue Apt. 905,East Heidiside,California,Haiti,28359,5
Adrienne,Kelley,M,2000-02-10,vcervantes@example.org,906-677-8925x78178,26874 Jones Avenue,East Robin,Mississippi,Sudan,28355,3
Charles,Hardin,F,2022-09-27,vasquezkeith@example.org,001-648-898-0364,54098 Garcia Valley Suite 863,East Kathleen,Kansas,Grenada,91002,1
Mitchell,Rivera,F,2008-05-09,robertbenjamin@example.net,964-417-4285x0386,4468 Wells Motorway Suite 965,Lake Heather,Nebraska,Belgium,07768,5
Barbara,Smith,F,2009-02-26,whitneymorales@example.net,001-262-780-6978x0796,512 Jones Orchard,Sarahville,New Hampshire,Kyrgyz Republic,19124,5
Edward,Medina,M,2019-09-18,edwardsaaron@example.com,+1-955-298-7043x8440,25125 Parker Dam Suite 508,Amandafort,Virginia,Germany,98176,4
Michael,Padilla,M,1995-05-14,ecole@example.org,001-530-393-2666x032,6281 West Springs Apt. 560,Christophertown,Iowa,Burkina Faso,32644,3
Natalie,Greer,F,1973-03-01,tiffany81@example.com,(660)893-7588,9650 Courtney Throughway,South William,North Carolina,United States of America,00573,5
Patricia,Cummings,M,2024-12-20,ericcole@example.org,(456)871-0906x4299,1740 Harry Row,New Angelabury,Vermont,Lebanon,62532,1
Lisa,Murray,F,1980-06-25,elizabeth44@example.net,874-460-2947,720 Calderon Landing Suite 602,Christinahaven,North Carolina,Ethiopia,16877,5
Walter,Grant,F,2020-04-08,uleach@example.net,(791)681-3709x1800,0149 Diaz Fork,Michaelchester,Montana,Zimbabwe,33619,1
Karina,Page,M,1996-02-07,dmartinez@example.net,001-708-634-6667x3207,3694 Ernest Ramp Apt. 534,North Anthonymouth,Arizona,Micronesia,59250,2
Brooke,Larson,M,1974-04-26,nelsonrobert@example.org,708-616-4656x73273,44992 Eric Land Apt. 323,Robertview,Oregon,Cocos (Keeling) Islands,85212,3
Kathleen,Johnson,M,2006-05-12,portermichelle@example.net,001-522-834-1294,9598 Jennifer Skyway Apt. 799,Jonshire,Oklahoma,France,55179,3
Amber,Booth,F,1992-06-16,jason90@example.com,665-759-5388,937 Kyle Views Suite 990,New Barrymouth,Washington,Saint Martin,52129,1
Caitlin,Mckenzie,M,2018-02-18,ggallagher@example.org,001-630-791-1716x130,8148 Valdez Ridge,Kimfurt,Utah,Saint Kitts and Nevis,78242,5
Crystal,Campos,M,1999-12-19,andersonandrea@example.com,802.365.8230,397 Virginia Shores Apt. 169,Ramirezstad,Hawaii,Martinique,09281,3
Shane,Johnson,M,2014-01-13,paulaho@example.com,(761)544-0773x1571,2895 Michele Shores,Aliciafurt,Idaho,Korea,14256,2
Douglas,Russell,F,2022-12-01,cnunez@example.com,+1-490-579-5934x1687,5758 Dawn Wells Suite 577,New Jerry,Washington,Zimbabwe,15767,2
Evan,Anderson,F,1985-02-07,shermancynthia@example.org,001-375-994-9930,99218 Conley Burg,Wilsonport,Oregon,Congo,84907,3
Kimberly,Hodges,F,1972-11-01,pclark@example.net,(782)505-2804,32185 Todd Trail,Kennedyside,Missouri,Angola,54027,1
Justin,Spencer,M,2010-05-27,ronald24@example.org,975.217.7405,30141 Gill Roads,Michaelborough,Arkansas,Czech Republic,07217,3
Jim,Blankenship,F,2005-04-02,mariaking@example.net,(209)620-3367,8666 Cline Isle Suite 335,West John,North Carolina,Chad,95508,3
Vicki,Johnson,F,2012-10-29,martindorothy@example.org,+1-579-527-8238x0929,575 Griffin Path Apt. 263,North Nicholasland,New Mexico,Barbados,71765,4
Timothy,Erickson,F,1981-11-13,andrew50@example.com,(835)305-4250x6577,604 Angela Branch,Lake Sydneyview,Ohio,Togo,13915,2
Courtney,Cook,M,2002-12-10,gilbertdavid@example.org,521.893.1161x781,8046 Wall Valleys Suite 777,Lake Alexastad,Maine,Cameroon,64646,3
Perry,Grant,F,1980-01-27,ymeyer@example.com,(784)672-9710x75560,4605 Cindy Parkway,Hannaview,North Carolina,Falkland Islands (Malvinas),46923,2
Brian,Buchanan,M,1984-03-12,cassandrafuentes@example.org,698-234-8771x0768,52768 Melanie Square Suite 094,South David,South Dakota,Japan,13523,3
James,Graves,M,1990-05-04,justinsalas@example.org,001-354-658-4855x8976,63882 John Mill,Andersonfurt,Tennessee,Poland,02155,1
Anna,Ramirez,M,2009-05-10,rallen@example.org,+1-352-895-3106x35079,12709 Miranda Ways Suite 067,Perezberg,Oregon,Tuvalu,32348,5
Stephanie,Johnson,F,2023-05-02,tarafernandez@example.com,350.306.6711,2567 Claudia Manor Suite 487,New Taylor,Arkansas,Kuwait,57138,4
Carla,Marshall,F,2009-02-07,paulkeller@example.org,666-290-2065,50687 Maria Falls Suite 509,Cameronmouth,New York,Azerbaijan,20222,1
Nicole,Mccoy,F,1996-05-22,tammieroberts@example.net,+1-244-431-6402,5633 Carr Turnpike,Davenportton,Connecticut,United States Minor Outlying Islands,79308,5
Megan,Miller,M,2006-06-21,stephanie58@example.net,249-380-2102x29024,741 White Green,New Hannah,Florida,Paraguay,75850,3
Tina,Sparks,F,1977-05-24,yguerrero@example.com,437.516.8925,579 Nicholas Greens Apt. 363,Wallaceville,Virginia,Sao Tome and Principe,90022,1
Kevin,Wheeler,F,2021-06-15,benjaminaustin@example.org,+1-703-262-9673x0777,991 Whitehead View Suite 373,South Tonyfurt,South Carolina,Cayman Islands,96393,4
Christine,Dickerson,F,1973-03-15,denisemonroe@example.org,+1-908-498-6013,521 Robert Walk Apt. 762,Tinaville,Oklahoma,Fiji,65242,1
Eric,Sanchez,F,1978-07-08,tlewis@example.com,(603)601-6417x7260,18794 Brooke Valleys Suite 141,Tammyside,Massachusetts,Congo,71091,1
James,Ward,M,1972-10-09,andrea81@example.net,001-965-495-9686x900,084 Gray Crossing Suite 267,South Dominicborough,Colorado,Guernsey,45042,4
Stephanie,Robinson,F,2009-05-03,wturner@example.net,5998306511,8925 Hernandez Square,Jacobborough,Virginia,French Polynesia,41778,1
Lisa,Collins,M,2000-05-06,leelaura@example.com,(741)688-7016x4119,5254 Lisa Heights,New Javiermouth,Kansas,Cape Verde,84171,5
Justin,Mills,M,2023-06-27,mikayla15@example.com,001-715-466-4485,09790 Cox Gardens Suite 862,North Jessica,Illinois,Heard Island and McDonald Islands,57371,4
Thomas,Waller,M,2013-03-20,mccormickgina@example.org,971.505.7581x867,4764 Garcia Extensions Apt. 356,West Margaretton,Arkansas,Brunei Darussalam,14265,2
Philip,Davis,M,2025-08-09,robertferguson@example.org,+1-599-398-4038x72896,7957 Byrd Court,Howardton,Connecticut,Netherlands,25031,3
Cody,Rowe,F,2005-06-11,bakertyler@example.net,+1-321-336-0586x401,27925 Wright Crest,South Jaredton,Maryland,India,17032,1
Jeff,Morrison,M,1974-04-23,hsmith@example.net,001-632-517-4151x4798,58680 Sanchez Mills Suite 274,Jonesside,Vermont,Solomon Islands,76815,1
Martha,Newman,M,1978-12-03,rebecca22@example.org,+1-798-266-8104x899,400 John Springs,Kellyberg,Montana,Egypt,25757,5
James,Copeland,F,2018-10-10,jwallace@example.net,001-603-566-7896x46692,6454 Mcguire Harbors Apt. 444,Adamborough,Arizona,Antarctica (the territory South of 60 deg S),95163,5
Jennifer,Fox,F,2002-11-15,andrewlevine@example.com,6198531630,461 Dodson Manor,Ericland,New Mexico,Bolivia,02383,2
Kevin,Melton,M,1986-10-19,wrightemily@example.net,640-726-0501x2501,8079 Thompson Village Apt. 712,New Trevor,Michigan,Reunion,78030,3
Cameron,Perkins,F,2021-05-29,carternancy@example.com,(747)561-0388,4718 Zachary Harbors Suite 648,Lake Maryville,Maine,San Marino,14675,4
Selena,Jones,M,1976-08-15,vmerritt@example.net,647-795-5142x5930,12605 Lang Causeway,Port Garrett,Indiana,Namibia,25618,4
Elizabeth,Thomas,M,2004-04-18,antoniowalters@example.com,6039993692,514 Miller Squares,West Stephenberg,North Carolina,Belgium,50631,4
Rachel,Reyes,F,2016-11-14,kcain@example.org,(883)903-7887,6571 Hector Cliffs Apt. 301,New Jamie,Iowa,Latvia,42782,5
Laura,Bowman,F,2001-05-30,noahhill@example.net,+1-284-750-3074x87653,034 Schaefer Cliffs,Ivanside,Montana,China,59146,1
Brittany,Yates,F,1996-06-13,howardsusan@example.org,(549)587-0571x335,9437 Johnson Rue,Latoyaberg,Arizona,Micronesia,20342,2
Jorge,Harrison,M,1973-11-01,leah38@example.org,2939420200,47417 Davis Estates,Normanstad,Connecticut,Portugal,87947,5
Jamie,Carroll,F,1983-06-22,danielchen@example.org,479-446-2939x63293,996 Gonzalez Flats Suite 910,New Christina,Iowa,Bouvet Island (Bouvetoya),37880,2
Erik,Wilson,M,2025-03-20,harrellmichelle@example.com,828.619.8095x209,44514 Melissa Circle Apt. 694,Sarahchester,Maine,Guatemala,35353,5
Kevin,Murphy,F,2010-03-09,nelsonsheila@example.org,(948)964-4139x3797,0443 Mora Harbors Suite 366,Eileentown,New Hampshire,Estonia,55975,5
Ryan,Roberts,F,2011-06-21,rhammond@example.org,239.874.5587x11984,628 Jasmine Court,West James,Rhode Island,South Georgia and the South Sandwich Islands,25671,3
Tony,Porter,F,1987-05-30,hoodmonica@example.org,274.230.1603x454,8179 Eddie Meadows,New Christinechester,Tennessee,Fiji,66634,5
Russell,Simon,F,2017-12-17,ssmith@example.org,294-737-5798,2927 Richards Glens,South Williambury,North Carolina,India,64579,1
Matthew,Delacruz,F,2011-05-14,ljimenez@example.org,+1-335-760-3993,478 Brian Parkways,Port Cynthiachester,Rhode Island,Honduras,07720,4
Robert,Hill,M,1977-12-20,leemichael@example.com,572.414.2152x84610,36862 Hernandez Spring Apt. 339,Susantown,Arkansas,Algeria,54438,2
Jesus,Salas,M,2002-09-06,lward@example.net,+1-662-852-5930,721 Calvin Track,North Jacqueline,North Dakota,Niger,87425,4
Ashley,Mckinney,F,1995-01-24,barrettlauren@example.org,374.436.9758x1096,165 Lee Ferry,North Davidborough,New Jersey,Moldova,76390,5
Laurie,Cruz,M,2025-01-11,hallsarah@example.org,200.857.8776,480 Johnston Cliff Apt. 560,West Jacquelinehaven,Connecticut,Iran,60378,1
Melissa,Wallace,M,1997-08-11,tylermiller@example.net,+1-556-938-9799x6277,1014 James Road,East Alan,Illinois,Zambia,47790,1
Rachael,Banks,F,1976-08-08,tina53@example.org,001-874-256-5056x375,78413 Scott Walk,Nathanfort,Colorado,Iceland,89405,5
David,Monroe,M,1989-08-09,matthewmccoy@example.org,765.282.7072x5676,460 Garcia Dale Apt. 872,Deniseton,North Carolina,China,26854,1
Lisa,Brown,M,1998-04-24,jasonstrickland@example.net,+1-449-842-9874x9010,19395 Jamie Track,North Joshuahaven,New York,Vanuatu,88820,2
Carlos,Gonzales,F,1988-07-06,charlene09@example.com,393.519.7319x0465,661 James Manors Suite 023,Annefurt,Montana,Egypt,91193,4
Kathryn,Rios,M,2014-04-16,jessicathomas@example.net,(537)639-5396x53945,682 David Street Apt. 801,Sarastad,Kansas,Togo,33936,1
Charles,Hill,M,2013-09-26,tranamanda@example.org,001-288-877-8056x3231,81056 Pitts Skyway Apt. 574,New Kristin,Florida,Guinea,47625,3
Tyler,Hurst,F,1988-09-14,todd57@example.com,001-916-215-0657x69107,47171 Montgomery Inlet,Sheilastad,Kansas,Burkina Faso,54834,1
Nicholas,Walker,F,1975-11-15,cturner@example.com,001-835-760-6620x4233,141 Jessica Island,Joshuastad,Virginia,Paraguay,28050,4
Thomas,Morris,F,1995-08-27,karenlester@example.net,001-577-742-1688,6291 Hayes Corners,Gilbertstad,Maryland,Wallis and Futuna,50887,2
Samantha,Smith,F,1975-09-20,sandra48@example.com,(489)490-8522,5667 William Grove Apt. 751,Jermainechester,Wisconsin,Saint Vincent and the Grenadines,09000,3
Blake,Johnson,F,2011-06-19,kdunn@example.org,981.867.5669x72887,657 Morris Mission Suite 645,Vaughanburgh,Maine,Philippines,90302,3
Tammy,Berry,M,2020-05-15,jason32@example.com,9566516187,85420 Nancy Hollow Apt. 303,East Jennifer,Tennessee,Burundi,63090,2
Anne,Castillo,M,2014-01-05,nvaldez@example.net,390.268.8753x29279,5352 Davis Valley,Hillville,Ohio,Guinea-Bissau,64248,2
Anthony,Porter,M,1978-04-24,patriciaferguson@example.org,9757378868,845 Benjamin Wall,Jessicaville,Florida,Belarus,59952,2
Gabriel,Bell,F,2022-11-12,john89@example.org,204.987.0510x348,98195 Andrew Causeway,South Lisashire,Washington,Turkmenistan,91536,1
Charlene,Alvarez,F,2022-05-28,maryali@example.com,(320)762-8575x619,5293 Wilcox Crescent Apt. 943,South Josephfort,Nebraska,Falkland Islands (Malvinas),55006,2
Catherine,Castro,F,1994-05-13,kristen56@example.net,(251)971-3341x470,85754 Evan Junctions Apt. 607,East Michelechester,Oklahoma,El Salvador,07062,2
Patrick,Jones,M,1992-06-09,parkerangela@example.com,001-584-605-4290x059,46147 Jones Plaza,Murphystad,New Mexico,Martinique,27240,4
Matthew,Allen,M,1971-02-19,michael90@example.org,001-521-489-5432x91938,41465 Elliott Expressway Suite 675,South Amber,California,Argentina,09105,1
David,Brennan,M,2010-06-21,josefloyd@example.net,(307)649-7038,823 Dawn Wall Suite 573,Charlesberg,South Carolina,Turkmenistan,99677,1
Sean,Fowler,F,2025-08-22,clarkchad@example.net,+1-776-314-2217x71731,64400 King Locks Apt. 542,Lake Christopher,Rhode Island,Montenegro,57624,3
Jennifer,Wright,F,2010-02-02,zyoung@example.org,5748395664,266 Randy Stravenue,New Jonathan,Missouri,Tuvalu,43719,3
Diane,Gilbert,F,2007-09-21,sean14@example.org,940.723.5503,75896 Vasquez Trail Apt. 954,Robinstad,Minnesota,Iraq,01453,2
Patrick,Edwards,F,1992-05-10,melanie25@example.net,402.986.0669,17722 Lauren Oval,Kristiburgh,South Dakota,Falkland Islands (Malvinas),61312,5
Crystal,Stephens,M,2015-05-21,davidhughes@example.net,+1-940-314-0299x49190,8993 Miranda Grove Suite 380,Port Sean,Idaho,Martinique,04628,4
Linda,Ware,F,1992-05-06,thompsonandrea@example.net,294-779-0956x267,44678 Mandy Stream,Heathertown,Idaho,Bangladesh,35873,4
Peter,Krueger,M,1986-10-26,mindy67@example.net,001-522-387-6718x87475,509 Ashley Expressway Suite 918,New Heather,Florida,Slovakia (Slovak Republic),79017,2
William,Peterson,F,1974-08-19,awalker@example.org,344.472.8025x35286,6715 Curtis Bypass Apt. 050,Dalemouth,North Dakota,Jamaica,99659,4
Amanda,Brown,M,1986-03-09,martinezsarah@example.com,001-793-839-2251x82537,56618 Rhonda Brook Apt. 337,Janeland,New Hampshire,Central African Republic,17890,3
Raymond,Garcia,F,1976-03-10,wclayton@example.com,892.349.1084,04595 Perez Pass,Jeffreytown,Alaska,Rwanda,72675,2
William,Matthews,M,2008-08-05,ejohnson@example.net,9622506291,50762 Cooper Stream,New Kristopher,New Hampshire,Latvia,95297,2
Patricia,Lynn,M,1995-03-07,welchjodi@example.org,238.860.9430,11472 Jasmine Point Suite 446,Lake Christopherfurt,Louisiana,Bulgaria,50336,5
Lindsay,Nelson,F,1994-01-03,jennywhite@example.com,001-645-603-9047x12785,403 Snow Crest,Maryland,Arizona,Germany,04904,1
Cynthia,Adams,M,1986-05-31,ifuentes@example.com,+1-297-705-9282x65163,61259 William View,Christinamouth,Nevada,Afghanistan,30211,1
Kevin,Harris,F,1972-03-09,vbowman@example.org,659-747-5612x823,6315 Matthew Ports,Jacksonton,Wisconsin,Anguilla,69994,4
Michael,Banks,F,1982-05-08,wallsangie@example.org,(467)987-2925x981,921 Christopher River Apt. 146,East Jessica,Minnesota,Syrian Arab Republic,28531,3
Carlos,White,F,1976-01-29,lreed@example.net,001-235-919-1361x0123,0548 Sean Unions,New Elizabethside,New Hampshire,Central African Republic,67582,1
Erin,Rosales,F,1999-05-29,sbarber@example.net,3367879846,201 David Dam,South Kaylafurt,Michigan,Brunei Darussalam,87524,1
Charles,Davis,M,1988-07-18,allison99@example.net,3902401066,5511 Donna Burgs,Blakebury,New Hampshire,Hong Kong,41540,5
Michelle,Hurst,M,2006-04-17,lloyderic@example.org,414-951-5215,4889 Jacob Cove Apt. 343,Webbmouth,Massachusetts,Niue,70616,3
Margaret,Dalton,M,1989-04-03,rachel57@example.org,(836)998-3337,5577 Beck Underpass,Jeffreymouth,California,Eritrea,88669,5
David,Ballard,F,1992-10-20,hectormedina@example.org,280.646.5799,0438 William Gateway Suite 725,Seantown,Maryland,Japan,67293,5
Justin,Smith,F,1974-07-14,vincentdavis@example.com,581-820-0589x949,41245 Mckee Road Apt. 739,North Christopherchester,Vermont,Albania,52625,4
Nicolas,Harper,M,1988-02-28,matthew45@example.org,001-992-448-1709x9702,852 Katherine Islands,Port Danielburgh,Montana,Colombia,79507,4
David,Cunningham,M,1974-11-19,carrie87@example.org,608-425-3243x3748,173 Barnett Islands,South Valerieshire,North Carolina,Seychelles,91124,3
Kevin,Phillips,F,2005-09-04,jane12@example.net,(429)497-6479x2362,34363 Susan Estates Apt. 361,New Robert,Washington,South Africa,63260,2
Sheila,Andrews,M,2003-03-04,samueldavis@example.com,001-379-968-4675x58795,2195 Denise River,Douglasmouth,Arkansas,Burundi,41952,5
Brian,Powers,M,2014-12-31,robert74@example.org,001-530-949-4027x2564,667 Tamara Plains Suite 942,Leeberg,Nebraska,Portugal,84166,4
Andrew,Dixon,M,1971-07-08,rachel34@example.com,663-578-5352x999,57433 Martin Flats,Lake Scottmouth,Texas,Bahrain,71587,3
Frank,Potts,M,1996-12-13,maria82@example.com,639.553.1639x29369,707 Vang Freeway Suite 504,Rubiostad,Alaska,French Southern Territories,28835,1
Mark,White,F,2020-12-02,richardsjessica@example.org,213-718-0422,2163 Katherine Crossing,North Kellyburgh,Missouri,Congo,01503,5
Laura,Rice,F,1992-02-23,ngraham@example.net,+1-514-426-9996x93388,5800 Brandon Mission Suite 138,South Bradley,West Virginia,Solomon Islands,35316,4
James,Chung,F,2004-07-25,dmoses@example.net,+1-327-578-3183x78354,7187 Sparks Corners Apt. 848,Seanville,New York,Lithuania,53351,3
Melissa,Bailey,M,1971-07-10,heather65@example.com,2122652117,148 Lopez Spur Suite 005,East Brendaborough,Oklahoma,Comoros,06413,3
Jeanne,Lopez,M,2023-03-22,kimberlyford@example.com,810.430.3109,56156 Raymond Mountain Apt. 288,Lake Arthur,Oregon,Trinidad and Tobago,91748,4
Justin,Harris,M,2021-10-07,scott42@example.com,4207046018,14505 Williams Summit,New Tammyport,Washington,Guinea-Bissau,53551,1
Carol,Sloan,M,1998-12-29,michaelharris@example.net,466.824.7309,72685 Mullins Radial Suite 648,Port Margaret,Louisiana,Japan,94416,5
John,Dixon,F,1999-02-19,jamesmartinez@example.net,+1-211-211-3439,48363 Haynes Viaduct,East William,Florida,Cambodia,16464,3
Hayley,Fritz,F,1974-03-13,fromero@example.org,745-778-3371x94313,4281 Howard Trail Suite 450,Ramosmouth,New Jersey,Saudi Arabia,82615,3
Ashley,Obrien,F,1983-08-17,sabrina18@example.org,395.464.7319x83786,2766 Hall Trail,East Tiffany,Indiana,Russian Federation,55229,1
Ray,Walker,M,1980-05-20,susankane@example.org,(738)729-0513x00857,06483 Stephen Glens Apt. 165,West Gina,New York,Sweden,40741,1
Richard,Griffin,M,1988-05-29,ojones@example.org,926-988-9880x612,4190 Christopher Isle Apt. 907,Lake Eric,Tennessee,Qatar,33469,4
Elizabeth,Hall,F,1987-02-25,lisa44@example.org,001-542-541-9515x3159,46866 Paul Turnpike Apt. 286,West Tinabury,Pennsylvania,Saint Pierre and Miquelon,38715,1
Stephen,Harris,M,1972-03-27,ryork@example.net,523.237.9422x54559,08873 Moyer Camp,New Veronicabury,Arkansas,Ghana,56139,3
Jessica,Hayes,F,1986-08-03,rebecca91@example.org,417-986-3323,2289 Monica Bridge,Autumntown,North Dakota,Cape Verde,65022,4
Nicholas,Phillips,F,2014-11-06,jimenezmelissa@example.org,4053964826,9593 Robert Crossing,Heathermouth,Tennessee,Cyprus,96819,3
Kimberly,Wells,F,2017-08-15,nancy00@example.org,354.834.2846x3254,992 Hill Pike Apt. 988,Drakeland,Alaska,Poland,93870,5
Lee,Webb,M,1995-12-25,morgan46@example.com,+1-453-294-4901x3494,701 Jonathan Keys,Randyville,Montana,American Samoa,99903,5
Thomas,Kelly,F,1992-05-17,williamsamy@example.net,652.766.6565x90351,1480 Perez Prairie Apt. 230,Lake Rachelport,Washington,South Africa,52599,1
Clinton,Palmer,F,2024-10-29,yrasmussen@example.net,+1-401-693-4428x52323,605 Flores Island Apt. 564,Fletcherberg,Tennessee,Antigua and Barbuda,59023,1
Stefanie,Cox,F,1972-01-11,sarahpatrick@example.com,(488)433-3807x371,1935 Barnes Gardens,Port Carol,Alaska,Uruguay,13875,1
Daniel,Richards,M,2014-04-01,millerkenneth@example.net,(618)905-8725x62952,7325 Matthew Rapids Apt. 586,Aarontown,Virginia,Canada,33268,4
Russell,Conrad,M,1980-07-05,agrant@example.net,498-879-7588,1081 Nichols Forks,Natalieton,Pennsylvania,Philippines,87813,1
Sonya,Baker,M,2000-10-21,davidsilva@example.com,001-839-506-9391,1313 Sabrina Falls,Patriciaside,Ohio,Indonesia,96304,3
Laura,Anderson,M,1994-05-18,jonathan56@example.net,+1-860-832-9124x86812,867 Hill Mission Suite 279,South Lisatown,Maryland,British Indian Ocean Territory (Chagos Archipelago),49807,2
Paul,Noble,F,1993-10-31,johnsonjonathan@example.org,(808)422-9804x373,6949 Wilkins Mountains,East Raymond,Hawaii,Central African Republic,27246,3
