DateID,ProductID,StoreID,CustomerID,QuantityOrdered,DiscountPercent,ShippingPercent
20180209,257,13,663,3,0.14071858518227734,0.06826061688381749
20210523,33,20,365,6,0.10220822005697576,0.1249665064614888
20200308,412,26,982,15,0.024161163299844298,0.07323611427034027
20211122,486,43,253,10,0.08971776646682575,0.13932921124174374
20180131,400,13,83,12,0.040837175861984244,0.08375772923702599
20160104,286,42,76,11,0.10058430665796239,0.13962734040648483
20161120,311,42,612,19,0.09865108751450316,0.1055182229648722
20200925,290,34,260,15,0.05137827501209348,0.13051130438227715
20180816,136,37,438,14,0.09287660361987703,0.07376512768206948
20210804,312,22,638,1,0.07473038775305663,0.11589408483186366
20250304,271,38,952,9,0.12347456898293588,0.0710992186712757
20171017,220,15,62,2,0.0690960823706736,0.07975067158086177
20151014,131,4,991,20,0.07867820997851631,0.11907052721591582
20170616,452,36,902,4,0.08534454512529774,0.08004772538647027
20190504,447,27,621,7,0.07759819097566588,0.05514735690682513
20190307,473,42,393,10,0.11559542025474448,0.07363368313486914
20200502,212,33,216,5,0.07219971228191441,0.0642337193438001
20210118,330,35,737,2,0.039157298916596806,0.10220525727570368
20170424,225,17,993,13,0.09638584151463629,0.07739237086705526
20200108,383,50,282,8,0.10121469208609506,0.05078962379964539
20220503,347,33,556,16,0.11802338172557983,0.12941388083245364
20211206,212,16,165,19,0.0948731011394283,0.05061048346608883
20250911,12,46,919,2,0.10197698564854368,0.11663105317686036
20170327,482,1,137,7,0.08106664956191481,0.11447157615634691
20220214,156,41,847,8,0.021641384569278853,0.08876071112023397
20231018,144,29,358,17,0.042609744461550775,0.12186221154387643
20150129,319,30,812,13,0.041302067943472666,0.14850609940942108
20161126,85,15,311,15,0.08491813418193703,0.0771951540274478
20150827,484,20,104,5,0.030528617282067846,0.10817509233723309
20150424,429,31,703,11,0.05560017291188607,0.11387241038154666
20161123,440,10,525,16,0.10985062970869988,0.12956884017464065
20190626,309,46,390,8,0.04197490763530625,0.13299960527286941
20210422,236,18,667,4,0.13808620827247042,0.06396150087793509
20250529,118,43,806,6,0.08562800929925829,0.10651521105547916
20251028,244,32,272,10,0.11924073525216926,0.09189477526689746
20240609,54,10,857,12,0.14966906818348782,0.07376061288504135
20200129,90,39,982,4,0.060814643842186655,0.07870369307189803
20180831,36,3,262,4,0.09917265642979327,0.10052871715250065
20240314,270,50,882,17,0.03859675952260286,0.09569996227839932
20210502,127,41,835,6,0.032573302075348726,0.089820659214739
20170820,315,28,328,17,0.059390127274764795,0.10252653723292313
20241216,202,12,260,4,0.05001677167427737,0.07267954836196984
20251009,80,38,415,19,0.12434098682391828,0.11551111571455892
20201006,92,15,47,13,0.06392324356789762,0.13836412608464282
20180303,485,37,872,12,0.021791517156481408,0.06423916578465791
20250928,141,3,654,11,0.07275492370965439,0.09174405366155268
20250814,477,7,861,16,0.11417068382300434,0.07712275987638881
20230602,162,19,129,12,0.11954032875733467,0.12724095308690353
20180323,121,23,753,7,0.13085479716060255,0.11409923583423696
20250820,57,8,501,4,0.07891591918589183,0.11731665210760481
20221228,137,30,758,20,0.1344851972775928,0.10424295481307555
20250627,203,35,638,8,0.14622016566143178,0.11289847897059914
20150105,399,21,790,4,0.13972298647036852,0.06333576186387432
20160212,197,44,626,1,0.06093626339439838,0.08810216573252583
20150427,277,27,472,17,0.036156646381974786,0.13105124672863339
20210223,437,5,515,9,0.05933000556136139,0.05713738806778016
20151017,48,13,422,9,0.09546073028942646,0.05460395547271875
20170706,495,42,648,7,0.12104282211249308,0.050138418454798266
20191128,373,34,343,7,0.07445962205507523,0.0956756581998301
20210613,326,9,274,3,0.13232987864615336,0.06899191181937987
20151124,363,10,46,6,0.05308321378310969,0.12362686472332031
20151104,45,6,830,10,0.050845181833108426,0.12848613084542715
20180505,50,35,534,15,0.02704181489295612,0.08680401306971032
20161008,4,42,400,20,0.06748478033116606,0.051009122893979277
20221203,198,34,153,2,0.07956236073479786,0.09629311766068213
20210908,192,50,421,17,0.062243576586328536,0.05356687304963346
20250911,406,49,988,14,0.03446263105777986,0.13548741417726157
20180814,118,3,961,9,0.06756448000436344,0.1278411890564671
20221118,158,41,531,8,0.04981280850997327,0.06483808720695025
20191017,187,19,9,7,0.06063000176066932,0.1037101310587811
20170127,217,25,652,2,0.04656620159863433,0.05788960930837797
20200206,47,42,336,3,0.10566648972973176,0.12617293855393186
20180528,373,26,640,12,0.05383930644921432,0.08124289895475581
20181231,14,15,151,4,0.09193451073055366,0.07868316511156397
20190317,363,34,829,4,0.02696092394976829,0.14248238363831506
20150905,149,7,715,10,0.13498545638052614,0.10030519702023868
20200303,472,19,616,19,0.07197584158459493,0.1219741088980744
20220415,470,39,67,17,0.02467905983204041,0.08191672333047242
20241019,365,15,405,20,0.12736636632739312,0.13495860030335638
20190730,152,18,622,19,0.09465112497268846,0.06850275603834131
20210605,264,49,52,4,0.09462783811623496,0.11658729230838064
20250414,206,46,948,16,0.10723893648871897,0.1379111535412646
20200213,207,34,886,20,0.0380461300578758,0.050534895276074604
20220817,406,43,268,4,0.02439386614078707,0.09659216640789009
20211125,18,32,314,17,0.04570872131206556,0.11274741164371478
20190115,485,17,367,18,0.023729364347432044,0.1190421687222846
20211129,425,15,315,4,0.10651134940232748,0.0867308039408122
20241110,254,44,450,15,0.023816027376432083,0.07469985787237368
20210215,37,40,327,2,0.1378945833267151,0.060947887369272306
20240731,318,40,899,19,0.10359717090608367,0.1378238403656213
20190301,135,40,518,12,0.03775684268623093,0.10471292412911934
20150814,421,15,145,8,0.08664639198921202,0.11514972264753881
20170916,290,30,203,20,0.10334781486031235,0.10140260203960785
20190704,138,20,967,18,0.12413978121814856,0.14731893168520735
20200126,158,37,278,16,0.06973960018900349,0.12889105371816098
20210702,33,28,542,19,0.05473275160796269,0.0648225730316333
20160413,1,18,586,11,0.03640818552302303,0.052586549561361134
20191205,497,42,719,17,0.06332377591497886,0.10984045626563363
20180215,424,5,962,2,0.06920292031135195,0.13986665639307377
20240121,211,13,292,17,0.0679365307959547,0.10810704135433336
20170401,280,30,461,3,0.0383008264315543,0.07161100757790648
20200927,53,18,69,18,0.06256313638340279,0.0878216969831748
20170310,318,38,89,2,0.1473173349349219,0.13166087887875494
20210316,448,19,500,12,0.14512011046810575,0.1124603340020518
20180411,420,4,470,2,0.07548491677293491,0.07111639017281955
20210411,420,36,632,17,0.06524360736471248,0.061337144001401826
20250507,399,20,93,2,0.08208545654915184,0.1030591543097048
20150116,317,25,258,19,0.1288844823181142,0.09082480673859403
20231004,348,40,107,19,0.05133877733282656,0.08558583885219954
20160620,145,22,708,4,0.09677896744693508,0.10491075013214751
20170601,278,17,917,15,0.07294913840146945,0.06050140379165203
20230608,387,26,816,2,0.11401692090706055,0.14315369185964694
20191219,13,37,383,3,0.05760058488013654,0.09065475921644872
20240609,172,16,676,16,0.04937013435733656,0.07521542485698526
20250220,281,8,963,11,0.02381628885688749,0.13276174757020823
20160528,170,1,881,12,0.14579349413480064,0.08655609552009036
20150730,490,47,651,19,0.07287916438477322,0.06060864335153472
20250610,7,28,50,3,0.12412241431866745,0.05803828383025891
20191012,447,48,668,20,0.04466716347994318,0.125304022221713
20151029,362,26,989,11,0.02912990790335845,0.13937838148014497
20180107,142,47,735,7,0.034678958636304,0.07737391885093557
20180915,401,36,749,6,0.08992292321809028,0.09091368738576609
20181227,208,24,195,3,0.11571124657626836,0.10722740576944055
20170806,72,45,40,12,0.06687237131797688,0.05447808548139857
20150808,471,28,550,4,0.1041803855799108,0.10276357291991017
20200524,387,46,732,16,0.11412962299658608,0.1330886590426752
20160925,110,13,888,4,0.030355657565286985,0.13577470307253836
20160623,153,10,905,17,0.03675368408685338,0.11517021438714933
20180411,237,49,145,2,0.054836809712295806,0.07979403896919518
20250326,33,39,526,13,0.026433347193078556,0.1311438037219361
20150214,414,28,489,8,0.06548700513342873,0.07670840969479817
20200529,301,38,244,18,0.04787276074494849,0.10819220514024705
20160503,43,20,221,16,0.08647098354287305,0.11220412996120907
20220105,300,21,455,9,0.08037229482597799,0.060337197987190797
20170129,54,41,554,14,0.021159911580489625,0.05199247011572124
20181117,110,2,274,3,0.14903930672263513,0.11858842516061288
20171203,66,25,950,2,0.07579695605396916,0.1380725334300032
20191219,180,37,47,1,0.07052196878358082,0.05074483479526087
20150711,323,29,600,15,0.12968237648245337,0.14315524764341275
20181002,149,35,52,1,0.08267966171796758,0.13679868215165672
20150831,313,26,422,6,0.10220812741942721,0.12881474237440957
20250601,102,17,540,2,0.13324692725860712,0.11973750465003076
20201001,191,38,83,5,0.04812693559001967,0.11640944872045227
20150620,316,38,427,15,0.13344115097814807,0.12729121373614555
20171210,26,17,587,20,0.027873771040533922,0.09089811725613701
20230210,284,36,549,10,0.05561685495427353,0.10948948596924801
20191010,440,19,221,11,0.04912599337105521,0.12948252096177382
20170321,200,34,31,16,0.05487489460490076,0.11886576153943354
20220125,37,36,325,6,0.09372341572965398,0.11139004710960625
20180411,206,43,380,3,0.14567489253927549,0.14537058613507076
20220407,293,15,948,14,0.13918529643292085,0.05849778369831468
20230425,461,30,521,18,0.04126628594015508,0.1090725682445509
20250929,129,6,945,10,0.1324291993461849,0.12709024308841632
20180505,141,16,758,14,0.10893719198079323,0.11264659727549581
20181214,321,49,970,8,0.053546193290601715,0.08396939472336636
20200313,159,5,691,1,0.10154016502086169,0.1391881449591968
20160525,53,8,462,19,0.048325377471178134,0.11837272486464212
20230126,347,45,807,20,0.05033558719309767,0.07880405809849923
20230406,67,10,2,8,0.10828105077706922,0.12880473814133986
20220417,365,13,356,1,0.1405952654301086,0.06805060214326374
20230114,266,15,995,11,0.11266727978685674,0.1313791816778418
20180412,8,33,427,10,0.06470677830600707,0.07201972970973083
20160418,490,27,189,2,0.058891464000567606,0.0807467371728817
20161023,475,35,352,8,0.11503333342345394,0.12631561576138997
20220702,340,27,508,6,0.07885136350418848,0.1258202664335722
20200522,380,50,707,19,0.05964300786596145,0.09426528111228347
20170828,425,25,799,15,0.06037757949267876,0.13232432580744657
20150205,323,40,167,17,0.11854327058373358,0.1235969449445889
20200924,474,28,169,10,0.08374273330786564,0.058117564434979764
20250609,385,26,357,13,0.02230035003854391,0.10326351983124032
20190918,376,48,42,6,0.07700761220743231,0.052671418753380765
20211127,446,5,347,15,0.08650196697347289,0.06921100512433045
20220710,361,10,626,6,0.10798320745284226,0.13226422962525397
20200624,150,3,707,19,0.02536747743821228,0.06602194840105133
20200122,270,2,587,9,0.13319517018988994,0.09875940939851865
20210210,98,35,867,19,0.04017612806401388,0.08833909473227838
20160130,131,6,610,1,0.13870755847596883,0.06003830405201939
20240906,273,15,151,14,0.031494292534328096,0.13608875300836545
20201129,351,48,693,1,0.09275767068148479,0.11347873695952586
20191008,170,8,562,17,0.1198493051593518,0.14397036845005107
20170114,43,40,269,16,0.14462572090605982,0.12348826377904093
20251019,157,14,471,11,0.020664116031738976,0.1147164872778277
20181001,106,31,262,14,0.020949272783686645,0.05468963094810986
20250410,332,48,759,20,0.06337803789319202,0.09540691948405106
20230203,219,34,918,15,0.02085565428098232,0.10438125467090953
20221121,381,3,519,17,0.12636440974118357,0.11636267044260819
20200130,194,5,882,11,0.03459946177015234,0.1296918732518344
20241120,488,2,806,20,0.0598225577906254,0.12635716381193748
20180218,24,16,942,5,0.1076822232255208,0.1193127946676837
20160923,32,43,171,15,0.057544312225465064,0.07665834052302026
20211210,15,10,125,20,0.07990729608133837,0.05012889297151773
20210306,431,42,622,3,0.10918865529960166,0.14321102939054522
20231022,103,46,395,14,0.1305893203179879,0.109845386166644
20220403,423,42,815,20,0.12091035725316468,0.11211544340038247
20170125,148,44,632,6,0.08749662625346258,0.05097479401469149
20221230,122,50,490,10,0.04747396934713354,0.09606584127690507
20211108,164,28,732,2,0.12097711183081163,0.08920916541493318
20240521,210,22,862,4,0.06050875844900369,0.08987168314096404
20250526,4,3,309,19,0.06736510564738243,0.11104957715968604
20221231,281,50,331,1,0.08591480650696469,0.09462478655295217
20230903,93,37,65,17,0.08995721814311723,0.135123740557522
20251109,185,2,241,18,0.022846265280222256,0.08374661434061502
20250918,124,38,995,10,0.022891789064447103,0.06880398138690944
20161202,23,2,115,17,0.08758001479568271,0.10407107862337442
20191110,59,44,896,5,0.048635732072825594,0.07393370617041609
20250909,241,42,263,11,0.10199000342219915,0.09811318757661794
20230418,491,14,848,7,0.07268448318800816,0.09082249398541214
20250209,369,3,399,5,0.025642627161530686,0.07455890239956131
20220823,376,45,174,20,0.08106338734858477,0.1281293191233478
20230107,96,46,248,1,0.0427817859749681,0.060398054979336396
20250726,294,38,730,19,0.06206173583134286,0.08948975561812535
20251124,64,39,905,9,0.10734496979772629,0.1296943881398478
20160401,387,45,589,13,0.029220139108361916,0.05720586800380725
20160921,21,9,966,10,0.06428980878607424,0.12408430111902705
20150715,103,13,441,14,0.02439720281839076,0.09123581696164175
20170804,373,2,534,15,0.12096670113493609,0.12214353575551365
20210725,56,39,1,18,0.051793329720482825,0.08202048810214718
20220107,345,42,30,14,0.12930382276237726,0.1486920081708198
20190704,279,50,218,11,0.029558537317309272,0.11984134928663495
20200218,450,39,437,12,0.12247236638564554,0.10692510502598604
20180710,396,23,23,4,0.051553515321545104,0.12846771308969945
20241114,464,16,156,12,0.13997338833235587,0.05065787495054646
20160624,156,25,664,6,0.13028112853165613,0.05962267313283756
20160912,424,29,244,5,0.023644438392920155,0.11785253090342741
20190221,453,33,289,15,0.1319727788347449,0.09552456808648734
20170523,475,12,311,14,0.1401589645787385,0.1443756533528135
20170817,76,46,879,8,0.06468917074364512,0.14010479825947914
20230905,84,33,815,8,0.0711833061531742,0.08760658536351691
20190705,154,44,587,20,0.11162409042602137,0.10925019925458995
20161008,374,31,509,9,0.0325334525614335,0.1094004141723042
20210126,330,23,616,16,0.12218510121653535,0.06067592579362979
20250912,16,48,97,18,0.12961647078064142,0.05421904057045895
20220603,169,4,525,4,0.0457705810997007,0.07772865379346053
20190212,31,21,315,5,0.14553788104749815,0.11979932793066429
20180703,493,11,222,1,0.04813478228945878,0.12856905182769812
20251004,255,32,252,2,0.04604412156173847,0.13358750573786193
20230622,398,25,77,13,0.14274705863886444,0.1443743731188165
20240102,402,3,290,7,0.1128231004519795,0.1068207969033642
20211111,68,1,837,20,0.10836209060730426,0.08347164135275167
20250927,280,22,969,10,0.07002726987745132,0.053066553197192834
20150429,97,29,907,3,0.09205521666123004,0.14526646396150714
20190216,114,9,92,16,0.10207288356613636,0.14934196649027148
20220716,76,22,309,14,0.046399675429551465,0.12738457842492512
20181220,379,17,860,11,0.11218956512362711,0.1300668711562617
20151127,1,16,836,1,0.12277531708240723,0.11983017919399638
20200820,376,14,560,1,0.1353401056622722,0.10193219449714688
20201008,19,15,292,9,0.14816348940881946,0.08869283060920732
20230113,269,15,298,8,0.1256821509677163,0.10631073971010754
20230824,499,27,189,19,0.09761804927518364,0.112298607791052
20150401,460,15,553,1,0.05760525475323715,0.06314181725117313
20231205,180,28,23,19,0.12279244894957461,0.0768478219558932
20220702,335,32,144,15,0.14435633172763634,0.05569510432704492
20200204,47,21,204,18,0.08598689796209803,0.0893476102822165
20170421,14,7,103,20,0.1432077421060856,0.07148618894535413
20211027,276,36,742,7,0.04057304686228725,0.10459035513169979
20240512,415,28,955,1,0.028840338121101365,0.0907434850302525
20211028,134,12,617,4,0.05332396031445641,0.07481946536544938
20150823,292,2,582,10,0.1181533682421087,0.09171879838371647
20171205,361,42,494,20,0.03225661074350246,0.08499165456703725
20160305,16,5,114,7,0.0206040886651253,0.11391825491782577
20230318,246,2,835,18,0.057433833051393476,0.05820381049643719
20151210,243,11,149,5,0.11606793441512864,0.12371817329723904
20161221,340,5,313,5,0.13422639310080067,0.10892448846172922
20170404,138,41,124,13,0.06000884062793739,0.14079841570872587
20160501,285,31,676,16,0.10439929885586963,0.056408948245218374
20250112,48,22,902,8,0.05069752906427609,0.05407777152054294
20250927,374,5,779,3,0.048214500957696915,0.11273675437817428
20210620,402,4,173,1,0.06221220709519536,0.0809605852639804
20160111,419,1,221,13,0.033844754334499995,0.1159258228447693
20230417,401,27,116,9,0.12636647933298378,0.08378319912302631
20251007,47,48,163,16,0.025977230318400317,0.12440874762265688
20220320,453,50,87,7,0.07070002477990085,0.13078186383341706
20251217,291,45,937,14,0.11758111696837366,0.1414295739425412
20220101,250,4,97,17,0.07710332661365378,0.0850228644793537
20210331,460,11,71,17,0.07600370118622327,0.08829946671142383
20200808,339,16,642,11,0.12737495087883022,0.11524343849745186
20161021,58,30,400,4,0.10971227224188525,0.07239543155465859
20231214,292,22,94,20,0.049830434276339826,0.1498908774333203
20200202,296,48,135,15,0.06025609027724907,0.08282517019518428
20160510,235,32,212,19,0.06958264468151704,0.11990292658773831
20200909,192,24,260,15,0.05999457001485935,0.13323522143274752
20250424,11,39,922,10,0.03394040779315061,0.061675105075082705
20180911,226,36,703,5,0.049366191130751934,0.053126307318997146
20200812,3,37,98,4,0.07739640594582588,0.14133956147721993
20170307,323,15,891,20,0.03955013240876139,0.05649160352563907
20211215,314,43,293,9,0.1140369875608899,0.1477252779762777
20170523,140,38,513,20,0.036112655701922826,0.06470100966110567
20211222,399,31,272,12,0.03742004012705488,0.11741090654220229
20210114,387,18,60,20,0.020389229893590943,0.08968735145852794
20170602,379,36,501,3,0.11432342397921272,0.06821985879550758
20240702,322,14,559,9,0.05201082348951437,0.12974388897157701
20170224,279,27,9,8,0.043189122137853996,0.08403604388402862
20200430,103,27,430,14,0.11242597888831865,0.056749458233795305
20170727,361,22,230,10,0.051523031689258605,0.11452504583757579
20180607,304,39,480,20,0.1401528876489556,0.13980105373190327
20250901,233,32,209,16,0.05416396344521776,0.14286026260145246
20210505,70,29,461,19,0.14072604434381702,0.10303622081132217
20250211,353,16,886,2,0.12061294148678868,0.1304337808154193
20190917,140,44,332,19,0.05734339649502297,0.07365167289366917
20240922,328,14,574,19,0.04334669247441704,0.14703050498220205
20211017,298,41,770,20,0.14012997287480647,0.06123211082653031
20250111,307,46,5,15,0.04512137703680321,0.0630847969123748
20250223,489,16,891,5,0.08374639700342022,0.05162957453986464
20160126,281,4,296,4,0.07357368759404083,0.0656268905442533
20250707,225,30,744,2,0.12418885618492093,0.13836877002432896
20241231,298,42,977,9,0.12786688295228463,0.06093886175687058
20170108,361,21,409,18,0.07314956383330017,0.09880925843114773
20200315,447,30,754,9,0.04645047534273303,0.06757258091778122
20220112,289,50,82,10,0.025931400486671696,0.07819561973171421
20170302,494,13,469,6,0.09298979962843777,0.12007623110307133
20190823,161,15,370,17,0.03935106144587453,0.08541538030609798
20180516,477,27,81,19,0.12023109055655193,0.053117704789360023
20230305,365,47,503,11,0.08562556216702814,0.1262575543263325
20201207,30,47,632,1,0.1278401310311219,0.14692295255873744
20250218,377,9,964,2,0.11798518590091961,0.12271518069365964
20210624,15,8,6,6,0.06698702814605074,0.0962727185315555
20181027,143,45,217,16,0.07591669454768724,0.13131555173609144
20231112,312,49,676,6,0.07245880051642643,0.10028416465647072
20150720,125,29,805,12,0.08204146985419307,0.14918888701058386
20250224,201,40,413,3,0.034579834552676776,0.13890089777032189
20160307,180,19,263,16,0.09024903049151105,0.09643834220547724
20200308,14,17,830,2,0.13954704108402147,0.14404740143239675
20181107,493,35,85,13,0.09881986881085592,0.1318352715675403
20200501,362,26,900,15,0.04489626411022825,0.12235416439595216
20180201,420,5,112,18,0.1319223997910892,0.12955509304096685
20180627,425,7,971,13,0.12835069008082278,0.057597373938645294
20181130,320,24,864,2,0.07460692203438733,0.06157542021703574
20220504,450,13,315,13,0.030326338791510046,0.1009545611247828
20230902,419,25,466,13,0.10523882610402166,0.07852013051321798
20211108,89,6,138,12,0.0381318094613106,0.11899377838049004
20251220,14,40,721,18,0.06513586435354171,0.0869185526422899
20191107,172,39,391,8,0.0830977362027363,0.06207185746797477
20190611,183,42,93,5,0.1253210194432817,0.1134516126642394
20170405,450,19,753,14,0.05968935673068483,0.09623989937150079
20161026,107,30,99,9,0.10465580397226448,0.09591276943708701
20230601,181,34,818,5,0.10599239437195089,0.109191965515785
20210308,493,19,97,11,0.035544429512357686,0.13594742147933703
20240130,181,37,960,2,0.02019182867031761,0.10806265816713109
20210721,224,23,194,19,0.1300826646853983,0.1248564334302581
20210221,2,27,458,17,0.04055591103631337,0.07995237595832166
20200224,431,48,351,20,0.045459756656806766,0.09541161810047472
20180611,311,17,153,16,0.09241099767923755,0.13321595689203647
20240311,484,15,560,16,0.04438644580141467,0.14883096967838727
20151224,475,28,334,13,0.06784816285524131,0.06826958945197387
20211217,212,50,579,7,0.07371509910309931,0.07332601567753175
20160817,105,11,769,19,0.11965771837108939,0.1054622702810271
20250311,429,5,371,1,0.13097619349210532,0.14400097660831723
20150711,40,16,924,5,0.12308169256950732,0.1374331085330759
20191015,229,38,258,15,0.03842159175023201,0.12938695682659673
20221123,356,14,648,6,0.14877886242620694,0.14606810551053842
20180522,329,19,358,13,0.030383998861202778,0.08849951305421602
20170210,445,25,98,2,0.14025600297548657,0.0709634253650884
20170926,33,35,387,20,0.021963927602103264,0.11665606442796687
20190522,321,16,640,16,0.0515025443016882,0.11265955356141545
20210412,361,21,463,18,0.0896930374843726,0.08236741483817447
20230823,182,14,775,16,0.08159057023471981,0.10909610671789266
20220306,387,25,44,12,0.030895249012120304,0.07771164302227122
20210501,449,36,122,10,0.026766549008862925,0.08760876644360864
20220701,306,10,331,6,0.02985519265924285,0.11618936285640057
20160124,403,30,44,1,0.13401007802861087,0.10834394932120989
20200722,63,15,178,20,0.03630572974638617,0.12602787151895603
20250916,259,10,849,14,0.051549396560662555,0.08186051926371454
20210125,297,47,217,15,0.13952838626524058,0.1473201945151077
20230729,483,2,286,5,0.1280007089563402,0.08924580624456455
20170514,434,19,821,17,0.06032181389644069,0.09105963961485637
20231124,294,35,586,18,0.0425032344201733,0.059209499320143535
20250802,4,23,479,11,0.1462074728534717,0.14557390760288252
20241216,203,28,428,2,0.11408559585361082,0.06587749606814763
20220530,423,1,626,19,0.12691857981949392,0.13696426511872994
20191228,35,9,456,15,0.08091787421934916,0.09338416574449049
20250806,218,40,886,3,0.09138580819206868,0.05251844547348588
20241222,444,4,215,18,0.04055369483215494,0.12328106594355297
20160128,23,5,68,9,0.1031839808138537,0.05297294808724821
20230819,133,9,866,4,0.12684097211764628,0.10258892752500517
20250317,296,8,427,5,0.13250179073501916,0.13561380361841768
20220306,52,48,615,1,0.03820826725425057,0.1120057833543143
20170730,368,1,238,6,0.04501827392506828,0.13044883336880314
20241013,43,10,568,8,0.04635851571991542,0.08549428913796256
20190803,494,41,637,12,0.07447292175987259,0.08916890695587443
20160607,113,23,565,10,0.08486384704332865,0.08322833022472448
20171015,101,15,960,13,0.03542295595547577,0.054301718855355174
20170410,42,5,25,10,0.13480927101495352,0.10854911215809858
20170224,334,46,566,11,0.11481713516511954,0.1454333602616805
20160702,339,17,160,19,0.13424462130333012,0.0588429597849819
20210723,301,16,44,1,0.11622804507904734,0.1297026177465434
20210323,266,3,189,9,0.08961677176462274,0.06460339921176293
20170126,386,29,14,10,0.14126010695426916,0.062446345605554954
20181104,378,24,969,8,0.05166260585377362,0.07165340095586968
20170906,112,16,132,17,0.12799474657391816,0.14353830231284484
20160425,195,26,504,16,0.12693693978116574,0.12560425484565907
20200130,332,47,641,12,0.07725367346846373,0.12274645067972613
20200210,39,39,786,18,0.10709534114830092,0.13820516374580102
20210203,14,25,848,12,0.07940910012913428,0.1278858983160015
20231029,98,9,265,3,0.11378113127686627,0.054960026848737825
20181229,450,12,378,11,0.06582401392249997,0.11517745986215311
20191012,96,20,658,17,0.026197175112654604,0.1097742125228269
20160111,255,26,683,17,0.14739871063256405,0.08649901757522108
20251129,145,25,239,14,0.1428988817786232,0.1471274037897062
20190629,341,37,600,1,0.06285605440750265,0.06645431898193623
20251224,475,4,909,3,0.025816815943396076,0.076011731818751
20160409,286,30,818,8,0.02612027891542904,0.06706441745533523
20230705,159,45,330,13,0.08168354592276095,0.11597174373782984
20150825,163,11,236,6,0.13200317917257792,0.08025343558951997
20201222,117,22,741,16,0.053213256398771655,0.061563056809735596
20161121,139,24,184,18,0.026379863268736835,0.12349038135374792
20171107,488,10,129,17,0.11499003585709282,0.13513087784728833
20190215,196,16,940,2,0.1294083100925959,0.10279538141707176
20240519,443,3,68,12,0.038081396763298664,0.10015072695927613
20191117,321,16,96,9,0.0685005030279584,0.12531566344433254
20171027,81,11,6,16,0.061269061393764424,0.10655678274341143
20250505,228,5,977,8,0.04788705228604423,0.07472597957444738
20170614,283,7,454,12,0.03291573983246031,0.058962240830941974
20160923,112,37,52,7,0.020640168749380582,0.11608770747146709
20160317,224,18,240,1,0.12014933978325593,0.10344087157312251
20250426,50,43,270,10,0.13686136088065814,0.06355922402637429
20150330,384,15,222,10,0.050918975872203245,0.1382054539721142
20210706,233,15,643,10,0.048588499650836614,0.06053716338985968
20230717,181,45,157,4,0.13006034100591973,0.1321283312803335
20220826,205,45,764,19,0.08892959292878914,0.10452254486135103
20211227,268,33,392,16,0.05311043877718255,0.07419530556486613
20160211,486,40,327,15,0.1484119032155489,0.13813708104483347
20240429,69,12,171,19,0.10086782051665773,0.14955604704121295
20180512,271,31,818,16,0.12620137724255373,0.11163608461932717
20240728,234,48,28,3,0.14563112728974603,0.05208149027660075
20191025,475,31,604,4,0.06185322826131123,0.0989359877025136
20151004,462,40,127,5,0.10942086421552907,0.13045766336755626
20210519,455,1,669,11,0.061337547451048954,0.13257394564791153
20241223,199,50,437,14,0.1415230055176083,0.08794410086081818
20230215,487,41,497,12,0.14901324288487694,0.09413429815862023
20200907,151,15,203,8,0.08249400229378573,0.07441945741529038
20150901,67,38,37,6,0.13341257163631895,0.06094278521364987
20220513,149,29,1000,18,0.0339155199802509,0.12966321645566692
20220412,72,42,121,16,0.022669202983962987,0.057909218902146634
20180117,197,19,204,5,0.1287676379008996,0.14973482940098315
20220301,418,1,655,17,0.1021635706755855,0.07915860961427848
20170406,385,12,93,7,0.08300767088812808,0.06743627043603646
20220401,371,46,567,15,0.0757373350433115,0.11909008428020364
20250621,46,42,525,9,0.11101076420288179,0.09850186928163154
20190516,78,38,409,20,0.06336883663056561,0.12108697070399493
20170524,302,44,927,6,0.03074518788535245,0.06919251153348435
20160416,325,30,936,3,0.04777498552535572,0.05728343564500511
20170827,294,46,846,18,0.027038048935007497,0.07682087109829908
20250917,263,1,605,4,0.07458594632395912,0.14919684572429864
20231117,403,34,406,11,0.13933085173794862,0.08503794504181263
20170915,290,12,305,18,0.08451038651898547,0.11228625005405615
20160726,328,48,249,17,0.14249950973925643,0.10941017715310156
20230206,442,40,793,11,0.03096312024929747,0.05764783874896572
20241101,304,10,932,6,0.04011364961849191,0.12131839635763614
20170529,57,33,909,16,0.13413845053243342,0.13970950158846124
20251209,382,11,467,19,0.1035340351899416,0.10546574504479986
20210718,413,34,910,8,0.09913005954890004,0.11839314816103895
20150221,156,28,664,13,0.10612945652556995,0.11122298186802787
20191229,486,33,576,12,0.13182913723007156,0.06277234217322138
20151012,449,39,898,9,0.11593307818413878,0.12239689002027221
20200719,223,35,463,7,0.10496837289599786,0.11666970551156466
20180804,73,32,839,7,0.13613504938538037,0.06937534455622799
20240807,465,38,384,2,0.09933261842744373,0.10193660795511236
20171207,319,4,250,14,0.14390183781352633,0.1171972778161041
20201220,332,42,480,6,0.10889266353200096,0.053496819597304957
20170618,156,42,940,7,0.041332942952714585,0.05328735951320174
20221009,392,21,902,2,0.030439982356447425,0.12705349785787995
20190301,413,3,700,4,0.04803465283839604,0.08661465752369682
20160319,310,8,670,9,0.07533553107612614,0.06138835816010142
20230115,19,28,971,16,0.020335241727306202,0.12006654594727335
20230207,169,27,167,8,0.08229832465943104,0.13208455693164173
20190814,230,1,832,18,0.13420780442858835,0.10965265145664346
20230119,78,1,504,14,0.14254663140678014,0.07162340317282109
20171226,170,28,544,14,0.1312410617603999,0.11069732566823963
20170808,278,12,460,3,0.060778152389426784,0.1144085782618862
20230211,414,49,203,8,0.11952017162404714,0.1373636579931477
20170508,453,15,807,17,0.14287530720682814,0.053258702071254285
20170204,263,32,223,13,0.09125994225905273,0.14645331926145466
20211016,141,38,131,7,0.05082188895881504,0.058612998780023434
20181210,182,12,984,15,0.11844012108142331,0.1355200057439473
20180524,113,6,829,15,0.14968836402111185,0.08743069249002758
20201021,131,38,187,16,0.029366587734066966,0.061669282992177825
20241106,477,16,174,5,0.027789847980240347,0.11127390008001012
20190615,361,13,221,17,0.12864201634091457,0.11634884100387352
20210805,171,40,541,17,0.03508921455985648,0.0653853458152305
20190104,291,46,985,8,0.08057059999356221,0.0690882496708632
20161128,133,37,636,8,0.04954439706287885,0.08232288316224409
20211023,445,50,912,3,0.04401411954409131,0.08385673610289661
20150103,244,31,635,2,0.09583135131470616,0.1138052055798481
20170701,293,30,304,12,0.10318748710987628,0.12164019762249582
20250514,306,28,543,2,0.087262433689083,0.1132474592418325
20221204,330,48,742,20,0.0449524213124924,0.0831128066319147
20171214,364,50,56,8,0.09478668653089585,0.09518103363240851
20231003,194,29,197,11,0.09611999644866964,0.12624108387954205
20190202,166,38,502,19,0.03145247943597675,0.07329114824561694
20151224,432,30,904,7,0.04790706012839001,0.12566275019389006
20150122,356,28,640,20,0.07306735323606424,0.14399961811111286
20160524,456,43,752,11,0.029250934945891142,0.12764271671257377
20220129,233,40,50,8,0.09214975681193315,0.1445924164902907
20191029,419,38,668,7,0.02484398311716277,0.13131508531003647
20240112,220,2,319,2,0.13049419595405312,0.13285078682085633
20210113,113,28,473,3,0.09226403980078059,0.05095902039063943
20230212,1,4,655,10,0.06391094055968362,0.13848971884343786
20180401,150,42,772,16,0.13710371977531888,0.07114082530251373
20231016,144,42,607,10,0.08872032785777592,0.1332552827382082
20230601,292,35,82,14,0.09008542695352907,0.14812242458096792
20200510,309,21,352,14,0.07675929921265046,0.10915836788371397
20180808,233,13,654,13,0.022305675322277525,0.05749577690853941
20180214,399,20,133,3,0.13066616310860665,0.12315983089686901
20151025,236,26,338,13,0.12365052217670876,0.13102048648318743
20240404,88,43,399,4,0.05124144652364029,0.12641086765434728
20180816,474,13,843,18,0.046831014799867676,0.10456477571672748
20200404,331,19,279,19,0.10201009530883018,0.11664609645679622
20251110,25,10,2,18,0.07371304346369398,0.10134560508078308
20200321,240,46,797,2,0.05006695308851729,0.09297579060425032
20190115,128,49,101,20,0.10136843160668783,0.13679866222462816
20200318,43,36,611,18,0.0498661810734122,0.11273646305976373
20200516,146,26,958,4,0.10189622125488412,0.11884085730327414
20170919,73,4,180,19,0.13495920783246215,0.06007487478930637
20250517,63,47,409,7,0.03844975849712694,0.13823333010839434
20170730,33,29,809,8,0.08864255201207892,0.10914063720130454
20190716,77,50,755,11,0.07391790547791623,0.09574411498540805
20221103,181,35,46,9,0.06090343587291301,0.1253576030587505
20170714,12,45,759,4,0.04418061412827551,0.13729197890958944
20150110,477,3,828,7,0.0764821538688899,0.1098087260355157
20190228,416,19,1,19,0.07398730023685297,0.08721702352913471
20170722,114,22,695,9,0.13274733409317385,0.14869848641033048
20240126,270,12,769,18,0.12194157837276001,0.14932478354819606
20180208,272,5,244,11,0.13120292276746012,0.05370203233191345
20190716,109,19,136,8,0.08559277897320923,0.12208357503351765
20200317,429,37,182,9,0.1477856379591604,0.10190502244383441
20220331,19,47,454,18,0.052304733413697305,0.06223472486441303
20220519,357,8,950,15,0.09044099417003848,0.13203142311914207
20210426,111,20,260,20,0.0781278025853342,0.09265178738179114
20150721,186,17,529,7,0.04680794384861407,0.12257696300918264
20160929,404,36,269,20,0.02288339252867665,0.1446920435814708
20220411,440,13,493,9,0.1280687019272133,0.14977423266988038
20250424,261,49,15,11,0.10956409099349497,0.12083683868748067
20170808,291,1,299,17,0.12366672219538982,0.10230625970256657
20180802,262,22,374,5,0.1407200707428006,0.11360507295983485
20170701,38,27,135,20,0.056241399611277304,0.1446261896439891
20160111,150,40,39,13,0.1490688951572791,0.14714990908747302
20230927,158,31,871,18,0.12749938925479187,0.05217151555784172
20241107,262,45,860,9,0.1378796441974077,0.11161955250936728
20191112,375,50,912,6,0.025729264821600067,0.11710173617682797
20180721,82,21,381,4,0.08720836799777153,0.08297310312692217
20190518,253,22,163,3,0.10805767549126558,0.05520256268762208
20190929,132,43,935,6,0.05751624373789338,0.08943646853811009
20170317,118,34,29,18,0.07528926838855526,0.09925735319447587
20201030,267,7,321,14,0.03831240013657383,0.05857285507695642
20221004,72,38,810,12,0.10240193582149332,0.0818025939079014
20230430,84,18,863,14,0.09151904447736858,0.09566386898742699
20200917,153,45,424,14,0.08556298745655054,0.11459984962453665
20221127,384,21,681,12,0.03487726789399229,0.11057013128515933
20250328,24,13,78,6,0.09696129871935255,0.10134941865581462
20191012,316,31,292,18,0.047163071752430286,0.06823668600271879
20181006,149,21,865,10,0.12245292799626822,0.1343798168487355
20151004,272,7,9,2,0.12423304660518365,0.09781845236244952
20171121,179,3,481,11,0.13326158503863125,0.1317651916160255
20250422,362,48,778,12,0.08065588222658955,0.1262497718572398
20250316,53,14,542,15,0.0771368127912041,0.0824284880191699
20230903,392,24,917,9,0.022017213441447397,0.08289732115857959
20170213,316,49,438,7,0.033799052006585714,0.08472309876991507
20170911,455,45,49,19,0.04420212108793051,0.12746123559577102
20180521,243,22,227,11,0.06074085185657889,0.08805139938609984
20190704,257,34,236,15,0.030820540078853736,0.145154055776119
20200403,180,38,193,4,0.07739509208397687,0.07302581868910753
20220130,259,48,431,20,0.10734570433162113,0.14911858037557146
20230427,86,35,530,9,0.09545383652996918,0.09319595801102806
20171004,329,41,411,9,0.12219293040580329,0.06798373337837194
20200614,155,4,595,3,0.055350806198505506,0.11013082786891978
20170819,465,4,892,1,0.04599139457414235,0.0708905229588049
20221027,260,6,602,20,0.06197324145576634,0.09434896625927139
20170916,23,16,805,11,0.13210446434415046,0.10944360359331237
20250818,210,44,436,2,0.14228806772648994,0.10190748531330504
20240816,87,26,457,19,0.022945004251474686,0.12483003345103501
20180423,109,8,820,5,0.05928778890554186,0.08075786997757804
20200422,122,35,964,14,0.07634806116681507,0.11413658267522926
20200729,314,17,858,7,0.044374118757261265,0.09227658564364496
20220628,154,25,35,16,0.09081033860136524,0.141301012883297
20230129,213,37,256,20,0.10539192677483522,0.06829586478469266
20170630,139,35,197,2,0.14012416443830683,0.13712357791041457
20150524,459,46,866,9,0.10386621283129097,0.11536187045488774
20191125,476,15,795,7,0.03157356146364874,0.08834877191781822
20250825,202,50,374,1,0.0868168656248062,0.14984954077513712
20201007,135,8,816,6,0.11938293512043748,0.1144173499105391
20161014,433,42,200,9,0.1363309807040937,0.14538056435036545
20160714,423,26,779,1,0.1468662583187351,0.050620211947080586
20181112,68,12,54,2,0.12318163290916662,0.07317084457554458
20191210,257,12,756,13,0.024872788530905954,0.0625734402409459
20241222,172,38,803,19,0.0683226325526329,0.11477418588171233
20240625,92,50,416,6,0.09131082906101433,0.09752946670634774
20160221,458,17,973,15,0.1034673315382837,0.10858089752455141
20231016,48,10,329,6,0.045434197286492985,0.0963985129473541
20231016,34,32,605,14,0.04174547020171704,0.12606268746591454
20240820,328,36,942,16,0.0681049410889455,0.10453161575131262
20171010,163,25,51,4,0.06330017414656544,0.14591194677858843
20150502,402,23,763,6,0.14503566604728113,0.149847136462199
20160529,128,35,429,3,0.061649348899706496,0.05707322979373867
20200616,482,34,844,2,0.07569788793289407,0.13358582281616632
20230120,452,32,502,2,0.10473380012609601,0.13186256209926087
20150506,163,39,404,2,0.07487578404185508,0.1127745081125302
20250128,229,15,89,4,0.14132997208751508,0.11458095478576899
20220629,453,34,211,8,0.1367686604184987,0.11736009435327631
20211226,438,27,629,6,0.08481202014070359,0.08499895398656289
20230720,459,6,331,12,0.0538226886004254,0.09069430251540296
20190215,412,5,566,20,0.09698984826133825,0.12981739471109488
20220307,51,2,289,5,0.020245336747722456,0.10175922708738265
20170302,351,40,696,1,0.03767100412916011,0.10862527782668649
20210828,464,14,190,18,0.13570565751596467,0.11214416200747823
20221128,415,41,579,1,0.05003597690383095,0.0868643165021331
20250828,448,5,246,18,0.11474238375105662,0.13890141373760045
20220429,52,35,124,18,0.038864698305613565,0.05016549305578996
20160314,442,33,65,3,0.12030675280522057,0.1145232522459202
20181109,186,3,222,3,0.08086748410097841,0.10059484276809191
20240928,405,17,237,3,0.14254439978189773,0.12057731844506475
20220218,98,48,984,7,0.0342088011836867,0.08797580217217862
20220929,239,27,76,2,0.07276907137280036,0.10569228697662189
20250401,425,30,337,17,0.02055497085715258,0.10418730431480498
20250612,174,37,290,15,0.09285983426800933,0.07037867739527295
20240410,276,17,626,14,0.14259921070436996,0.12072029194313573
20210726,229,37,566,15,0.04339112279239757,0.1361122072315562
20160903,68,10,592,11,0.09800890501799822,0.09762661889794017
20230601,105,40,334,14,0.14603708779950234,0.1427370220928658
20240209,237,1,110,6,0.04865943874895364,0.0698807733219121
20190528,355,49,294,8,0.04592892579650608,0.08941549240997683
20250211,248,50,504,19,0.07630148854060953,0.11930242627310624
20181107,214,43,65,8,0.06238729241760316,0.09575182787866297
20250421,379,45,770,14,0.08365768063000177,0.06399382911088987
20200715,458,2,326,8,0.13018670484559672,0.13395859359669612
20181227,280,36,945,4,0.08252540768745506,0.09804116021443168
20170726,112,27,904,5,0.14448048658256735,0.10351660380545367
20160303,10,37,953,1,0.13701517737895216,0.051419789847806534
20230523,152,30,374,14,0.1435974915847452,0.09800187417241332
20200221,312,46,921,10,0.14656564602842842,0.10433722403894485
20240413,256,21,795,2,0.0356845980134208,0.10712967576385683
20220706,307,6,88,17,0.1376607654019534,0.14169337503741586
20201229,33,5,894,9,0.10508233097438674,0.08771006909261567
20220214,471,15,16,5,0.023323861187471265,0.0826712417174423
20170317,250,40,444,3,0.12845460401406048,0.05338813938194686
20161014,368,17,493,5,0.024729467421705276,0.08655377302801885
20150828,375,44,421,2,0.03573516799578835,0.06936796589867475
20160118,311,13,797,18,0.13336117633098266,0.14516728817014513
20150713,317,24,89,19,0.044688846719898735,0.07403167675576552
20151120,257,18,198,6,0.05275778942125724,0.11988624709882516
20200118,218,37,410,16,0.021702368572374245,0.10089207579826662
20220824,459,20,200,15,0.11262216109710504,0.07699307635722319
20220320,24,39,575,15,0.02299090785815722,0.132421004725103
20190227,184,28,87,8,0.12273534948830925,0.07318835001791732
20220217,207,22,952,9,0.14345548024256857,0.07216270068987672
20201216,334,25,981,5,0.11449915271591278,0.11317498794243895
20181204,382,15,392,20,0.022493483045765417,0.08832794882192217
20170115,338,36,155,20,0.06702910412289403,0.076551657077813
20241025,216,48,678,1,0.1426539364579009,0.10863539158872315
20161027,20,40,489,5,0.07630662687756,0.07659314047834653
20240128,183,45,922,6,0.14784802222648627,0.12149720246571001
20210927,290,37,771,7,0.12227659067158811,0.13555936513420813
20180315,471,29,879,17,0.04957282099993457,0.05893291992636565
20160923,128,38,237,19,0.07420998828228965,0.1365416892798534
20170610,446,8,657,18,0.10524702044727066,0.06174561282360094
20201009,256,27,744,11,0.12370605838558958,0.14562268653147595
20250603,267,11,610,17,0.10235339011466951,0.10108198439341808
20191202,389,46,53,16,0.06192149744265585,0.10803387756036381
20210406,137,13,969,6,0.03075225543436422,0.14187105306714276
20211119,255,42,792,7,0.054370906169853336,0.11946406038666234
20230416,63,8,292,4,0.11934485282092724,0.14839861080046307
20240317,373,22,595,14,0.11543046338251053,0.051965912681241434
20250105,113,7,456,10,0.09268069674567046,0.12583911255966468
20231025,81,10,488,13,0.03357953148170305,0.10626235380637847
20200315,75,18,419,12,0.06006856068699343,0.14922530568048387
20250325,107,50,979,1,0.1394497826018884,0.1427689978047517
20180902,309,6,172,7,0.14827901671479074,0.08456876654029151
20211027,308,12,531,3,0.09927325286306453,0.09042291421997925
20170810,293,13,886,18,0.11516217815911381,0.0825549308737509
20200522,349,25,687,19,0.12511878300247634,0.07984590128079759
20250924,434,46,466,12,0.07651544279252845,0.09311334041920152
20180924,152,42,353,9,0.08174768215424381,0.08602618193107725
20240623,427,6,30,11,0.09186340499627903,0.056430863264514276
20210318,333,23,608,14,0.04214164219256383,0.052861048219448536
20210428,74,7,447,5,0.08685124105706163,0.1069303076329749
20230529,390,5,198,20,0.09553810005267521,0.07363102584548334
20220922,266,31,791,9,0.1325605219294684,0.11636349294467975
20180127,314,17,664,16,0.09635657384305688,0.10139464517630853
20200618,92,37,552,9,0.06342753960597919,0.05316389797843029
20240308,70,42,116,3,0.0885195529266678,0.09745758977693453
20160817,291,15,61,7,0.0641380977486114,0.10627906496355687
20150823,199,41,275,18,0.05053705401095342,0.06873067783755937
20190519,266,26,492,10,0.05902215590200212,0.12145894310936861
20150704,204,42,277,19,0.14894288165388597,0.13975607401171045
20181214,5,45,382,2,0.08748628618344897,0.14159501018866333
20241229,168,17,725,19,0.1489793568991492,0.14366701761631373
20200721,439,30,707,9,0.05042669920167651,0.07637872352719634
20240218,493,48,813,16,0.10327887701160182,0.13517588757557958
20210405,383,5,145,18,0.14568324772462382,0.08708344665107717
20230216,312,5,197,12,0.13614209964934468,0.12009100467054165
20201002,283,40,947,13,0.11514832047699096,0.06513470591531866
20210804,255,11,710,5,0.09153212903388924,0.07853729504389256
20210321,147,32,171,12,0.0689445955317004,0.10931737070795933
20250901,177,29,449,13,0.032625020128200094,0.11358257759562802
20241118,457,50,265,14,0.1495544720514969,0.14001559250577372
20241027,479,23,276,7,0.039569359692236614,0.07019169188857266
20220409,447,49,193,4,0.027479078150268097,0.10988972140468498
20161012,207,16,717,20,0.040049442830328616,0.07404543510171063
20250324,185,23,185,7,0.030010726063413286,0.07965665952212246
20160904,88,18,142,16,0.06956933729197581,0.13272972003444772
20230411,334,9,338,15,0.022702378070158357,0.06374731794549987
20150627,394,41,148,15,0.05836052501919976,0.10810136054209477
20180913,23,44,316,4,0.09424747973563873,0.05202030919543182
20151116,440,3,94,4,0.14522896174057376,0.08764561115783417
20200507,308,1,391,20,0.043523786861569186,0.07228836990917156
20210429,19,48,893,1,0.08408110333856343,0.10410874008150545
20171101,214,49,767,1,0.12240252721097782,0.1080623409004374
20190223,142,21,796,19,0.026404374127140934,0.14285424349945874
20160617,90,2,976,1,0.09518384960507781,0.09697243552611251
20230626,485,8,482,17,0.0730688867351942,0.14186237527318002
20190501,20,47,389,16,0.05378821313613599,0.08629185759252989
20190928,210,30,942,2,0.046524250787632136,0.08091957257281276
20210502,276,48,490,4,0.12583796406059886,0.11815635879357234
20240922,72,3,143,20,0.1448548221843125,0.0847726570984903
20210730,215,20,121,9,0.04002780751424205,0.051089767948817005
20200815,240,44,218,7,0.026391845776455394,0.12373120739866598
20160829,60,26,430,13,0.1438142975421249,0.11487599697980519
20231022,122,15,685,20,0.1059020807924182,0.06305785150396116
20160722,396,30,579,16,0.14240702905848554,0.06344967367345258
20230407,65,1,97,18,0.09936269872499727,0.1305210029231325
20200617,336,14,147,17,0.10754442420290766,0.07022121147843345
20160121,278,8,928,8,0.02514962237829518,0.0886418141385297
20250726,474,35,852,13,0.12001205742957535,0.10031713932266981
20181124,15,8,568,9,0.11311271770835395,0.12138275137844322
20220410,217,49,547,11,0.0842238488670389,0.12214269178563456
20161021,438,22,916,13,0.12852602366298252,0.14033475619914862
20160326,392,46,880,3,0.03230968868642858,0.10176528341920676
20251020,296,16,652,1,0.09743899811366019,0.14521540902553723
20240228,308,19,769,2,0.07290967822608584,0.13247638968692257
20160324,167,10,310,9,0.03269399108663905,0.06434898478790865
20220215,89,3,439,10,0.11261662986664946,0.11211837982100623
20191017,30,46,44,5,0.12912328654621297,0.09531250534742955
20180809,294,49,918,9,0.1207596719455609,0.09991556222971401
20220826,191,22,297,1,0.06547500265014126,0.07563198605781661
20220510,415,48,967,3,0.06637643321246761,0.09649584163680644
20210331,330,43,243,20,0.09190708501946616,0.0813018398160628
20250801,136,48,59,15,0.02678936888564263,0.09409929171047192
20190409,256,44,888,6,0.05744178654309039,0.06465435527894967
20180925,94,6,107,13,0.09701182945241456,0.08653219716289004
20231220,42,32,19,4,0.03498723835416884,0.10406198243495518
20160206,49,45,116,15,0.03220995504344154,0.061089538094862256
20240705,360,14,31,19,0.05585537256510077,0.14670009963792263
20250706,58,49,258,7,0.14574226088831954,0.12682976902474052
20170813,104,5,702,16,0.0914220802671237,0.11261062153041691
20181030,283,39,491,12,0.050330633748355405,0.09304331928096975
20150726,423,43,656,5,0.09541860144799025,0.081967686650494
20161119,37,35,790,11,0.10493065769151107,0.12494359435048652
20230117,257,35,220,7,0.10259889809949312,0.14323356104103263
20201015,126,22,50,1,0.1328460915822255,0.13117388846048522
20201109,459,7,205,6,0.06686422985594316,0.1124215734853708
20200321,146,10,474,13,0.14757405101332502,0.14430819318890514
20201105,267,9,754,20,0.1430169161010939,0.10064242683890556
20171119,211,6,106,20,0.042681987166809585,0.13694384418748187
20210520,444,14,703,3,0.04403537204927047,0.05899836961989217
20181027,347,26,22,11,0.039492285519303616,0.13184074582984268
20240507,446,20,209,8,0.12570582512791456,0.08114533807475671
20211129,380,18,287,2,0.12150120121232427,0.142112766098844
20190823,29,50,252,16,0.07563688490762273,0.10109597094488447
20191002,356,34,937,12,0.12946103696899533,0.10351776593556308
20150828,424,25,322,3,0.028094836559649963,0.05458381500571927
20201127,348,18,396,8,0.11192396794801732,0.07753123115640287
20220223,92,20,341,8,0.12406452771685192,0.07858522822526084
20220625,474,47,234,6,0.1327003066078614,0.08100213457405882
20191010,233,40,314,10,0.04018986074785935,0.06894844931591453
20171205,328,12,335,5,0.03362680898086572,0.10388906094746608
20190927,311,13,65,15,0.022856403760323232,0.1332301052740869
20230601,359,16,393,12,0.14148846496300516,0.06243934572038893
20220115,376,16,325,19,0.057398933856294854,0.05148261602514314
20160920,491,12,996,7,0.1197090989854753,0.07319825282416367
20180603,225,18,316,14,0.07950937429448057,0.14288892881551823
20211206,169,21,221,5,0.14456955335973862,0.0993944854793544
20250116,36,1,521,14,0.13394704656183057,0.11534701675198065
20190807,148,38,185,12,0.07123737451212268,0.14940640400728628
20151112,88,38,863,6,0.11358834987173815,0.0576107169875311
20170503,202,32,551,12,0.024818753099260602,0.05625817359204008
20180817,124,16,641,10,0.07609003609146259,0.08128311897717247
20221214,242,17,954,11,0.09006014140518447,0.06669964367418083
20161016,439,5,274,10,0.08383228728631881,0.06000722003784057
20201016,282,15,27,6,0.1346335733347818,0.11525912377512217
20210227,235,34,998,9,0.03514054063089748,0.050489912164650576
20200115,60,45,40,19,0.09327796474679817,0.14400788633829958
20211017,39,29,658,17,0.13650797344901613,0.145105149828698
20240603,444,32,695,6,0.08361850006235642,0.12759038151032515
20190421,313,18,64,20,0.13054533559331993,0.10951550322429186
20150720,351,28,560,7,0.1484566371317027,0.06545541209030364
20200404,288,41,520,17,0.04535980770243014,0.05834570167623441
20200609,204,8,819,2,0.13216481566894378,0.08080990554482001
20250108,286,26,875,9,0.14665725508662295,0.05124970635081654
20181108,96,32,260,16,0.043622167553302144,0.14261315596301846
20160406,467,30,92,8,0.11876464361030283,0.0509099258017821
20190802,50,6,935,9,0.07090450763381634,0.09114528859818345
20211015,332,50,34,17,0.12075506371926589,0.11127388377463207
20190228,48,44,50,14,0.13843339399651622,0.10548423343998298
20160210,367,13,803,15,0.14403880865975144,0.10828261723294194
20200622,458,23,297,5,0.046211603282018975,0.0896597703836221
20190811,360,36,767,13,0.06871641756854249,0.14482764536088671
20230125,223,29,251,7,0.1198148670145693,0.09374433612376368
20230319,147,41,52,16,0.14738204656720302,0.13857202028569854
20210627,118,12,334,19,0.11994044894445079,0.06222203498034634
20241203,314,47,35,12,0.058624027380061325,0.08277208502970013
20180219,481,42,305,14,0.11107427880034634,0.08146605932898877
20150515,189,36,837,18,0.027290656436876837,0.14048354789375164
20180828,257,33,204,7,0.09251302840136207,0.13401306708592725
20160813,71,3,122,4,0.1259206389168264,0.11780704687991181
20170128,284,47,866,8,0.1403016328587415,0.14155018242862333
20190622,125,20,916,1,0.08974713867343609,0.06986715138702869
20210721,476,40,478,19,0.10173305771714117,0.11930339369871713
20241231,383,34,69,7,0.057404534483043834,0.13362038696647055
20220610,484,48,520,6,0.13728281365111533,0.11644860595907702
20160414,325,5,624,17,0.06866645337842135,0.08942216642501559
20240921,153,1,738,19,0.024229873566022277,0.12099784412474705
20210618,72,46,686,20,0.04370942524565594,0.08270827269570444
20170425,463,6,677,7,0.06758948527743906,0.09020331826324887
20180505,305,19,685,8,0.06238444862707447,0.09997270984874483
20190404,255,12,448,4,0.1226271703782813,0.14500477935247794
20200405,13,2,730,2,0.08213588892385454,0.1295939566765434
20161203,57,50,66,9,0.11419654459759034,0.08913619897666869
20241213,105,38,77,17,0.028149833123976502,0.05226708102072807
20231205,21,19,462,5,0.12088907561472492,0.0907494036627736
20251030,105,18,460,8,0.10872943720987024,0.12786669126085187
20240623,234,33,494,17,0.1255424587991247,0.06790238354062042
20210325,169,25,739,5,0.11823282399793471,0.05757552190271144
20201024,55,5,678,11,0.06899350002019905,0.14840993533040164
20160224,12,8,427,7,0.1207586456593247,0.10175999728843729
20190222,147,12,522,6,0.0938820876715626,0.0865910831112213
20180908,64,26,381,9,0.12226456496037828,0.11974069902631125
20200128,102,40,450,18,0.03990840498993195,0.09056350673573582
20150620,183,33,731,4,0.04158972903152368,0.14278691903918167
20241103,68,25,421,1,0.14564676197999582,0.08991856394801435
20190611,458,46,455,2,0.14972249712560876,0.053117070799065524
20240607,67,14,237,10,0.12970413564318292,0.13588243293405713
20250910,452,11,228,9,0.13627677759971007,0.08438119967911004
20240524,433,31,811,17,0.13234454344672253,0.0940556835957059
20190317,84,27,998,10,0.051117033291941394,0.1128836994437779
20170824,297,8,328,9,0.041618661065182416,0.14220242273133601
20170114,54,2,595,11,0.0504136661556678,0.05650501998383253
20160407,349,13,246,14,0.021823382448749346,0.0735835197489734
20151229,95,40,336,14,0.02484530668918175,0.10038665118401896
20151117,147,9,826,20,0.14358934047159702,0.1303687373640219
20180713,36,41,789,10,0.04767825402989073,0.12843910660908156
20240331,143,23,723,11,0.027734975898000877,0.11659209782908164
20180622,297,46,537,15,0.10951971602995597,0.13334054786187052
20170608,279,38,448,12,0.025141300880001705,0.09677691843919178
20170322,285,36,696,12,0.020283016514944317,0.08433311016274134
20220903,36,28,324,6,0.06220406412742545,0.06191938210227872
20241029,131,13,849,20,0.11283823362853723,0.10342856466686892
20240728,481,27,279,8,0.054628855143586966,0.14673382709557964
20230615,296,47,98,17,0.07074379846998997,0.12669617536322003
20180727,437,16,497,11,0.08200597566828552,0.05469188319712327
20171031,245,34,845,11,0.1335415054507876,0.06839934890265667
20221207,258,20,259,14,0.06678069118488471,0.11441345883694833
20150522,382,37,107,6,0.06844484375822679,0.14268181099709698
20240803,271,5,638,2,0.05625785501486873,0.14174023954890386
20250319,161,1,377,4,0.04302289725421117,0.12423709774506128
20180503,466,35,298,14,0.0815038899253318,0.11108349503649298
20210314,223,30,159,14,0.1088024328516709,0.06031218569058408
20211010,231,36,389,9,0.028225148437677542,0.08450708885002327
20161203,43,44,955,4,0.06626077017106506,0.12848547172756303
20171031,108,24,220,6,0.11103696300443196,0.11300878491808751
20150214,84,4,309,11,0.05028445657836521,0.1194862182690159
20220513,48,15,430,19,0.039014714767574524,0.08830783973405179
20200329,73,6,213,6,0.08678316632160235,0.09786320930755113
20150203,244,5,490,8,0.05161413566936819,0.1253909969392461
20180601,279,24,133,12,0.07013625395600769,0.07193112185838968
20150309,203,34,761,19,0.12671364235213023,0.1290704909082459
20240801,40,24,697,11,0.13070111902760584,0.11240219087144143
20190805,128,13,52,3,0.0802809806564407,0.13346711667383734
20240808,371,25,986,4,0.028849195262631803,0.06790798365570565
20250109,455,29,846,13,0.10611274036899904,0.14421148528813432
20151121,471,33,884,6,0.14848751917311706,0.14893095835675302
20241117,79,47,634,13,0.1296410428097511,0.13836204925816442
20171222,177,11,898,18,0.07360547052926142,0.08383846582696675
20170920,156,3,610,12,0.10637221953313761,0.05925664805735548
20150811,490,44,312,2,0.11735078966878218,0.14931527246428267
20240922,378,28,970,4,0.04107113170000784,0.12910715288507163
20170214,198,30,770,3,0.056962076637988496,0.12198654599483995
20210422,158,20,76,13,0.10761247289645579,0.05544950768476771
20190318,459,36,190,14,0.10695120005596108,0.09737970678824662
20230426,19,50,217,2,0.08137057435296166,0.05676460873318522
20220919,378,2,976,3,0.0654293779077134,0.10782098882579944
20250613,448,11,7,19,0.11721217331832175,0.11319936783044238
20240821,30,46,549,18,0.07504915063723964,0.12113695022901812
20240929,320,4,969,3,0.025248933767223695,0.05167536907967647
20150609,163,22,466,10,0.06978423084387828,0.058002000207644025
20200418,340,40,59,13,0.07545035227075393,0.1170003113027343
20251115,294,43,918,6,0.028736370492641015,0.08633160967259856
20160516,351,5,322,13,0.07914999170620839,0.1418077154988331
20210905,315,25,160,19,0.036774609388099316,0.1493019090907238
20200601,83,36,491,8,0.05405047812164486,0.13867434647219204
20250830,413,45,274,7,0.07595697036488673,0.10619846290784743
20220604,181,26,104,8,0.13060396336088728,0.12360590721069896
20180517,467,45,889,4,0.12776704802982183,0.061573236295131374
20220731,76,1,55,5,0.04430659555780168,0.07586615608289153
20150121,493,49,712,17,0.06313023125351348,0.11063134658093982
20240628,218,37,978,9,0.0604283655130962,0.14373720062883116
20230605,168,2,274,14,0.11846591875077067,0.09717174636283388
20180227,44,9,229,3,0.11610934384184676,0.08180429638151944
20150419,159,11,558,8,0.02778462781518366,0.061792299064687375
20250330,289,45,678,2,0.051311042186254374,0.10115260098900372
20190726,135,9,17,6,0.024518604791388985,0.06538682676411028
20200213,225,16,972,1,0.12014413806486647,0.050605529590739974
20230731,451,22,236,16,0.14396151515721553,0.09817083630589166
20170102,426,9,820,10,0.08037167475533133,0.06266445556507574
20160616,81,19,237,18,0.14111116843449004,0.055502931061917574
20251111,92,5,403,13,0.1460318159025087,0.11744558729497993
20170323,92,37,589,9,0.07176306186402384,0.07283545732872375
20200322,383,36,695,19,0.0366888561402541,0.12479028963729501
20170729,384,13,143,7,0.1478022501151676,0.09226488433945967
20240629,485,2,15,5,0.13823548666923122,0.12788689376055007
20211216,123,9,203,8,0.07575220886913935,0.13004620031923947
20220707,409,1,995,6,0.07525009304281317,0.07819313212119273
20150101,297,29,635,4,0.09804354479160977,0.10726390506332843
20200823,275,28,833,16,0.11771054324521478,0.11604567044923197
20161103,256,50,133,9,0.09781851667336616,0.13977715090482185
20231003,451,50,823,6,0.08722421566428537,0.09067612827914252
20201203,438,17,48,3,0.10034357237422373,0.08352240209090887
20180806,178,19,146,2,0.13831912356519224,0.1420693731105438
20221217,426,11,937,18,0.05622743564232402,0.14944191866359915
20190703,277,11,154,1,0.10318823199161026,0.06800566602226228
20210721,120,21,560,5,0.07275973331864341,0.09454987305678463
20231116,218,14,343,4,0.06711398805400996,0.14734895939075737
20231019,57,35,247,13,0.03145407687121301,0.13022821583413047
20230808,139,30,140,19,0.06557362671211747,0.07770928183624971
20230827,431,35,936,19,0.028994017558903407,0.10582767224369716
20240213,493,16,183,3,0.09146321090463323,0.13987593829459666
20210111,147,18,75,12,0.09396074700782298,0.09808961533143876
20230518,96,31,412,15,0.02166489398455023,0.11509303809690405
20151019,230,37,360,9,0.0446456654807689,0.07201520177216666
20240529,381,29,40,1,0.05982097717320903,0.14610762241490938
20191213,197,12,440,3,0.12651191347429186,0.11121495664825684
20221022,149,18,273,11,0.12502383987504426,0.058747159743795
20150516,318,7,940,19,0.03178618480269592,0.08699111271847149
20240923,286,7,506,5,0.13225873495388035,0.11147955506844279
20180606,492,21,536,8,0.02938192910214918,0.05464680343222912
20211008,50,47,257,8,0.12782678407485448,0.06049672919596121
20220614,442,25,949,1,0.12377001454136022,0.11299319113337776
20220820,258,33,626,9,0.1390877844887352,0.12419241216284635
20190827,433,42,206,13,0.093030685317519,0.08180913855613987
20211013,73,50,982,17,0.12365920265656996,0.05395431915448168
20191015,331,22,636,9,0.09338747021338227,0.05952883911197652
20220907,124,18,594,13,0.11015977753981458,0.05062201883335637
20230409,122,11,491,9,0.0906878549030791,0.134409478290887
20220820,444,14,801,15,0.07090805785426779,0.1422343607480273
20180618,272,10,789,7,0.10914175027840821,0.13999436679101418
20201105,433,12,280,4,0.14356977580659355,0.11278741410095246
20241103,450,35,333,18,0.06327370118640584,0.10837658402105108
20240306,255,42,975,5,0.07083652303278484,0.11177872517368642
20230930,445,47,410,6,0.13933469733179754,0.1492284184611884
20250725,286,7,771,19,0.128595710349242,0.09375197215040312
20200228,364,18,254,6,0.051872298336646125,0.07488539081270584
20250629,414,25,339,20,0.055184866920502756,0.12461312297711997
20250625,153,30,296,6,0.03285567537028344,0.11154306000620723
20150727,319,10,498,13,0.057250241767001414,0.138541265463422
20190315,202,12,734,17,0.04895714920266288,0.11236053897685902
20210407,164,4,228,20,0.13926806879446627,0.12863799446224544
20250831,42,46,311,9,0.04466885419869206,0.1320410567788483
20150219,310,18,176,18,0.03123616101801716,0.09000853666623779
20150130,401,11,708,17,0.05373294143988755,0.07735315904910735
20171202,283,5,809,4,0.054334056270994746,0.12567550493287627
20170406,145,36,254,19,0.1108249957831439,0.06685479402746805
20210307,1,3,783,2,0.14261362826038326,0.13816832428272163
20241225,4,17,32,16,0.09223618511484515,0.14973348843839895
20251104,416,45,878,18,0.054490950856038584,0.0619342848276619
20191015,472,11,159,18,0.05304556716606576,0.07294159826529986
20181105,313,44,858,19,0.05022073549979077,0.09977952800979509
20191014,325,15,351,19,0.03548550445152406,0.10652519170441083
20220411,108,48,853,20,0.14251151670051604,0.07549251206513803
20240302,300,50,16,7,0.11390750688224724,0.08223339687879024
20240702,55,32,732,1,0.06002852039390462,0.05901793699025515
20240804,366,30,828,17,0.13891042623970284,0.08282885317684872
20160721,303,1,415,11,0.08776265114792738,0.12286131738942892
20240808,391,17,220,9,0.1092267292908611,0.09576084312063124
20150718,479,17,652,13,0.029701196812462957,0.11110793123441824
20150419,345,22,327,11,0.09102605536231714,0.12994019337832097
20191011,429,16,366,20,0.14001762395469444,0.1319542777418897
20220825,205,27,28,18,0.14964727114333995,0.12245208496130737
20200411,292,37,989,20,0.12417892414928944,0.06460506870671076
20161028,277,32,51,12,0.06937715424244259,0.10388164798368693
20250818,278,37,386,15,0.12096512538987829,0.06747235994978258
20230608,138,23,408,17,0.020094330131171224,0.060823368192326525
20210605,339,7,547,3,0.0860242233632988,0.12489140798022387
20231120,383,7,306,12,0.05264603878240047,0.07640610751138577
20170306,480,18,864,19,0.10499954904108963,0.07496805693591593
20230123,178,11,552,17,0.11617663124126208,0.0809787379631863
20241221,358,8,640,7,0.04027351870303565,0.10069877488562393
20201102,309,25,619,16,0.03606622639768217,0.05615403938621272
20150827,314,2,107,1,0.1298406377710418,0.0795581318517447
20170918,1,45,233,5,0.10965769391412729,0.06494335865855472
20160929,90,32,619,18,0.1088857499105467,0.08820456870639756
20210131,359,1,20,12,0.10801192095600297,0.09129790230018285
20250213,197,21,717,14,0.021569999736700634,0.1477606359814103
20240114,285,34,422,2,0.12164952469585238,0.14298473606846884
20220813,394,20,794,5,0.11152880132211689,0.10366327367086657
20210813,92,14,464,9,0.07089549730639819,0.13196269355476253
20240613,124,20,491,18,0.044863859439072167,0.10191271102391658
20210712,170,34,135,10,0.0911336492183767,0.10988773043744962
20240804,249,1,409,3,0.144362989031509,0.08967596609552589
20231022,319,41,990,17,0.1451844545664246,0.1374422121634871
20220125,474,9,58,2,0.13145022099152937,0.10011784738423972
20160107,424,19,998,19,0.10729483458911221,0.07009205642215507
20191004,201,27,267,1,0.049111442015485104,0.0587359101456341
20200302,72,30,762,1,0.04845195177417546,0.0722590841407359
20180627,178,32,855,6,0.11616825624528145,0.060180817631650355
20200312,90,2,663,8,0.04723060720906543,0.1416089808144118
20150528,241,37,12,1,0.10292457014201639,0.1492610778023145
20210812,376,16,522,7,0.11953849323431809,0.09416716531953488
20170122,197,24,72,13,0.03634537545683689,0.09223872046133305
20150730,95,44,214,15,0.09068016260411942,0.07255590845450409
20170710,33,2,659,8,0.02900003121345107,0.13584088178822584
20180505,41,50,570,15,0.1195663662197507,0.11666472157202361
20230604,221,24,78,18,0.04658686482637596,0.05772870967042092
20170827,61,1,329,17,0.12688514797042355,0.0964414910887819
20200801,52,37,83,18,0.12064452455117826,0.12178235801501598
20160720,95,40,23,17,0.03492732590383862,0.14794757914569195
20231110,81,3,660,20,0.049492899815111444,0.10374738021775096
20220610,307,39,751,2,0.07029975208055597,0.14977743265527776
20230313,234,1,631,3,0.026530096977050298,0.059021131617463446
20211115,385,22,317,3,0.0719509077841612,0.09702088735509048
20241012,239,27,147,16,0.13290209545787376,0.054836506888083475
20191115,296,48,766,8,0.05024995960091869,0.10823913331247911
20150719,398,21,522,20,0.08455576272339584,0.13823228444663582
20220305,213,24,567,4,0.10222182494521137,0.11676721738501523
20161216,303,28,833,12,0.08522387014526878,0.13073054708738047
20230304,448,28,987,6,0.1327813708201296,0.11285017870368465
20180414,111,49,856,18,0.0767408293627976,0.14218643310092022
20180125,9,7,850,10,0.11699535598038543,0.11921307628185476
20240528,176,46,445,15,0.06284325580349527,0.14212543096253538
20170925,60,36,556,16,0.04928683261163112,0.1434456333957819
20190531,221,43,586,13,0.0929694399160586,0.117191305657291
20160110,407,27,611,16,0.031583406436939784,0.09234768878911036
20210111,260,22,709,15,0.06507375541986588,0.056451079986711096
20221022,18,28,125,12,0.11387311002383545,0.06819422133863598
20230819,53,34,583,4,0.023684791317848775,0.14524867180062795
20210820,279,48,820,15,0.1394925077092345,0.11658849188670457
20150428,34,7,382,20,0.026330969722821382,0.05299084279936728
20240622,44,34,474,3,0.1486181717197386,0.09949683877172649
20160527,437,18,1,8,0.09644343270055183,0.05066564536761199
20240827,85,10,978,6,0.06550588510835222,0.07071090320003445
20210712,361,20,116,7,0.14930268599038277,0.06455710646314552
20200101,257,11,350,10,0.07427250018536885,0.08725654012354603
20220914,324,12,614,6,0.11704340365816561,0.1215162259539136
20220514,41,14,404,19,0.04408974308314816,0.11472803574056642
20200629,258,5,586,11,0.1356159192183451,0.09460897285246936
20220712,168,45,893,7,0.14782745930335023,0.10950166713143744
20200624,341,45,114,19,0.026057739700253654,0.10957114395288056
20220920,261,3,248,9,0.1467324817167065,0.08910109876982146
20170620,280,3,652,7,0.1480955049271786,0.057698729124544504
20190326,278,32,175,9,0.135879506709199,0.057629190023010785
20251208,468,38,788,12,0.07806074478048174,0.12452337920115512
20220409,401,47,850,3,0.08408214895742974,0.10607425235200024
20190828,384,50,888,10,0.0824534790146839,0.13335269962516383
20201017,370,16,588,15,0.06816716448427682,0.10975972729571165
20230223,426,36,188,11,0.021601173851798175,0.07983487520377666
20220404,490,20,127,20,0.06443502062668509,0.08947610871288887
20250329,2,6,989,17,0.0906657614672104,0.14074686584268914
20230126,5,5,876,3,0.07709292596408056,0.06241309612442432
20171022,170,37,292,6,0.032482695074043416,0.14699546845785322
20150426,337,50,586,8,0.14753476528006484,0.08053412397061355
20160522,461,20,906,8,0.06362037578509876,0.1004805856588892
20211116,8,28,812,10,0.13789450426148103,0.13255523297127786
20180918,490,46,910,5,0.14467873592859898,0.07902869364460686
20181218,7,4,826,17,0.08349543470732239,0.10546702976149519
20180718,223,22,680,10,0.13250154035711806,0.07897456759577784
20190116,420,24,398,12,0.08412338484708205,0.050028464944264585
20230401,213,11,988,11,0.13216012975505162,0.08565190815460567
20250512,1,2,464,5,0.0779583092047943,0.13233365106506156
20181001,367,26,443,6,0.06925777403813577,0.12356435615652799
20191101,277,30,155,6,0.05310633870393974,0.08272429092745578
20150504,494,32,798,2,0.0990494858346132,0.07747505595416275
20161203,169,21,867,13,0.08254611627149017,0.09558280009721047
20250629,116,50,686,17,0.10302967036966709,0.07008302302057218
20211110,175,22,966,17,0.12609563439015087,0.11628425413467101
20171107,222,6,521,8,0.1346002078478268,0.06142046084076619
20250722,169,5,996,20,0.08187675434992404,0.12248873652082343
20230304,379,42,206,19,0.03142827783483778,0.13325326547947514
20160512,277,29,590,7,0.02075038562312692,0.06711091884968966
20190119,141,25,128,17,0.09376128522295261,0.08782958208724265
20210608,47,10,657,13,0.10153935948561091,0.058881686681052516
20220412,192,21,501,8,0.0652907280417408,0.09054398808408395
20191107,178,8,406,20,0.07088615358189898,0.11661572661314996
20200904,395,31,744,2,0.10764073149466348,0.05968621995938205
20180717,281,27,909,18,0.09277294724791103,0.061035267483380645
20251107,165,46,541,17,0.11207996648838402,0.08564616259380763
20180904,422,48,278,14,0.09331749054170001,0.10107979687307103
20250731,122,24,999,11,0.13899462958136716,0.09117383970320868
20181013,480,13,109,13,0.13921486814660278,0.06411166968299907
20240216,228,13,494,1,0.1411050960278734,0.1218272748230052
20160828,265,22,42,6,0.05062716416036603,0.11019463239022108
20200621,483,12,381,16,0.053639280841953116,0.0778268428854497
20170118,57,4,456,2,0.11175017212539594,0.06208831738623558
20200221,9,36,310,3,0.06733399530640971,0.07864843914715285
20161107,176,7,12,4,0.12504629991484079,0.11630910737503593
20240118,81,5,171,3,0.1390551190452889,0.05558530694323724
20231223,455,5,555,14,0.042240337631710576,0.06392136657750512
20170623,363,10,963,9,0.08354503644769516,0.07696810642678961
20170115,373,28,877,16,0.10379118215950187,0.10168888568695444
20250329,323,16,957,5,0.14655762606788617,0.11425178130565469
20170114,120,17,844,7,0.05801367889358937,0.10229070537891088
20191104,5,14,97,19,0.0793131886894967,0.10356174758514923
20190518,430,8,366,9,0.08508743260016162,0.07344677793015922
20190315,397,4,224,13,0.1027939654695629,0.0728434006094367
20161225,153,13,492,18,0.07609110249479577,0.08766062618488488
20181229,94,5,337,3,0.09967241595945486,0.14895313698793855
20240202,40,47,97,2,0.14897923190479084,0.06352326644851478
20230925,227,18,115,19,0.07229307060148142,0.08077215825157895
20180306,267,31,881,17,0.038022896427061484,0.09196565103184984
20170801,34,36,469,18,0.03611897100525947,0.11832249783221821
20250905,26,38,25,5,0.020393185402494362,0.14579666701354888
20231018,108,47,730,16,0.05219044534097732,0.137764229561537
20160822,70,11,474,5,0.062245765367274275,0.1350532096249943
20160512,463,38,930,3,0.126163061303486,0.12357316749540287
20190611,171,28,708,11,0.05625546195033308,0.07417126356042716
20150328,455,45,361,7,0.06774423048781453,0.05644999996961134
20190219,214,30,502,20,0.1454523093186359,0.0758688370434418
20171204,32,26,616,10,0.02719348160624532,0.14578210067937564
20150402,122,25,681,4,0.13546531514703128,0.09920173023474022
20150901,192,25,412,6,0.023331380118275652,0.14801361960238668
20200922,295,17,895,11,0.10823334349300731,0.1481172829949176
20231119,280,11,240,1,0.048166321299860725,0.0833892284886049
20160925,236,50,463,12,0.11066536626025943,0.08663039743744741
20231221,293,36,41,6,0.10964870980910371,0.12447086158551547
20170421,120,14,149,11,0.11044485304527127,0.08091559368342452
20251210,201,22,478,11,0.025195002275570467,0.0935668435801186
20190414,401,42,529,8,0.03952095547193446,0.07422748598423602
20181115,233,20,393,4,0.0338033529041582,0.061709947729535954
20220712,112,5,351,13,0.08119835334835762,0.07305396242660371
20210421,413,24,758,13,0.08260806774919893,0.13817226060206594
20230301,486,33,980,20,0.055707359352708874,0.09503880004119028
20191212,328,41,13,1,0.039752695877222216,0.08748171462909807
20170816,334,24,783,14,0.12788214717508045,0.1438095706466308
20180709,256,15,947,4,0.029182821829562545,0.08476980154601395
20170322,147,4,88,14,0.04666770333419054,0.12954983574248916
20160527,300,3,951,1,0.10448448909288711,0.12364603268901388
20190201,159,6,811,12,0.1308100274818502,0.051179882947732014
20180722,257,23,596,3,0.03168464517105141,0.14947302717712826
20160412,212,13,342,10,0.023285235504453657,0.13265812450960895
20200206,380,49,115,3,0.10586490489426274,0.08530824186348701
20171116,91,38,184,12,0.08135044294612884,0.1405962703002892
20181225,199,50,936,19,0.0604002044676728,0.07360663204872182
20240218,183,28,781,11,0.06635239719232841,0.07665700680835272
20181023,397,36,562,6,0.06907373033036743,0.056022587151379644
20241218,200,25,452,19,0.11012643159420456,0.10071962210770284
20150217,391,30,395,14,0.11778606935747242,0.14767855853537998
20150915,198,31,381,9,0.041541453942306295,0.1149123056179244
20210815,222,17,12,3,0.06711429115150876,0.12495465373138538
20211029,417,41,810,9,0.0373621656131822,0.1431817912965267
20240518,118,24,60,8,0.12522756812283095,0.07347927523638584
20150103,160,31,546,2,0.039358002447031776,0.07227673130012532
20230513,61,22,449,9,0.08790527720503268,0.08851693687189313
20230223,495,31,438,15,0.074366843794966,0.09226877263740069
20150627,454,17,505,1,0.03278308372579075,0.05272718400991712
20210621,363,8,322,19,0.045498330839125176,0.13151410675116104
20200107,93,43,204,11,0.02962864827233975,0.06705028976991452
20150409,487,5,888,9,0.04706916931283002,0.14675792525052078
20251015,122,4,867,5,0.07584507375285014,0.12664034880887343
20191128,496,24,118,3,0.11577292803556168,0.13783633179362992
20180325,99,9,613,15,0.13826769704174158,0.05792641299686028
20201004,61,50,894,16,0.13772345307776185,0.1407881415882475
20160321,483,2,332,3,0.10980115390850059,0.13022742913991153
20230611,336,17,57,17,0.07997638467729229,0.1314665369328613
20150914,387,37,733,8,0.13841546313404526,0.05916876616717666
20151117,105,21,909,19,0.12626986612750957,0.14769357849566578
20150114,83,42,858,7,0.08455564110815554,0.09786435898480511
20240224,169,20,552,19,0.06086756891820408,0.10112062696169546
20160410,305,39,827,12,0.057146556421740394,0.08208580723367506
20210226,293,44,179,10,0.14182840909615907,0.08968635409770982
20210223,484,40,330,13,0.13474256576229365,0.10854629494759466
20200319,425,10,341,8,0.03990408347916069,0.13308229133459296
20220822,178,12,280,18,0.14139519763916164,0.09765319492643576
20230610,93,30,413,11,0.08721002553918392,0.08721696540018153
20180106,86,18,420,20,0.10961961738567971,0.10542890617943967
20170627,376,3,457,12,0.11270852892520371,0.05873478978334967
20240604,263,8,553,14,0.10497084836411373,0.060812096084641144
20241023,241,19,858,14,0.1303823261619341,0.14129399514142693
20211220,225,38,596,7,0.056454071862670416,0.09126009564391531
20180820,387,39,195,19,0.09169136244333005,0.05067379546311146
20220324,27,12,154,2,0.07776145119540026,0.09896826625437219
20191009,404,9,704,17,0.12190003472163292,0.10383176554274509
20220520,217,16,525,7,0.051494170483029233,0.10678648160738763
20160815,352,7,384,20,0.14802860091262032,0.14851991652697205
20190722,335,4,393,6,0.05766976908076657,0.06051922222996891
20230405,47,18,337,8,0.12719851105692587,0.10832069064682351
20200213,338,5,141,17,0.07832050231814669,0.10751452267939612
20230930,413,41,176,8,0.09877381552261062,0.06675718251353407
20201109,107,43,278,12,0.06441178564637905,0.09408185557528737
20160204,69,40,955,15,0.11128042331004293,0.11394027122745638
20161003,54,44,194,16,0.050151915734293076,0.12449907471794476
20170513,365,4,656,16,0.08663840831851033,0.14999898578665483
20250501,34,12,445,12,0.08621237312263443,0.133985261114004
20240605,337,41,310,11,0.1339220521666316,0.07604707868582403
20180224,47,11,943,18,0.12026276554858087,0.08763846211911681
20151018,87,35,20,5,0.12209329892650593,0.1309152111235671
20190112,202,40,653,16,0.059823608776599604,0.09143049874139354
20161120,182,6,645,15,0.11864959466357275,0.06887734140282717
20240913,12,22,669,20,0.03990466877326275,0.09531959776071977
20190421,108,1,913,12,0.04197551714319741,0.10360667469733109
20160204,480,23,278,10,0.0966441748629161,0.052960881980572416
20240718,27,11,3,14,0.06604046482714244,0.053563044849318765
20200826,20,38,966,19,0.1335903207976663,0.10805001333111257
20251224,66,32,97,16,0.1305541743921346,0.050721007969701686
20250614,453,10,803,13,0.09369260790695617,0.06131296325821727
20180704,94,31,703,3,0.14271704497286258,0.11037081216580627
20240101,198,7,791,13,0.08658461274740728,0.14056165437043638
20220401,305,2,292,15,0.12725036520216906,0.0821165716949748
20170818,42,20,31,9,0.026533387894865645,0.12463652407637478
20170704,4,19,212,17,0.029597292844072608,0.06452483482729421
20180318,140,37,489,7,0.13693421086847019,0.07504500958217489
20160415,177,29,372,13,0.0891007244015682,0.13565799785812066
20210126,163,3,71,20,0.03760825925853934,0.11687467687270581
20190128,15,6,401,3,0.024427209852709877,0.12898182418929016
20251007,488,2,55,10,0.14032009653011263,0.14219587279272777
20240107,185,16,542,14,0.14904840871800246,0.12319986817216289
20251219,458,30,949,20,0.02865778945026652,0.14593651102281863
20210822,270,9,363,8,0.026609317940145087,0.07073531507335515
20170529,247,16,976,10,0.060471913967173385,0.09378660663708163
20180315,154,20,665,3,0.1304993513142095,0.06508636602510778
20240627,351,4,966,7,0.02462283756008158,0.09909868137713143
20220209,262,19,137,13,0.065062019774679,0.132937039795738
20241029,59,4,891,17,0.08578009647602035,0.08953067374142881
20210314,431,16,652,15,0.06487434654233439,0.11674329563647111
20161105,305,27,849,18,0.04189906188840464,0.05379457764860383
20180615,243,17,856,8,0.020722147885507074,0.08478108579726877
20170216,27,39,55,19,0.11669682990797378,0.11974906172142925
20181030,219,12,547,16,0.09523834028756678,0.12091936209336582
20180930,54,46,282,5,0.03419481411410029,0.09935615882113344
20151216,319,34,255,19,0.07091197367953428,0.0521601742971209
20211212,376,47,862,8,0.1290713176202022,0.11589547647372413
20201009,261,49,498,6,0.08108391744895938,0.08818336585420798
20170419,118,29,208,13,0.027288235940625297,0.13460850734653432
20170709,353,33,767,9,0.11915100362544326,0.10947639980322482
20170104,18,43,338,6,0.08097726212422755,0.08368368030806847
20220509,463,5,475,5,0.10858472119015136,0.1491914743194808
20151230,88,43,50,10,0.11229068645472558,0.05843125005826325
20220312,391,47,662,19,0.09234627678132554,0.06269789151079452
20170427,49,15,628,13,0.13884279725138524,0.07814829894049773
20150505,95,24,222,3,0.054365160544667,0.08594296860805942
20160211,263,41,326,19,0.029388518077529263,0.11523267351396471
20170417,192,14,281,15,0.05746276044486258,0.06517228974334649
20220928,184,2,847,15,0.14077617616888757,0.08091421886185794
20150222,120,28,648,11,0.051161125036758515,0.05698660217173998
20200729,216,31,236,17,0.03576733417230579,0.10178881860428393
20210527,116,3,424,11,0.0994864444910299,0.09016498536709035
20211002,429,31,481,2,0.05843233464410895,0.1345699007221764
20190430,399,8,522,19,0.0821488044556517,0.09877483275881986
20151206,10,4,535,18,0.13092272307703057,0.08925031206875282
20171102,156,3,252,12,0.12844136383856106,0.1020205314263622
20210715,149,32,195,19,0.1011941276528043,0.14659560192093185
20180401,360,33,629,3,0.07506021686079133,0.10291049927813073
20151012,115,28,59,2,0.11554882239281786,0.12845356223650295
20240114,235,47,767,16,0.08087727213199404,0.10281519248981869
20210504,294,33,792,8,0.1321212656945801,0.14128599825669663
20160503,264,46,257,2,0.10439987226357524,0.05658125734568457
20250308,295,22,815,7,0.029087096151900867,0.05920306672353925
20170809,158,11,932,20,0.10217942152354745,0.10432735745921828
20240618,271,25,216,19,0.09946465998467216,0.1214188469520851
20160510,195,38,992,6,0.09610328180139045,0.13214111772556025
20250910,274,28,247,1,0.07269814771999673,0.11568730539468304
20250529,458,18,532,4,0.14062933608878647,0.1464021823502374
20160506,442,28,163,14,0.11300360284974907,0.11456648091601514
20210924,464,33,22,3,0.08162633685743788,0.08205094408159648
20191226,392,26,33,3,0.07889262173460346,0.13067334631760746
20200413,76,50,546,12,0.12329555076897722,0.12886375222110247
20170412,192,31,37,18,0.07070327589770266,0.12426941922341647
20210818,127,31,97,1,0.10700344710346094,0.06221627771014875
20211025,480,10,96,19,0.07421868679685587,0.06411137010921898
20160908,489,16,334,8,0.09110186994308245,0.10177662731183634
20160808,321,18,4,6,0.02521664879379654,0.13554519933848178
20180819,241,45,653,15,0.0359327690374763,0.0604440170381657
20241218,67,22,113,4,0.0936265268141737,0.08728800514234983
20230114,138,38,643,18,0.05933137740868995,0.05255031297600587
20200830,346,49,269,8,0.08856430054188565,0.1274546700536319
20180829,225,4,254,9,0.05882164690134946,0.09047688422149326
20250926,80,42,820,8,0.13035124239887638,0.09190187770202356
20231015,477,30,50,4,0.11568197359081835,0.09699964286085036
20151013,437,31,435,12,0.05469662695353443,0.07381564986200442
20251102,486,17,931,17,0.05645440810914218,0.13212696069046892
20200614,389,25,18,7,0.0669736316391746,0.10343433722421203
20170312,380,37,834,16,0.05072336018706394,0.11707978825876376
20251214,285,48,138,13,0.1086018255769168,0.14810702551729948
20240831,232,50,860,4,0.12348835534717033,0.08177302639892702
20150307,108,14,498,5,0.12861180054135113,0.10690416198553165
20241009,419,17,113,1,0.03819856684791456,0.1027003977140448
20150129,75,1,480,5,0.11016047224828734,0.06994015316077536
20240228,277,12,871,16,0.05996765831095703,0.10491078758002523
20220728,270,34,50,17,0.12073842986489708,0.06870702839971889
20150923,344,34,859,20,0.04390361228516169,0.13176774299986566
20191001,66,1,816,2,0.09277073579417114,0.12519360591223033
20150921,280,45,546,12,0.06554599895023358,0.0805212749288009
20201230,13,11,375,19,0.12218431135204645,0.08491399063824043
20230927,483,47,381,8,0.04868783086772996,0.09165338516698518
20210317,314,18,605,7,0.06230928936648897,0.0776405838734938
20200817,86,29,608,3,0.02168238316150512,0.13895759509984923
20150929,189,24,569,17,0.05979758271141446,0.12197227928295801
20170329,457,40,231,16,0.10997246826264469,0.10004082549528268
20230902,142,41,282,10,0.04309348595566271,0.11619965682020694
20240822,409,2,885,15,0.11895494371849559,0.11297887751953206
20251028,363,20,749,6,0.11372478640642245,0.06526437138361223
20230227,371,14,116,11,0.14359328120746512,0.13989410458673762
20160616,54,49,949,3,0.022314665848424824,0.1337176326366314
20150129,395,13,551,11,0.12992954942474846,0.10766151042818406
20181125,67,24,509,10,0.05852282042006739,0.07506323871805545
20250214,221,6,731,12,0.09788497374397362,0.06969592727918908
20211215,313,43,741,9,0.08297232308408357,0.10802018479760667
20200116,236,37,689,19,0.11287636925736318,0.12393692392288759
20220811,135,24,238,15,0.14449761195200933,0.12510571122420583
20190430,485,28,794,9,0.09088249872821265,0.13745347661215312
20180430,468,31,71,19,0.14870538646114645,0.08345350580714142
20221223,174,44,597,17,0.07291531100365078,0.11364354044674341
20150416,436,17,896,16,0.06829769519661638,0.05398466805783234
20250330,52,48,612,9,0.02519100029069552,0.08397478546490547
20250106,162,13,509,7,0.1024360073380772,0.09774464586234559
20191115,287,33,105,11,0.09839455104755564,0.07257450865128631
20150313,41,35,265,3,0.1299390906799173,0.07823046160529715
20190814,67,9,898,5,0.1261765220488241,0.08541068306129247
20210911,83,24,389,16,0.0449293174616379,0.1068903852696177
20200418,311,12,188,1,0.12319391882334357,0.142091962514947
20220421,110,41,466,17,0.11620589062308105,0.06332045360128907
20151023,405,45,5,2,0.1371579293955318,0.09127424359742313
20221213,69,10,41,10,0.05709835585969396,0.1047149597237149
20250509,244,9,954,1,0.0348284614080604,0.12688461272539575
20180110,53,26,797,4,0.14998740709846342,0.10161043310273075
20220413,277,43,159,14,0.10250088776250256,0.09348748893587105
20201118,332,22,390,3,0.024071314652342378,0.10771352359172003
20231231,23,4,893,1,0.07918791174734627,0.08015250718979312
20200331,307,28,569,2,0.02759301785268462,0.09156511192139934
20170704,289,10,891,9,0.13939872589210692,0.06233869424069963
20221215,34,50,36,17,0.13986336480998168,0.14989988676767346
20160222,254,14,538,16,0.14107944409032117,0.060030454330552374
20211006,314,39,285,16,0.12585930460951097,0.05419103164209263
20210615,186,50,693,13,0.12020171157732877,0.12885072238707793
20250303,178,47,391,11,0.06002338103133252,0.12240159372140269
20230125,334,33,800,17,0.10179242777983633,0.1459714827844421
20231125,213,43,963,7,0.02431414746600507,0.12204742561054488
20240713,381,44,589,4,0.08818185092361636,0.1255184470869673
20180103,470,10,978,11,0.04588751001875094,0.11852585035875714
20220201,392,15,590,19,0.12085847134750362,0.09181358363380704
20250605,309,25,944,10,0.13348795955012616,0.07765272922702868
20171121,134,28,45,11,0.09808012794065507,0.11324863717725898
20200916,177,10,634,10,0.10727041490408104,0.08630429469319674
20190113,248,5,523,9,0.046806595761470345,0.1384093174715083
20190127,470,22,186,13,0.1443311972179523,0.14212065795049533
20150518,270,23,654,5,0.023559928414856858,0.06925078719796839
20180430,161,11,179,8,0.09779061936406871,0.060474414873616704
20201123,483,9,921,13,0.04676426480918221,0.0654881539126623
20230530,121,4,230,3,0.04786032660730814,0.0645058312373055
20210401,180,28,741,14,0.04973097411362544,0.14223975247781676
20181109,323,13,813,13,0.09948717999776911,0.07453810008173938
20240803,236,2,627,15,0.06488428012923209,0.14360186463421065
20170127,469,43,588,15,0.025144058826257115,0.09745049995446481
20241127,379,22,688,12,0.07627852525539616,0.06831373097326238
20200305,84,25,8,17,0.07788534422558745,0.07554040885969555
20211013,87,5,737,5,0.13529886416494225,0.056700148449732694
20210110,179,25,205,18,0.057795934803867036,0.08762069037604517
20160522,178,41,371,12,0.03509183878497733,0.12620764784939387
20160109,360,17,19,1,0.0918691759497462,0.07176888888110831
20250129,368,23,545,4,0.05795563578419685,0.1216190694242235
20180930,422,44,610,9,0.05509746279585648,0.1194440588584451
20170614,486,11,94,14,0.05655119295910943,0.06806614148318457
20200610,306,41,530,3,0.03836062147860767,0.06267939280739572
20151010,485,48,776,1,0.02297845936827042,0.07617566680683388
20171217,416,11,48,1,0.09210630266458904,0.14631900949145216
20181208,128,1,78,3,0.04793557925062168,0.14824945192213962
20240512,139,8,352,2,0.08343428351082201,0.05917469370465464
20190320,260,41,960,15,0.06430825792922738,0.14657871679591628
20191218,200,15,494,2,0.1482687742332428,0.060714485842743894
20250615,45,6,42,7,0.0647868949834276,0.055040784072957455
20250727,492,36,963,16,0.103338527403732,0.09448269524711558
20150304,323,43,82,8,0.1003123307317899,0.055456972232935844
20180717,318,35,700,10,0.12424007963247684,0.09234920484057746
20210507,286,18,486,4,0.07577949612572908,0.10059588109987097
20190511,387,17,607,17,0.1276218179962484,0.14909300394468833
20150917,208,2,748,15,0.11245971677032197,0.08826594285316662
20170103,455,13,454,2,0.11650882945185972,0.07601707811645034
20170217,465,29,820,11,0.03309616294849035,0.13382904598087
20160626,181,14,950,6,0.14575369869352467,0.12213123715820474
20210920,460,39,655,12,0.045338296722369914,0.13476673384477508
20170718,166,5,61,8,0.02634655049302974,0.08203935735005832
20210324,70,34,113,10,0.039435784983389996,0.1311145625343682
20240723,22,23,79,20,0.0520818228435089,0.1394090470282729
20231111,477,16,977,7,0.024791230454642762,0.09760633534896122
20170212,320,15,517,15,0.08574629346223017,0.1297857225541343
20211204,250,4,908,4,0.023941298445785963,0.12025462782640824
20171218,120,7,707,11,0.04855359676232386,0.10567588593936203
20170922,273,35,949,17,0.14762977058748117,0.07377482109724351
20210725,84,46,368,3,0.03973073599211946,0.14991659135459567
20171128,74,48,239,20,0.1124094285032961,0.12148426432680563
20170809,335,41,848,7,0.0318749766726525,0.0909714117953995
20160218,216,5,740,12,0.03922987626045629,0.05199642753827695
20210331,18,49,2,2,0.12583028677077926,0.11452616648249332
20191109,445,43,263,10,0.040092740398522085,0.1398800853665721
20250807,179,14,561,17,0.08638274900227155,0.1022240994680734
20221029,147,5,747,9,0.07498518647909924,0.09170583356281434
20251012,133,2,400,3,0.04799960980686728,0.06363474296017241
20220305,463,42,943,9,0.031632138514338104,0.09801232906124335
20160406,179,19,967,2,0.09228332603390071,0.06553384030116764
20170818,41,6,415,1,0.14698958618279226,0.054454449983655596
20231015,473,50,459,9,0.13541486910507036,0.13211521513807695
20240226,433,37,756,6,0.14250051136192965,0.11011954341312628
20180526,342,21,371,16,0.03879997117055307,0.09536061203025811
20231211,19,41,489,11,0.1496457235599104,0.05650903073427197
20210919,89,10,254,15,0.0678174423688513,0.10556362417166269
20231027,436,27,462,5,0.1292945834441546,0.0644099044050488
20190411,250,9,84,2,0.09016042938184261,0.14403256291281052
20210804,201,23,706,1,0.13934260597259818,0.058286069228196846
20170128,432,49,300,16,0.11223925054278353,0.07145473148879426
20240224,205,43,485,5,0.07982441841233745,0.0981148163198905
20161021,363,34,825,16,0.07205294113872479,0.06107167159779724
20230804,117,21,435,20,0.1303583544980933,0.0830116551182997
20191122,307,3,833,5,0.07572757506290091,0.0810500865546935
20221022,426,48,388,11,0.07300796382590552,0.05771130167789397
20151204,225,9,165,6,0.06981648217751583,0.14033065944928905
20171030,176,28,392,13,0.09991591904455488,0.13848837192207727
20201205,191,37,969,19,0.07156487847581514,0.1498495805683845
20230512,159,30,664,19,0.13414107464868816,0.11157308231779203
20170204,321,7,493,19,0.05847309480201415,0.056842691821771485
20210831,133,29,725,20,0.13487318797220757,0.1332147042505249
20220124,159,36,65,18,0.08239044237481727,0.13622821288387577
20251018,321,8,889,19,0.03885308378691545,0.057490839780613215
20150725,302,39,862,19,0.03890755196856316,0.1295727728925064
20221205,65,16,467,2,0.07750611905592335,0.11900720645994312
20230205,388,28,780,13,0.13025997601819475,0.10934474262425828
20160523,199,40,829,13,0.0418443069878227,0.06164554065387804
20180418,316,4,375,16,0.039594471590684896,0.09115252136748729
20161230,97,2,263,13,0.032717343813046064,0.0624733770455186
20160601,153,2,693,17,0.14926057894729225,0.0888530917568326
20150612,121,32,942,14,0.08209734127208988,0.05319022258509261
20170526,436,26,37,15,0.05652301460228072,0.13724049675463923
20190527,14,7,754,5,0.06432037669882555,0.12369686813207743
20161124,29,47,945,8,0.09970721995940679,0.12826897789928282
20190520,245,12,816,8,0.0633565520999528,0.133751743064568
20160204,159,33,202,4,0.049604970246330246,0.08303814317601085
20200125,409,16,467,3,0.1430750262675015,0.07049220469238468
20170405,477,50,501,9,0.0775283569491622,0.08820843153281924
20150606,359,22,360,2,0.12635275662423456,0.09753673038533771
20201005,352,33,148,5,0.04148133154101753,0.09688038861041987
20180911,182,38,551,1,0.061901197028810986,0.11237161658735675
20200225,471,39,881,1,0.13247851161593988,0.07728674643780661
20180618,173,7,300,20,0.06695520766467815,0.10820993237541304
20180508,395,15,139,1,0.07452233367026097,0.09136742743232981
20201210,35,14,586,7,0.06211951273942268,0.09629001616405189
20150225,111,2,708,14,0.12610780988062717,0.12418070035991109
20191109,127,8,953,9,0.026026712798551805,0.06260728125244917
20170818,129,14,293,8,0.11688532013824508,0.14850285941706537
20201125,84,42,718,11,0.05185177613919399,0.10663347115791466
20230914,243,33,216,6,0.10939673674764137,0.10121636675961826
20180514,353,37,269,3,0.04248124186161887,0.12105884151997282
20220128,458,32,227,2,0.062414757387840705,0.07749143304768435
20220304,182,48,639,7,0.028659392262746344,0.07923517340058019
20150725,247,36,322,18,0.1012730378517182,0.1335477420664088
20201231,229,1,414,5,0.03243719786242548,0.10712063086363938
20200402,109,31,213,6,0.1214084571138033,0.1223712951350798
20160710,271,25,40,1,0.11970283867866036,0.10073154465721605
20251209,322,15,403,15,0.08586256304901851,0.10624372671440029
20241101,367,5,312,19,0.02707991692775496,0.14280686372364382
20220426,484,2,465,7,0.04104485204621373,0.09137352757729203
20240827,88,49,468,19,0.060834038711351734,0.10480317140767373
20250513,309,23,651,12,0.058661899829970374,0.1440039943064535
20231130,355,20,463,12,0.0656630130858554,0.1059466072650099
20170814,330,4,563,5,0.03530862254426097,0.11153229867168002
20170826,309,4,217,15,0.026119352345792234,0.07956727924864773
20180329,393,3,109,16,0.1262712465146489,0.05438828616461854
20220220,457,17,590,18,0.13777558994154981,0.11681285890684386
20230503,340,32,690,16,0.09136742251346658,0.11532217546285975
20210624,88,16,151,8,0.06629404830838517,0.1374994259579183
20220530,99,48,118,4,0.13502521132725576,0.13102297574176017
20250417,136,32,383,18,0.13291813253991402,0.050100390766496944
20230318,10,13,412,4,0.1253072527632169,0.06659623185246423
20160728,351,19,741,20,0.12885250993138755,0.07912048255580989
20160815,249,36,248,9,0.041134668869465735,0.1289162443432344
20200802,444,18,16,3,0.06262644436036233,0.09849053254885201
20200531,409,30,461,16,0.03670951379578447,0.05378942846581619
20160523,163,45,342,14,0.07880294029329155,0.053442330169971075
20200926,432,25,423,17,0.09339712932798303,0.1223791989230394
20250308,71,26,88,1,0.08664644735813092,0.09888092286883607
20220803,45,41,793,10,0.080789046894516,0.05365714622488463
20200124,418,15,5,11,0.07102615479876702,0.06827020970431545
20170223,217,2,619,7,0.08510933900371878,0.09377098282642876
20200522,463,38,795,7,0.09702101279159232,0.115154004307933
20181228,426,1,575,6,0.08501877827365739,0.1179819843100865
20251113,42,24,990,6,0.07124262465122903,0.10541420607622426
20210122,180,1,566,5,0.13783600141847543,0.053935717682580965
20190304,204,18,561,6,0.09577619301763157,0.05574402833369492
20200901,136,11,271,7,0.03898015587853564,0.11870351426405165
20201126,462,36,262,17,0.03757449157174138,0.08350673118185013
20230625,120,48,212,5,0.025996234771419616,0.08920618189904317
20151013,388,23,613,15,0.04122428013598313,0.08336438860590029
20240221,98,24,152,14,0.10830142653591705,0.1045459464989428
20200829,147,21,121,11,0.1123918940111624,0.12192758091950857
20170213,202,19,267,1,0.11369149150745728,0.07960225104124635
20210106,86,16,335,20,0.03790321039392845,0.058181173052372685
20190105,335,15,335,5,0.11295982497957795,0.13282009179212
20200505,352,11,172,13,0.0488792126466725,0.09752731500403705
20150430,360,18,420,6,0.07304817383188354,0.0829511709525789
20251121,223,17,382,20,0.05993016617320013,0.11246192431048399
20160328,348,4,422,3,0.09522391400514951,0.10561249820759926
20170819,131,13,53,9,0.08640857870114689,0.11994614507097069
20240814,96,9,864,18,0.11523278301146525,0.14996795322441275
20200713,195,42,639,8,0.03640943599274743,0.05221122074766791
20160111,432,3,759,4,0.12010614817854806,0.1493031639404941
20230714,48,27,713,5,0.04091928588848683,0.12271216649839788
20160409,484,21,870,8,0.1224867426127386,0.07650344924994015
20151125,107,13,988,16,0.13855466521995635,0.114963126213701
20250106,56,27,733,20,0.0855080342255605,0.13251316882204153
20160419,106,45,584,5,0.14575875861502505,0.13893953044819848
20210801,338,25,594,15,0.07904555652872439,0.07305695913155216
20200427,70,3,449,11,0.09664032640049633,0.10935944313226503
20180718,403,41,595,12,0.04452855319292301,0.07232020145643085
20191212,481,46,761,18,0.1137702563419123,0.12088044549701342
20251219,223,36,766,3,0.07862858559283287,0.10910604786638778
20200321,156,41,590,16,0.08899518439963669,0.12827729788053105
20190628,31,39,267,5,0.035949595687762806,0.0936167785031089
20240714,170,24,316,19,0.08006923529862538,0.12775538638808173
20191005,196,33,508,8,0.08721065070916892,0.09126494176764574
20200427,8,25,30,4,0.110821854907073,0.07845807469331387
20190910,149,14,496,20,0.06952047445996413,0.14608370388258907
20150225,336,4,776,19,0.14419502905656864,0.06178530189065771
20171029,176,11,891,12,0.0912127490712525,0.07495574573754682
20190330,352,46,354,9,0.02577823423633225,0.11100006969471159
20161220,52,29,906,16,0.14261119238149148,0.11486316877349718
20150416,286,13,414,1,0.13840758629314284,0.08902352218049962
20220601,101,26,914,2,0.11020746451794582,0.0842597249614859
20250315,159,11,258,18,0.09475155862299611,0.11481792658967065
20150126,382,19,136,9,0.11788007484478895,0.05942078372560139
20250601,15,16,924,19,0.11443370355391085,0.0656261968819262
20170529,371,46,466,11,0.058938772610408974,0.0559126952602542
20191215,271,22,183,11,0.10018763661368114,0.07981672896729532
20171016,62,16,911,18,0.13973652157866498,0.10973703211514796
20230929,306,41,408,12,0.11870387245435993,0.10513127153356233
20180111,375,23,333,15,0.065218787770773,0.08817429657298154
20160215,434,10,162,19,0.11627689170770632,0.08865641800919556
20191021,420,13,34,8,0.02886272462316459,0.09517366274505398
20201011,381,21,75,1,0.13683968200132957,0.05821267541782076
20201102,42,29,458,12,0.13896788903694604,0.05248441929216918
20220131,380,1,860,4,0.05950530120426391,0.14769331678340614
20150108,81,44,710,4,0.09832037669626978,0.13278762216072426
20170213,43,10,444,8,0.11527558131568795,0.13924363208576
20250319,444,28,748,3,0.057677753073646434,0.06580993766632123
20241015,274,35,812,5,0.09251140780131843,0.1300432448338763
20151007,79,16,265,3,0.06334548198544986,0.07719410238028114
20171204,380,17,476,6,0.12630461206671897,0.14803518856936365
20190603,225,4,321,17,0.1387320529919083,0.11465194153359066
20220808,312,15,118,10,0.07886544568056505,0.11888495569255861
20170220,285,20,360,18,0.12719546580280447,0.12498801062297973
20210723,197,13,760,14,0.11671366248802507,0.06028870505382237
20210701,270,12,563,2,0.14073640506919485,0.13266422635178018
20240401,210,1,808,9,0.08727154901420892,0.08006808221742709
20201020,225,5,315,4,0.096748563487894,0.14475947367862646
20190109,312,12,100,19,0.12446584569074368,0.14872846738307471
20190227,461,7,927,2,0.07644191652745283,0.14103702361330472
20250501,486,12,234,15,0.14198512708248662,0.10699220182972763
20201130,277,43,793,2,0.0857949823877509,0.06458324969084232
20220522,122,23,870,8,0.09813540049915383,0.06063319849086673
20240901,420,20,971,8,0.032285345998057796,0.06982993322869024
20250905,391,38,438,5,0.05491187990265621,0.12770623891443672
20201223,185,23,883,15,0.11502909781280614,0.0658287053605371
20240830,226,30,390,2,0.13922141543259103,0.12140978385053298
20160811,340,5,813,16,0.12532904187972937,0.12278189222664686
20180118,335,4,776,10,0.1258228369988054,0.07470321588201766
20151106,315,49,225,2,0.03831379475832415,0.12175997490786719
20200919,391,34,925,19,0.08196991522335602,0.09997185311337713
20181214,240,22,243,9,0.08836429983580708,0.05222307517029348
20250628,64,19,494,8,0.059804817600936644,0.08972476872484195
20250802,294,49,845,11,0.04903204350028496,0.06792959201163407
20200214,214,3,991,18,0.04401291509750052,0.06658378330171766
20240701,276,39,439,19,0.10038062155597038,0.08752308715431341
20220515,259,5,193,5,0.038454335082777624,0.07806821539316003
20200903,398,4,197,4,0.04669248981697158,0.0710089475779219
20221130,6,42,442,18,0.12811083189188963,0.13152141607746876
20150809,405,6,411,8,0.10918225298115422,0.0529821313023541
20150103,181,8,764,8,0.13985357505891388,0.0877641506483364
20211025,125,19,734,3,0.07129988600110738,0.07275405103490243
20240612,355,45,236,9,0.10730023605032361,0.13091759796890465
20220714,34,26,621,1,0.07061396596286454,0.14774369444156926
20150514,216,26,71,10,0.06212372137258054,0.10228869300831175
20220526,11,17,207,7,0.08347864476977762,0.10089623844184618
20221023,252,7,375,18,0.14396457166842122,0.09467727805595519
20251110,254,50,3,13,0.09424873719918751,0.133150655562451
20190606,418,39,386,8,0.09984713428139999,0.14039013652507612
20160218,271,27,375,3,0.13594063324902703,0.1095195131750215
20180907,279,22,80,14,0.14497192292058242,0.09205197676113845
20180410,126,3,44,1,0.11493611992881524,0.12737449899434317
20161015,59,9,614,11,0.03789886620252831,0.0825555410992492
20240425,90,50,466,15,0.08350120738517197,0.1060351885112347
20190807,47,47,469,12,0.11104192099449121,0.10397452361618068
20210714,271,41,173,2,0.026881711061967833,0.10577541709047217
20190906,352,3,579,6,0.11801294807489428,0.1276125117125661
20150705,473,44,277,13,0.1405492741348067,0.10267880785409389
20160321,182,50,5,19,0.09570494860050438,0.12714888315554224
20190513,206,36,909,10,0.025129340199279423,0.11798877486231749
20220819,322,28,701,8,0.10079468717150035,0.09713646307865109
20160109,146,1,435,14,0.0487776931351195,0.11754122482321258
20150105,18,30,468,17,0.04906037097899699,0.12253081934536685
20250109,153,20,122,1,0.03865567684954765,0.060360561031206086
20200508,222,11,181,16,0.133976420618069,0.07035861220622988
20220113,485,7,149,13,0.05953739672450106,0.07312007312839851
20250507,7,20,771,3,0.08569369429053082,0.13928476175399068
20190404,310,35,312,3,0.11194514650203012,0.13185800098315956
20250304,188,43,76,18,0.040315792895830246,0.07446536623443874
20170823,467,36,346,16,0.021485102346483542,0.05378519827814973
20220214,456,49,172,17,0.12794581102844932,0.12676929161013795
20171101,271,37,718,5,0.09838293561721279,0.08874535116617156
20150108,316,46,794,11,0.1271661825025099,0.09014838749465139
20150321,139,31,437,8,0.13477113911708158,0.06522998212643147
20200424,365,10,221,5,0.11928188156260693,0.1447220178628424
20240913,254,32,376,16,0.05480531155748869,0.1337887821386678
20250302,426,32,754,1,0.06945800245005132,0.13837586195750406
20230211,453,11,90,1,0.06420386177571147,0.09909789959590265
20240921,175,4,151,18,0.1047479755392623,0.0658406466418956
20190627,59,13,450,2,0.1299401606692554,0.10391172507851142
20250712,338,2,671,2,0.05926339480922915,0.06133276128373434
20200901,497,7,169,18,0.09936151551924619,0.09051361742987975
20220825,398,42,105,10,0.07382656717453676,0.13563456271752483
20170327,309,4,900,6,0.0982408286481728,0.06811248869452753
20150114,214,25,9,17,0.07887128987118885,0.09729653367873717
20220926,347,43,991,9,0.11137747411107271,0.1348630005957538
20180915,92,30,564,12,0.12989338327416958,0.1169734741818479
20190820,278,17,266,10,0.055749225907890096,0.053827865991175165
20151118,186,23,68,15,0.06350403058890355,0.13692954823344522
20250527,253,5,127,16,0.14069815852445847,0.10178935014608262
20191002,161,13,41,19,0.04720949104218679,0.13304715659039923
20230720,268,2,492,4,0.05747619664701889,0.07738197581304418
20160218,427,23,415,14,0.13061552905387036,0.14094335244744155
20190209,294,16,532,12,0.1103637076284886,0.09148596065360555
20150806,149,6,703,11,0.0309586957472682,0.13207475127030038
20221007,351,35,701,4,0.04188040821836396,0.05403360021921666
20240905,480,50,126,10,0.12752529570371846,0.06408927995050294
20211228,245,12,867,6,0.13219991668506265,0.06842183789710395
20240726,168,7,313,14,0.09113464998004477,0.06826271726569097
20161125,341,23,419,13,0.06038884481855879,0.09082063240314699
20250131,214,13,943,1,0.14354952927940048,0.07725556833579818
20170410,225,40,449,10,0.09547103079735043,0.06004422496304675
20170211,179,20,28,4,0.1019628725148963,0.14818049432186367
20180629,477,23,57,14,0.13291993885146136,0.13204375383125483
20250423,192,2,262,5,0.13293707784725484,0.07124431704397836
20240402,59,16,25,16,0.05269741789201496,0.07020292211383655
20170228,495,5,313,10,0.034977547209167646,0.054981567543858245
20250918,235,46,700,5,0.02548748950836579,0.0807911720989874
20180813,230,28,809,7,0.10587461409510926,0.1262034953389051
20190719,149,3,623,2,0.04829043416891628,0.05091717343266651
20240908,230,48,131,12,0.10918215548537975,0.078464282156302
20170710,255,3,809,2,0.058416088395753255,0.06189365274731397
20181104,132,14,212,17,0.1249485455009817,0.06905556774413589
20211102,212,12,439,19,0.13446579021024652,0.12239254132068114
20220306,86,37,673,13,0.12520208014120462,0.1383089473169056
20200925,240,48,130,17,0.124865970379122,0.06399729637614222
20190820,168,13,462,18,0.048961353667575085,0.07274526528703493
20210930,462,2,650,6,0.05446642611366144,0.11479050653817607
20170712,393,18,780,18,0.1473722745351327,0.1164085097945303
20211211,168,18,618,6,0.03689880933355556,0.12457460772459114
20250425,87,26,227,13,0.14572261072407997,0.1461217756779984
20200710,172,4,163,5,0.0595257088892842,0.07885585588011132
20180305,149,15,656,6,0.130089369348318,0.053038550158765664
20190301,422,43,976,5,0.08555267116829887,0.13169005360427197
20200114,242,49,690,8,0.12119508289730435,0.12800041068902912
20190808,405,20,424,1,0.07675963676121945,0.1040444064315618
20150125,198,28,303,12,0.11148177080108537,0.09257908189007379
20240407,30,21,45,7,0.10136026984626163,0.06823485818362762
20150726,356,35,524,10,0.05182595629009705,0.14040720834116283
20170907,363,27,709,2,0.14771277460122786,0.05984362956850423
20240917,449,30,603,1,0.024293416455659203,0.10193542951333479
20190829,223,18,712,20,0.1096383476602589,0.08398161627162404
20200731,100,15,664,5,0.1195983728539779,0.13485290159901928
20241112,391,17,267,11,0.08953799905032117,0.09718168667521992
20251028,78,26,66,4,0.14981896112888443,0.07435764089788155
20241231,193,34,574,19,0.14971310147343245,0.12285611722233615
20231212,99,24,418,16,0.06067317310015727,0.08398817702129177
20250109,226,2,549,20,0.020635374036675952,0.14405004536988064
20250130,206,37,278,17,0.052058470318398026,0.053920818077100745
20161115,386,37,342,2,0.06805446684102413,0.1302317935638243
20190127,24,48,251,2,0.11550248468892466,0.0610025712369524
20250824,123,19,428,17,0.12418567042226464,0.13682173669100833
20230530,230,34,301,5,0.09629841125023464,0.06122349088076501
20150321,294,35,271,10,0.09164703133778898,0.1168917101910451
20250701,17,49,678,19,0.06335274951032951,0.05585830876081928
20170216,380,30,83,2,0.11871654141407435,0.12724951078720131
20170510,307,40,390,19,0.14020131793098872,0.1499418840117901
20150902,185,32,414,7,0.14284340445885327,0.13937532214395626
20191014,408,48,45,1,0.12343183184163688,0.10302920244806019
20191231,56,43,464,5,0.12174830005279208,0.1352159556574799
20200710,120,1,829,3,0.075298031979303,0.12219180513188145
20220429,139,48,529,13,0.04844523984874416,0.1330598130103713
20150726,363,6,870,16,0.06191981204984115,0.05902364500653069
20190628,269,45,930,10,0.08280599131855698,0.11129543608119091
20180215,180,49,501,6,0.14335671883747053,0.07164512600962562
20200804,53,10,265,5,0.09850179203118198,0.08505277043384833
20170410,369,33,466,12,0.06429941826247448,0.06837281033467532
20150925,417,27,75,10,0.038935263874140466,0.07436231177606913
20160728,83,26,770,11,0.0886903737781603,0.09218452820494111
20160506,180,42,636,18,0.14665941016668402,0.09179854392051305
20231008,182,16,618,16,0.13950861659245503,0.10000618324940325
20200707,37,15,647,7,0.13834112745363622,0.08015212797001828
20160428,124,32,641,16,0.02551515528160723,0.0861058559556505
20220117,136,2,471,16,0.12468885917897021,0.1161658923274121
20220814,227,48,112,2,0.08241165108185666,0.09230633565062867
20180313,407,3,174,12,0.03934243147284319,0.10860214373880987
20170604,113,41,535,15,0.06326434736699119,0.13520690224797755
20210517,349,21,332,1,0.07392722757009158,0.09911234672214864
20241006,323,39,175,5,0.13799802585348517,0.060098725482333304
20211028,313,14,296,10,0.10598513601147831,0.050645943675935036
20180622,380,17,906,13,0.04744204518051738,0.1347572437749046
20220508,158,23,137,16,0.055737800916929064,0.07659023136232042
20221123,306,43,37,8,0.14735044193533334,0.07709209438492305
20200806,285,10,973,19,0.03375029565235284,0.08834814232052239
20150811,494,9,365,14,0.09466815558738191,0.12284445276906182
20230810,405,40,281,13,0.1111005768926002,0.07918012229628868
20181202,56,22,686,9,0.14237790044709941,0.06472180246621455
20180405,185,9,584,19,0.09100530687108484,0.09193814266232753
20241225,400,13,34,6,0.13098910468195113,0.06626118863010882
20151001,166,1,685,5,0.06953010609567238,0.1388666056617585
20170930,156,19,146,19,0.1340606722036602,0.09853375382466048
20180202,59,12,264,9,0.11539524700318826,0.0922793229082757
20191215,100,40,879,8,0.06091079445107385,0.12207781402924427
20151207,423,47,744,8,0.07673945457813906,0.124511085860795
20241022,171,45,116,9,0.1334436876648783,0.07674026573334107
20251115,474,25,719,4,0.04913876466355653,0.1292849474644599
20221116,314,44,208,15,0.12759880542056304,0.08000217307022828
20160531,305,27,294,6,0.0749312145350433,0.10497094208717965
20170828,384,45,237,11,0.03581790557521694,0.1319050423595342
20190516,466,50,939,1,0.06502070038337335,0.12108093293421952
20160419,88,35,1000,9,0.11131822150464508,0.06496228580615483
20160221,96,3,631,5,0.10756141656171432,0.12242870217276147
20210208,247,38,676,1,0.07273540202243912,0.09349446647493156
20230116,238,9,633,17,0.08404180755641268,0.13580959015968713
20200803,391,28,864,2,0.041883378617759245,0.13104186806415008
20190208,61,50,247,19,0.11835435502496017,0.09709233685241606
20171107,303,22,793,1,0.05550226082724549,0.12863731055648875
20220708,415,19,118,8,0.08821362046208647,0.11476000425918989
20190820,58,37,278,7,0.13387080178871003,0.06923048186344508
20220424,246,45,557,11,0.12399054968206337,0.10828296953199976
20220710,257,18,538,4,0.11829335728403849,0.136163241655466
20150401,115,28,87,1,0.08646082319087454,0.10557858370207729
20231028,6,1,906,9,0.13392498901114544,0.08253367698454893
20170310,496,47,272,19,0.08532373985329407,0.10066083824568467
20150506,124,6,318,11,0.10506424020921674,0.05737406261499222
20200627,183,34,58,17,0.08079014450147703,0.14275374069298746
20190818,26,7,252,6,0.07761339927644895,0.06102536664642177
20220507,338,25,39,12,0.07571788487312618,0.07689078864518614
20150504,491,20,455,7,0.10358320230888732,0.06765444525457096
20160706,337,7,671,13,0.10755267572166403,0.12925405162053322
20150730,205,17,629,10,0.0822151826228831,0.13326227881936703
20240116,299,49,192,3,0.09964072551393424,0.09525377642303229
20250430,410,7,730,10,0.11113120081408727,0.11540912303196742
20211225,320,42,752,14,0.08659525217350747,0.1283819731901073
20231008,459,3,281,4,0.1482322451820974,0.07987045159260382
20160409,21,12,774,3,0.02423047098159972,0.12476688399917489
20160406,61,28,351,13,0.14433540402776693,0.131491645730794
20180514,452,46,924,8,0.12608274950210044,0.11124634631360172
20161109,422,44,402,6,0.07264831211431354,0.07077701830035191
20170215,351,50,160,3,0.09843037512519742,0.051348549677867616
20160518,113,43,651,7,0.11640527436241625,0.09336842002879664
20170505,482,28,400,6,0.11846703667533688,0.0657499722676891
20161129,207,11,456,4,0.09555132729119294,0.1381677194436977
20240205,130,15,437,18,0.05929942831804372,0.06657286454966778
20250113,335,35,483,6,0.10490188142678224,0.10318256128090052
20160131,372,21,633,9,0.08106190655658835,0.1458926871834893
20170125,296,37,79,4,0.06779168241508038,0.06392480706238646
20150710,353,7,724,17,0.1085420626350547,0.08406046751400151
20181106,257,42,748,10,0.06347886680268049,0.08866608789014661
20200228,259,36,335,2,0.09117283337740731,0.13089535245528333
20240129,234,36,460,7,0.11172507767438666,0.06435181091177301
20191120,437,24,142,19,0.11702532233517585,0.06258577366378008
20211003,226,18,811,6,0.032292319344289,0.0713313160062236
20240707,430,12,741,16,0.14040167503364118,0.0706533923018465
20171008,16,4,895,15,0.10559143903443836,0.08084380885713774
20221021,432,32,754,16,0.13245342333009916,0.10551773684783683
20190131,423,6,370,5,0.1359430984644793,0.14411605911777972
20190212,132,40,985,2,0.08775157820690277,0.12744090212937492
20250223,91,44,347,20,0.05273297088289705,0.06883580049039921
20210320,364,17,586,2,0.10986780493363499,0.1288949173296807
20240709,407,4,354,6,0.05458227868501264,0.09553680514562735
20170612,204,39,35,11,0.14120002733902756,0.07727819002770024
20211104,6,39,386,1,0.09860320199089993,0.12013896674363833
20190918,185,3,450,20,0.07715203735185967,0.05643988134366012
20150403,81,16,466,7,0.03539755029335498,0.12999162098250694
20170509,279,38,806,8,0.058114798317660435,0.08592470985216936
20180412,50,39,800,1,0.13754621163598615,0.06501336953782243
20250506,108,48,570,15,0.10878054775853964,0.13472352594738107
20160402,6,32,573,10,0.08597728060607598,0.12055127108131777
20160621,315,23,518,18,0.12184481051752015,0.10503559538184828
20250214,484,5,886,2,0.13039414708671837,0.06697812515627412
20160104,445,17,849,3,0.0874360080822058,0.07113425204224652
20201103,489,16,830,7,0.05505942901312631,0.1361886132233372
20230701,348,40,266,6,0.10393199638426409,0.06924531586300951
20211101,468,38,710,9,0.08678007297102723,0.10073349934101136
20171216,316,16,393,19,0.12646148057529227,0.12394257650099126
20240611,381,13,754,3,0.1365503543003131,0.12746205864592558
20220928,467,10,383,6,0.026807177981070657,0.06784069178609972
20180121,160,3,12,20,0.024554693665302336,0.10963742145804795
20210128,359,31,245,4,0.14428962250443617,0.08922993329116329
20241217,71,35,539,18,0.03605640652026089,0.13088007378758867
20220901,244,35,710,6,0.11752039974253624,0.06101943125006575
20230709,162,48,552,5,0.06041926948184216,0.13552190597666597
20170610,397,9,569,5,0.0399174383018055,0.12223254846895787
20250322,251,31,425,12,0.11928016646669777,0.1256403814889216
20251019,21,20,691,8,0.11407393376254542,0.10658377150586756
20190309,34,9,621,10,0.08668444476755972,0.124647573811652
20180410,369,46,921,8,0.06870701238303205,0.08527767613442681
20150807,127,26,138,19,0.0831996155638771,0.12667835199639377
20180218,280,14,255,5,0.0895377751311282,0.05721538154899078
20150607,312,15,638,10,0.12246635324952114,0.11970857071038091
20230429,225,2,555,7,0.03510864059411719,0.05149432361332468
20150121,58,22,928,13,0.05026884516268572,0.08160669058648042
20241015,299,21,580,12,0.03451829986344228,0.10418143703101401
20180321,395,42,54,13,0.11606502975447287,0.06469659614005115
20221223,174,47,773,12,0.11559282096004198,0.08738014142463683
20240507,110,27,956,4,0.10058731920462723,0.12343003389637335
20191219,228,29,200,18,0.06564933678129817,0.12013498469791208
20240730,334,37,492,1,0.05475066266169555,0.14945319611869085
20250928,185,39,799,12,0.13081800028108045,0.12244647604019736
20171218,90,30,281,7,0.05242349220207958,0.083968265456617
20160818,190,1,729,6,0.044103826918558645,0.10695562067941841
20180108,265,1,112,14,0.0886034070183649,0.11173180107678314
20161127,72,35,648,11,0.14671543323357059,0.11134631360963815
20230215,374,35,218,5,0.14345363573727068,0.12666729351107936
20180915,23,1,430,2,0.09859573671457789,0.08602452397014831
20211117,249,37,747,12,0.057546925644490404,0.05540134336408556
20190218,360,6,163,5,0.04018894997568892,0.11048696450515746
20211009,223,23,988,2,0.054547528583716046,0.0596180960675342
20200126,343,14,524,11,0.07681420014694941,0.08319220014397105
20250303,98,23,504,13,0.08947360485209761,0.14485061887008233
20170930,352,18,302,2,0.1450969310342655,0.05750957881589019
20220527,396,44,107,5,0.09588024430432134,0.09255270230786686
20250103,265,16,337,16,0.06886828619803918,0.12728475415399237
20240804,76,1,501,12,0.12000628133672536,0.13509779164795116
20151014,388,38,569,11,0.024097041294764032,0.1038212220819448
20250616,255,21,584,12,0.06462559392224626,0.07176546510869088
20230929,24,43,378,20,0.11235488237696845,0.1364031457847604
20150428,473,48,602,15,0.03330471657428934,0.08051422569054274
20251214,468,14,736,2,0.08572730707726638,0.14712587388659548
20190714,318,6,575,9,0.08927830517208957,0.07727245099326527
20200120,255,21,727,11,0.04762364710179909,0.1379275988023472
20220908,471,24,80,7,0.1458505293910009,0.07087218164266328
20220504,391,50,369,10,0.0978152780955994,0.07699553561272908
20170204,154,29,297,8,0.09207373252115368,0.0751291188822771
20211128,183,38,104,1,0.08638738332599927,0.12525696527165872
20230523,35,25,510,6,0.08610811695160554,0.1470132969779171
20230924,146,43,484,2,0.02363532694443849,0.06717393346378028
20171111,138,27,801,2,0.13337079047868072,0.11873797783440547
20150330,349,5,286,20,0.027418619624850975,0.06157397986904
20200408,53,28,657,8,0.14071863345222022,0.09322689585503649
20180706,44,23,49,10,0.13296297974672794,0.13828323783359522
20150826,440,23,224,7,0.05279268042848072,0.14413664930904002
20200220,421,26,354,17,0.032443781210585367,0.081170221115536
20250207,352,10,897,6,0.09854104699441606,0.1322184825807124
20150314,96,20,644,3,0.09503230567703433,0.05701004287356684
20200428,486,27,212,2,0.058965266917521006,0.1037457837674653
20190919,382,16,18,13,0.033209338141842994,0.0994560911897962
20160921,275,28,460,9,0.08592899948725306,0.0504914106416218
20250729,470,20,580,10,0.035328768267559374,0.1463516633604126
20220728,249,1,837,3,0.14937455181133225,0.10503890440736646
20171118,282,36,328,7,0.04490884845104512,0.14178834809710555
20180411,145,5,338,18,0.14538175501666523,0.10781599071724583
20160116,47,8,734,14,0.04046781922650884,0.12088005268004064
20181112,211,9,363,11,0.1025743269474658,0.05868231155953756
20180223,275,17,566,11,0.11720582003125678,0.12692427147856905
20240928,353,34,446,4,0.13383775993215052,0.13191103629961476
20240219,265,35,363,8,0.04119788909090201,0.11240802679117709
20210824,288,24,38,6,0.13383423836842892,0.14885585723633848
20221010,14,7,819,9,0.09730943290660701,0.07636805572026725
20230424,30,38,426,7,0.043482063895666084,0.10218519506327517
20240902,142,21,860,15,0.1211133175582421,0.08803205683055472
20210419,458,31,78,8,0.06755546596222627,0.13593852860443906
20250922,396,28,278,7,0.0850589600408273,0.11927219883275192
20200627,178,21,342,2,0.07731122782571205,0.058369866247164254
20150109,134,37,199,8,0.043982312127529136,0.1341321305383935
20170522,54,11,344,2,0.08092842117149841,0.09756569454291394
20241224,243,35,956,10,0.054061748532109516,0.1298544101841245
20230223,340,8,29,2,0.02926273787042887,0.1376739059572094
20230323,397,6,334,8,0.05527402981779454,0.0924779393714569
20220227,109,10,800,7,0.048942385456490614,0.06743506286746337
20200420,415,36,440,4,0.11086632123064101,0.12397839186959207
20210412,19,48,4,5,0.04787704433540923,0.05332962049839786
20240129,311,28,530,2,0.09863906927782329,0.07406598624874941
20151111,214,28,584,14,0.08229907350926959,0.09020728660494162
20151103,181,35,612,9,0.13761499449137918,0.06574062469232787
20240322,28,29,582,1,0.11489248610626697,0.1173464412955538
20190813,18,27,74,3,0.055813924490306865,0.11931255649848811
20190329,145,45,814,18,0.06778932865737926,0.06337763882084237
20161219,301,2,662,4,0.07663827391669052,0.060392102068899084
20211221,486,46,235,9,0.06479488941661592,0.0855020728046281
20231020,378,32,610,16,0.14652042965135284,0.1476761343675788
20150817,169,22,170,17,0.07482005540546477,0.06133444003756177
20150919,454,24,246,11,0.07147790556169045,0.13827536913228933
20191026,10,33,36,18,0.1361782021949934,0.13368204618414714
20190222,331,7,919,13,0.10351025229295924,0.08361928240612768
20201114,5,1,104,11,0.0607845490322383,0.052385372644660394
20200410,345,8,398,4,0.10087524941814169,0.13840736901669243
20221027,134,12,121,6,0.1393536721959283,0.1357906818927136
20240420,79,42,220,10,0.047237788669595535,0.08140686468745412
20161006,392,23,871,18,0.12532066424716778,0.14785292906594147
20211117,443,39,715,16,0.042160483963613306,0.1153009340414859
20230825,371,4,974,3,0.09790187710784158,0.10415374393169839
20190701,494,15,226,1,0.0990442300920894,0.10283487672952848
20210712,57,16,454,19,0.06849497977086111,0.06899591532604281
20150823,484,50,865,6,0.029257886658381374,0.14241987691468488
20241216,421,43,998,19,0.040723449538928494,0.06829588971155928
20230118,263,13,915,12,0.12175961165613075,0.08981793019481925
20240703,128,35,196,8,0.09084082163689851,0.10005961263950577
20220206,107,24,763,20,0.02704842191374557,0.13075620220019868
20170902,142,16,546,11,0.0720017822050503,0.14931618221490203
20150826,434,12,125,3,0.09680906446633183,0.05925651094915272
20201115,375,10,143,10,0.08324879887553596,0.13062697163442488
20211108,466,32,869,12,0.13604344976337127,0.10035438799140364
20150512,410,6,529,10,0.1433429409025473,0.11408261444974013
20150821,193,23,890,7,0.06593914694747074,0.13089714877027248
20180225,79,3,379,5,0.1159334486308737,0.12794432644454193
20210108,136,31,561,10,0.06572967803838624,0.07827566655981008
20250118,159,30,987,8,0.1464552285441472,0.059932884814565913
20180203,330,16,575,4,0.04400788496949953,0.062410618754099145
20160612,325,48,602,4,0.05702850153685825,0.1068633243639617
20230524,187,50,554,18,0.11590867765864692,0.14058378819551146
20180525,314,9,353,20,0.06287126507652659,0.13765962990020236
20221224,235,45,452,17,0.07112602685817698,0.13839808247128138
20210420,452,8,114,14,0.08289184348825278,0.07570758028220588
20230820,136,30,999,9,0.1271012469697702,0.08081214061408057
20150422,16,39,761,19,0.08394260934638435,0.09813752342652027
20181215,34,28,68,7,0.043577528203982835,0.05969714831806988
20241119,37,36,40,2,0.042073285835473616,0.058984062968961914
20220516,12,24,361,7,0.03368623290288387,0.09730790719422693
20200302,145,10,786,11,0.13603646269942932,0.10235444287081297
20170215,71,3,850,2,0.1166700243181201,0.1465420094396685
20231013,400,24,914,2,0.1109414135601332,0.13049926827249952
20150811,70,13,496,8,0.06011781103101259,0.08570947143887717
20170602,74,39,110,8,0.045278038245135446,0.1169818691728955
20170703,279,2,737,15,0.1139299130554144,0.06430645792536069
20150921,288,31,932,7,0.034364572484435606,0.07740097956563227
20171126,349,3,383,20,0.04101512367902953,0.13726234654498842
20230619,18,28,396,4,0.037368852306846397,0.1090691218913181
20230527,492,41,788,7,0.05239797602184758,0.1453534997386825
20190405,97,15,573,15,0.026180087602602486,0.12558890590350974
20230430,348,22,718,13,0.1358210567622784,0.1153221298579176
20250709,495,31,189,8,0.11072094521231082,0.0653472711303233
20161109,195,14,196,19,0.08341460931666018,0.1339840047176747
20220630,434,13,337,17,0.1209644873153814,0.07925244990557292
20240703,172,22,215,7,0.07168515735679283,0.08744608784592262
20180110,467,50,556,11,0.06985621908525222,0.08717293097066305
20151012,479,37,688,3,0.11662276876964253,0.1294903373071543
20190220,405,22,972,3,0.1105004813228166,0.13804539874077149
20211215,228,18,971,6,0.04714490385166848,0.1475566610786766
20160731,331,49,543,11,0.07717562773421212,0.14028073741358532
20210923,330,2,192,9,0.127594870936474,0.050489228275682765
20181218,310,29,456,16,0.05199773374397275,0.12362148413839422
20230527,188,36,109,19,0.058259761774394875,0.10799643847151201
20231219,27,29,701,19,0.12364255511753461,0.05260874487161841
20180703,294,28,273,14,0.14826528419850177,0.10637532591543714
20181002,159,7,228,19,0.06557756364363863,0.13506707973947019
20231215,499,24,946,9,0.02139805918319666,0.1359686672261398
20221110,368,40,34,1,0.05989081277058539,0.12070895360294683
20160124,88,21,481,6,0.07994768581922033,0.09291508261609827
20250228,431,40,808,2,0.0908561172791164,0.1304625539586648
20190610,25,28,153,3,0.10096184165358783,0.07564827106697034
20230408,345,1,626,4,0.06657319423487537,0.09214031998183463
20210217,373,4,10,13,0.12395532728474953,0.14535041895352951
20181102,82,30,962,7,0.05305761666726676,0.05131595322233839
20240612,255,21,859,10,0.06784371798560646,0.13293096371688143
20210523,267,50,763,17,0.04461968037244611,0.06838628637331265
20221008,282,29,604,7,0.0682764699328317,0.06256851237496515
20160810,267,24,127,9,0.035581524000447576,0.08277409417502865
20191211,345,10,522,5,0.04670650199945721,0.05189619678906321
20161117,250,36,469,7,0.04428504923213321,0.056834290261791535
20230109,54,12,328,7,0.13458938244456678,0.05480476928882105
20211115,40,32,826,6,0.024443211808748283,0.0713412325675119
20250113,214,13,624,4,0.07500850773950461,0.13372814491009838
20220112,183,17,754,2,0.10515681180099988,0.08095384876380941
20150512,265,46,518,11,0.09135510290576693,0.08387490677485474
20250608,251,7,191,15,0.027702478148550872,0.07566983430280663
20200417,229,20,936,9,0.057445800019474705,0.07709000973460443
20170430,400,48,582,17,0.03907986735881232,0.14664955868639754
20191212,300,17,237,3,0.0675155772848663,0.12716845983631836
20241103,141,4,421,14,0.03867947924100422,0.12309103699929853
20180110,79,10,251,14,0.08751240275531615,0.10139535439781378
20171221,308,7,567,8,0.11122591885387746,0.14856444958874654
20200818,158,49,26,6,0.12780706216670445,0.11067166779728649
20181224,197,17,54,17,0.11342567811338423,0.10943018048730652
20171105,5,7,679,16,0.12682150560729333,0.12954158547879158
20210420,130,14,450,6,0.06650209740002815,0.08044637455466795
20200301,461,15,739,18,0.06285453539120275,0.1321161036420958
20160714,243,49,787,5,0.06877398502989292,0.1297536292395084
20151226,171,31,756,6,0.11769279597443386,0.07593485270650356
20250521,367,39,511,1,0.055726371167478944,0.08379714059027761
20150906,301,19,306,3,0.06489100149326273,0.14359628341920164
20210215,210,31,156,9,0.10673390238227673,0.14065259546227135
20240514,169,46,944,18,0.11085913135693036,0.0983884278407077
20160312,148,28,85,20,0.08031637284858688,0.06924917614708577
20240308,157,30,917,12,0.1286320585752846,0.14861557697590244
20210417,482,4,249,14,0.09702667099536443,0.05923745448737638
20180907,191,13,985,19,0.14297558969017052,0.07042457768151147
20200517,212,35,77,11,0.03595846630475491,0.10877602512056075
20200912,453,42,484,15,0.14866190684750083,0.0736889395865371
20240214,198,22,158,12,0.11996989833805687,0.11615066671052847
20180120,286,39,21,1,0.03570935795031249,0.11515845917711771
20210923,189,41,261,20,0.10007694851287742,0.07460213125241236
20210324,173,34,145,4,0.09518527115483656,0.10584543687785775
20251213,319,26,333,9,0.12489603301392994,0.07220556845615335
20170718,405,21,204,15,0.14234436514225177,0.12510209974279252
20180404,160,22,828,12,0.06926582446442772,0.14739907061294077
20230429,181,2,472,10,0.03487184024285155,0.1078486330243538
20180326,116,7,759,13,0.12346513794532843,0.12458842314725176
20150204,263,21,705,4,0.12409521255638954,0.08139651348561937
20221211,414,31,239,8,0.14807553897392398,0.13013999670309565
20190206,500,2,594,12,0.09640441032869393,0.11128591408941652
20240519,77,15,59,9,0.07112850577813307,0.07238517231477296
20180214,242,35,669,15,0.09871315647777429,0.112574485033062
20250516,159,37,108,16,0.07608639014597252,0.06115272926896753
20161120,243,32,389,7,0.06089476035686882,0.13495746607644424
20160905,33,21,516,19,0.12088357988661112,0.07088774233214319
20230714,352,1,494,4,0.10789948051523121,0.11181752460790499
20170730,494,8,412,1,0.07147660981756825,0.12850025231458845
20161108,297,17,422,1,0.079258112030128,0.07982756052236617
20210822,469,48,979,8,0.13125429128934651,0.09102722096687177
20231105,231,1,358,11,0.02514776344076645,0.1353908202021799
20161111,191,26,657,2,0.10254966929690437,0.09404839525607542
20170305,121,2,726,2,0.1447076130248468,0.1445219434805308
20231109,6,6,981,2,0.10276521769500453,0.05296773421578728
20210212,273,40,487,18,0.13602871191904686,0.14299610064091925
20241023,417,43,306,19,0.037580433807772214,0.1048582614781024
20171203,328,41,202,13,0.1373290095623224,0.11412468016694972
20190604,231,25,79,2,0.09567275305693446,0.05892557588401525
20241125,455,35,639,11,0.033148314451861824,0.1414278697900151
20210924,363,34,147,14,0.08980126117453371,0.14233989153081325
20220116,271,7,924,5,0.051702140311947614,0.053267281816893
20200615,235,44,51,19,0.14895283026641562,0.0716552004809339
20160130,233,5,517,14,0.11467577552898725,0.11276045028722972
20191118,157,30,224,20,0.13077525490853006,0.12829319444954185
20211117,464,35,862,6,0.10026696833161405,0.07246152438213657
20240428,254,13,378,16,0.02049486059606947,0.11554724768637445
20160716,489,28,68,2,0.024360546023200626,0.09919099915550422
20150127,70,43,952,4,0.10940630192960527,0.12884953020086565
20211027,286,45,536,19,0.05917566190995338,0.11484193170123765
20210730,19,44,928,17,0.06814572856786513,0.08640672190666943
20230324,46,9,124,18,0.059827912842537134,0.12863476185752964
20181101,252,27,834,10,0.12631519927482593,0.14389905137399672
20250516,91,33,196,20,0.14780484626442972,0.10874208208434577
20240930,280,23,510,17,0.12613606006433895,0.08407067493104615
20181203,76,30,617,5,0.1022228020577291,0.14967731636618303
20151112,497,24,986,1,0.13634051009839826,0.14146433631101518
20200228,468,35,670,13,0.06943766738550718,0.12044964639861007
20230917,56,35,201,4,0.06613623318289885,0.12942727839697743
20190920,472,2,223,18,0.14506591452940412,0.07358895754759598
20200615,257,12,928,19,0.14195477179995447,0.12481880927595762
20250817,381,23,586,4,0.027856691038445423,0.06624107578402853
20200616,55,10,193,4,0.031240219625907985,0.12594111904147492
20150612,58,37,832,6,0.06769718387927269,0.05214538006639355
20161022,181,21,975,1,0.07388218876918107,0.14921562462078786
20200810,491,8,5,7,0.07189388808960229,0.0662931216369838
20160102,448,19,74,15,0.10769419844056616,0.08980628253270445
20220529,387,27,764,17,0.14938685041343464,0.08091671771756205
20150528,51,44,159,14,0.08306749209999768,0.10738813556752314
20190824,302,11,970,7,0.03435392583444382,0.11569384082082541
20180917,255,43,594,13,0.10926215935597723,0.05949682642565926
20151201,449,11,124,4,0.09722929609948223,0.1209466075205371
20210327,180,8,663,14,0.11558182321601383,0.06277306524334844
20211112,423,20,737,3,0.11860873254165619,0.13095854068319812
20210526,84,22,469,11,0.027152445321559762,0.130175189235872
20180827,465,2,106,19,0.08009651985950544,0.09021398402877606
20210506,366,20,591,3,0.0496684629214444,0.05393768572347486
20200709,170,12,355,5,0.02830223910012038,0.11309096562229361
20180721,417,49,136,7,0.056472122728412774,0.06687991713655544
20190103,404,48,896,6,0.08458652039745172,0.08499370454099356
20181026,37,33,443,5,0.0687570149045839,0.07921546016579187
20211025,385,9,889,20,0.05351452364866316,0.09213994717060585
20210421,109,25,402,5,0.03899521864204983,0.050086200554223984
20240622,161,31,637,4,0.12307379502072771,0.08816244925445618
20240125,54,30,621,15,0.021032280880580307,0.05339205957193245
20220327,466,29,409,18,0.14464967060741074,0.05105576462740059
20200615,74,36,243,2,0.11529276086517608,0.1447816784653262
20240117,44,49,988,16,0.04004351762076773,0.11603892745228765
20190529,129,42,365,4,0.03141811810411289,0.14653338002774374
20190905,440,19,726,5,0.12244166472631922,0.13775242756176032
20180211,480,18,847,3,0.04426717250123832,0.14608937095233326
20210130,170,30,491,18,0.12047053301433962,0.11337591265363052
20170225,470,47,374,4,0.06661481852941997,0.1413720907123141
20251222,443,12,320,18,0.10526891170408516,0.129440990592473
20170708,181,44,206,14,0.03952474645639241,0.05551849527880892
20190527,187,19,633,5,0.03379596556776071,0.1411501899885532
20221001,107,30,705,11,0.09411844277269193,0.0519703384317641
20160402,51,40,318,13,0.042877871926862265,0.09876496241298349
20241024,435,9,246,16,0.09009014553023004,0.0970766590244429
20251010,377,44,354,7,0.048009963863573216,0.07695552683803938
20200426,469,43,988,11,0.09840429138846384,0.09453716121407715
20251014,401,43,253,5,0.07831724990884824,0.14801812755533006
20181109,320,27,248,14,0.08751506432974684,0.12715411988403813
20200925,339,40,318,16,0.13713233111671966,0.11400898963940646
20161209,197,14,119,1,0.13720670914912608,0.07212408400668636
20170924,290,43,666,2,0.028920164518317942,0.07221812817345556
20250310,414,47,969,12,0.13202183784717908,0.1477216394645424
20191122,83,38,848,14,0.11588847714583458,0.05292751674533402
20250209,207,39,416,8,0.11366492596261803,0.08555281890493902
20251109,226,47,949,10,0.13653576503628878,0.05498077216084958
20170302,111,11,61,3,0.07189549134675899,0.09374501299675009
20150525,228,38,119,14,0.12655139087851558,0.08769884551578534
20211022,312,17,214,20,0.05382622008024171,0.06853190477893199
20220614,288,14,202,15,0.07894601722639502,0.1077204255892165
20171003,3,20,534,3,0.030805354143409326,0.1192744903812466
20200318,3,47,997,5,0.14776451849194977,0.11086402001448659
20220801,49,13,669,6,0.031913573199773844,0.0777703746501786
20230102,356,8,6,7,0.08147959817232771,0.10497775646294386
20241112,385,38,186,1,0.13955116306989554,0.053971812379896435
20150317,142,25,332,8,0.06093580884575568,0.11249367917949626
20200709,336,21,971,15,0.12602521449768989,0.10649093265202679
20240313,315,3,599,9,0.027774816387377145,0.08052321603342813
20190420,304,30,578,3,0.0625661650458074,0.14183969095530377
20220619,433,10,374,5,0.06218790392950296,0.058133866932140836
20241211,6,10,529,9,0.10390389148228737,0.10185461817239691
20240129,432,13,632,9,0.12237226300931701,0.05785667088742106
20160405,423,18,896,6,0.06530042240203653,0.13221186351683056
20230707,436,33,216,20,0.12367505041324671,0.05222794859100395
20220331,7,2,723,15,0.09344038982654508,0.1231366746697107
20191112,388,10,597,2,0.14387667598613296,0.11535900204155752
20190518,466,19,585,3,0.1465722253364085,0.05567948756764934
20190709,6,5,993,20,0.13096771327132786,0.10221179421680458
20151222,270,5,85,2,0.09252229147544375,0.07126676929121958
20190518,206,14,331,9,0.14986277360303638,0.09240298699320712
20160330,118,18,558,14,0.10348365049296059,0.14161885547640157
20191209,116,9,624,19,0.06821131344474331,0.1254778969574727
20190217,292,4,743,15,0.08222391046158584,0.13701067012107665
20180809,465,32,776,13,0.050598917275175626,0.07324797692642654
20160415,480,40,88,3,0.13111211668696549,0.06092252593693995
20210823,22,13,368,13,0.087212568170062,0.0737730115405709
20200714,442,24,312,6,0.021659797823633517,0.13653240302514208
20191003,284,27,748,1,0.04004396734307586,0.05206330421029466
20230212,149,26,686,9,0.084303529732645,0.10745636613664453
20240325,66,48,284,6,0.07173457803355224,0.10883086056916128
20230101,458,20,97,13,0.07007816790908876,0.08136292557484978
20210820,249,50,173,18,0.04098994751758099,0.061498902506049384
20250404,433,16,988,6,0.08753245124142883,0.10530019791539418
20210126,248,32,753,6,0.09808225939790774,0.1430721947635763
20170110,155,8,172,5,0.09418954730986079,0.1014813292367708
20160927,155,25,294,14,0.11914553195888045,0.13697372286870058
20190116,386,12,88,8,0.026541165790230793,0.12422216184856662
20220423,192,12,808,5,0.02156122412322765,0.06508604946972815
20190815,41,15,418,7,0.10471907218724123,0.11209251326934426
20150630,254,19,343,11,0.12708210003777723,0.11344595372321216
20170207,477,2,586,20,0.1407963085564336,0.06276437458279638
20161024,396,22,579,19,0.02418113203197977,0.0937804922860559
20241228,237,32,623,13,0.07242517796249695,0.08089896809655821
20150908,450,31,638,1,0.07091062635663463,0.14211229869553166
20160330,179,23,704,13,0.1401111647278416,0.06385435831333212
20250311,189,44,708,19,0.07497831884152138,0.07134908258064797
20191201,310,39,543,17,0.14398117951716874,0.1449697840158788
20210515,93,10,475,5,0.1041792278475669,0.05941302290867565
20171121,38,44,796,5,0.11371014070635208,0.11580620182342613
20251211,318,46,28,17,0.11565073617105633,0.12422295282596742
20170303,485,34,750,13,0.08351030851699705,0.1473971122982567
20201103,41,15,169,7,0.09407744566980511,0.11869689660103283
20201028,50,16,823,16,0.036758720458598855,0.07992231646873506
20171209,184,36,682,13,0.06454626699634167,0.06669969002887347
20240430,481,15,81,10,0.04048271918867076,0.07499559826763218
20160629,218,50,852,10,0.0400374341501044,0.10132733694243909
20151106,33,19,343,13,0.030045104990337305,0.13028628499148076
20220207,333,27,101,13,0.09626059297682144,0.12282910815718219
20230322,17,4,176,20,0.11361405103830267,0.07686358164417646
20180605,331,11,20,6,0.11985456816772852,0.13110392142278948
20210210,100,4,694,14,0.13039049824622015,0.13268168456322504
20230721,394,42,433,18,0.07910802342383433,0.10282595259207522
20220413,42,43,905,3,0.12332877524350985,0.1023721018217667
20191130,6,23,600,17,0.1413951466996884,0.0850167379336804
20180805,453,23,315,12,0.09534422527656689,0.1077434033336557
20180125,159,17,720,17,0.08221517214557689,0.05267960660430901
20231005,161,24,365,2,0.12142102741569126,0.12735759775292227
20251226,335,35,565,15,0.023109380002093165,0.10395752172898057
20190428,445,15,53,17,0.13413453877983691,0.14684248966950175
20201118,386,3,550,13,0.1284188258500708,0.07382308292561778
20190906,164,10,77,1,0.05448865211338323,0.11443103846095805
20220912,219,20,695,1,0.10506202251784198,0.14937461603278313
20170706,464,23,125,5,0.09343018626534706,0.052431980859300786
20160315,276,32,556,18,0.06036093921277612,0.07832478284014577
20230206,156,19,833,2,0.08720145394587912,0.0985171732117536
20150630,16,1,482,15,0.08865426647141973,0.12899746109612975
20161119,376,5,132,16,0.07973961568462641,0.08806049465037502
20160709,81,41,813,7,0.06657357120521688,0.09539529545679402
20240718,316,18,650,5,0.14143225787740435,0.06839027856135296
20161126,219,26,336,8,0.0829659391101088,0.05746518696788092
20250422,239,15,591,16,0.06165136929242,0.14975657284767557
20210710,117,27,556,8,0.06957490169522998,0.06320468108660375
20210228,133,11,740,9,0.09081990510644758,0.1406799442565063
20170325,57,6,614,17,0.04797910250261684,0.14552045727657725
20231205,456,18,737,1,0.023132838149014914,0.05461187481887556
20190626,413,46,11,1,0.10999962896117234,0.11441649297446435
20181217,432,43,713,17,0.14041383382032258,0.0550773252521402
20150606,406,32,379,1,0.04519106343488746,0.09197221600765774
20190109,291,5,745,20,0.13435985451171015,0.12518251333235597
20170120,176,34,321,5,0.09057091897778065,0.10988107195089952
20160713,80,50,392,12,0.034775900573160705,0.09119469281383219
20230826,381,15,439,17,0.08524963242432122,0.10888246588562271
20221210,263,38,763,20,0.13093784267142983,0.06097597612717415
20160708,243,7,167,11,0.03953435404839192,0.07982890051841336
20151107,54,22,974,4,0.034082662714132586,0.0731781929624378
20200701,150,3,998,16,0.13683015018159161,0.08766332148794188
20251128,16,48,727,9,0.04663144916545068,0.07268401872742877
20251012,268,42,240,19,0.06897806605660373,0.11160990432149286
20200727,181,9,873,10,0.10657304932908324,0.10323170132949067
20201005,54,7,847,17,0.07817502115162267,0.09040069521221107
20200705,498,27,20,20,0.07364534932874729,0.0919901110096864
20210726,258,23,88,13,0.14915889188300888,0.07236203312771264
20200611,441,28,243,6,0.021370439065624573,0.13473591433994128
20170622,142,4,380,3,0.13843904296722181,0.0784095650642522
20230413,395,26,614,20,0.13739905247656972,0.07441410448664286
20220625,74,17,279,17,0.07677080596762864,0.08457853880506547
20241104,213,13,965,19,0.05977260427218138,0.13962387153836442
20230903,447,33,894,5,0.12188164927558233,0.055790049360203146
20170526,75,35,332,16,0.1177637019665041,0.10286355834311492
20190729,488,9,809,19,0.1394688136856244,0.12222204835972827
20210404,495,16,343,3,0.0996106669528543,0.10552559064659253
20220610,124,18,881,6,0.07282499790786516,0.09821526541206815
20211029,277,27,716,12,0.050797755975390456,0.05216894683926633
20150511,17,8,438,12,0.06663542195324622,0.1448369035355888
20221004,298,22,878,1,0.09665875039215639,0.10308094310660312
20240206,20,13,429,18,0.10275011042124728,0.11432007394192246
20221010,18,29,911,20,0.08356260554143415,0.06359287017204747
20201205,221,24,228,5,0.1306875474960919,0.07170359951386038
20170908,192,20,350,15,0.0741988275643141,0.1327906337731471
20200307,452,33,597,6,0.05250942470060571,0.13473088372772796
20201224,418,30,867,20,0.10913108452198572,0.09642962629830554
20250831,470,36,375,8,0.10209898919631795,0.13484247851364412
20171215,333,7,746,6,0.05502845188471242,0.11651777028244896
20230831,333,34,629,6,0.1307579251323187,0.11967402951535276
20221123,474,26,286,12,0.0875295416955264,0.11399238790442114
20191129,90,34,472,5,0.09467296348881266,0.08715845100754045
20241205,487,49,550,1,0.08196444383793612,0.0712591348649099
20160429,143,4,45,9,0.05602415801174025,0.11060858383982686
20210615,425,4,726,4,0.1459899973891961,0.09247270456920424
20160930,375,12,449,15,0.07522254155956018,0.12336672914467497
20200214,490,37,512,18,0.06282353167051256,0.1085960012642843
20170308,213,41,665,10,0.13214091832224614,0.11709169312656849
20211224,32,19,234,2,0.046820432158173886,0.10519849676375398
20201121,390,15,879,18,0.08076045529749391,0.07106156636923402
20201121,299,28,965,8,0.0293747960779336,0.1399409528319535
20150720,269,2,18,19,0.11869724664842753,0.09930079027094099
20220211,373,24,356,8,0.04396022622551206,0.1379927502903397
20150107,69,17,20,1,0.03198298395437292,0.12317643288977792
20190526,300,6,7,3,0.13188542626191607,0.06673227787187876
20220614,426,44,380,13,0.06010905118621078,0.09835576246592057
20210321,478,28,747,17,0.10638439619435093,0.09901903606866894
20160309,35,40,381,7,0.1076605628639072,0.05521405997276523
20210819,133,49,238,6,0.11521599927618618,0.08933271007981289
20170530,9,31,246,4,0.09690301871106911,0.12175128754021097
20180419,490,35,93,6,0.1444391875621909,0.06756311725906125
20240312,224,2,614,4,0.02627770983050363,0.06758675216933667
20211101,417,25,413,16,0.04211217325089499,0.14534455332271579
20170514,25,12,564,7,0.11989042052071482,0.13658108225635102
20181120,45,27,80,2,0.044095948137022604,0.1087608716319933
20200428,186,32,8,18,0.07635794730339737,0.09718244147966604
20210525,65,23,512,7,0.08730892020014083,0.1495987549693387
20160119,111,44,84,10,0.1301899315255429,0.06921281537695946
20180523,98,48,418,9,0.06362042702331887,0.06809203154995498
20160628,246,18,998,2,0.13618809606726892,0.1486044154599408
20250212,326,2,560,15,0.030561916167910916,0.10453389730350807
20171030,477,30,345,15,0.06952332112223454,0.054360269293993436
20221207,298,6,856,1,0.032930766442073336,0.11226276558616513
20240529,9,26,48,16,0.1361620056363373,0.0810492055115771
20180615,190,21,778,1,0.08346507487033573,0.1192476208816518
20151116,400,33,948,10,0.024235074261796753,0.12589685786742827
20240723,424,8,523,4,0.14752063940311147,0.1468608989093196
20230918,312,11,48,12,0.06032196916562792,0.1474788019159033
20211109,34,34,496,8,0.055856287261315585,0.13778574605595406
20150316,318,43,10,13,0.05005080211779299,0.1008270782933629
20160606,44,16,637,9,0.11700540236573177,0.10274854606394365
20250922,229,28,385,8,0.09324106008662844,0.13150309949224726
20170418,142,23,132,5,0.06880390413126962,0.08399016219802194
20220604,213,20,768,16,0.13313589921739305,0.09067875051883591
20231127,143,28,681,18,0.14352007746704926,0.053101636303335864
20251220,332,35,745,1,0.04439312493040391,0.14713408585589388
20171022,158,6,221,8,0.10774606573118825,0.059017532096581476
20171125,408,16,776,20,0.09688155376689286,0.14860367244712896
20210323,111,34,135,6,0.050411321982404216,0.12018274128381501
20210629,36,36,154,6,0.11053743456406132,0.12726379068431953
20221004,276,11,584,7,0.1013979402062462,0.061932930540257225
20180801,207,14,973,5,0.10245570564199079,0.0973215712985071
20190131,414,3,88,8,0.06616297471342635,0.13239292670039104
20191117,451,23,830,8,0.10141739908895772,0.1329856623560025
20240625,4,27,978,18,0.03818601493312322,0.07005009225730206
20181225,441,39,230,19,0.022640111311896166,0.12527784150453902
20171031,393,6,539,3,0.1387207410715883,0.1137532554424266
20181006,360,28,404,1,0.07380975625990803,0.0718265812530048
20240418,69,10,979,6,0.08581704157157696,0.09175250753862932
20231229,324,43,481,12,0.10824319823995734,0.0942269709940497
20230908,167,20,910,1,0.027634093048427993,0.06564769094983329
20250312,460,6,36,17,0.03410410075959275,0.11954725930189702
20190731,166,30,198,15,0.04657760393775889,0.1183504738461313
20161023,365,2,457,16,0.0690507756085124,0.1085754610139698
20170709,388,26,330,8,0.08065113443591936,0.13300288304418778
20181123,48,11,44,4,0.06750001759307624,0.1417738249456494
20171121,184,32,124,11,0.11362261276068482,0.11127205768108867
20180101,39,10,134,5,0.07083942833708702,0.07890582712047708
20170109,63,6,413,13,0.1387831725412256,0.11084585786959647
20240613,260,18,377,4,0.1334006253351325,0.09111311432386249
20150728,352,10,200,20,0.046478904912039515,0.06635122870652535
20200207,437,34,826,20,0.1210181825358449,0.14568344998558513
20170118,401,26,989,9,0.025326593996418137,0.11038657476965344
20151123,32,48,694,17,0.025992421049324345,0.1340672173818227
20191030,228,11,485,11,0.12759183046535744,0.07029475171557575
20220319,156,13,548,19,0.1498691325683874,0.11028653900293436
20201230,320,9,850,5,0.06417054341755592,0.1044460629405693
20250313,206,31,825,2,0.12117266760287561,0.12760664500013175
20240819,316,8,790,1,0.1112303868589739,0.09117897216669549
20160903,135,26,552,7,0.1428848239773818,0.08541000094931353
20180518,144,4,142,19,0.14761372464100364,0.11927429656330314
20150620,454,20,632,8,0.1212470432286555,0.1274009171551246
20220917,441,38,914,20,0.10089408433217326,0.09103409811600163
20240914,433,23,512,14,0.12801039101770972,0.12141557651807805
20240325,259,41,313,8,0.147679344043728,0.11260514929513281
20240604,242,47,658,13,0.0714420893762749,0.05759381056396784
20200503,29,2,635,15,0.02020707572070767,0.09065106778140095
20170608,455,31,1,3,0.06832813300481497,0.1409895671256126
20150103,174,37,774,15,0.04191386504794581,0.08621547786007125
20220117,151,2,990,2,0.0842918056247544,0.1283385020994705
20200911,259,14,518,16,0.06378487254929635,0.07039299265099334
20190121,244,35,207,18,0.02650406788199327,0.12241402520174656
20150226,410,18,655,4,0.035136684186398856,0.13476177877454854
20190316,94,25,240,1,0.07207639782666979,0.08710015057930862
20250203,163,2,181,13,0.04815161427440276,0.08030710146770012
20170626,193,2,854,3,0.05821578419324833,0.11641353323700301
20160919,79,5,240,17,0.07228365982880797,0.12290138309045676
20160512,479,9,283,18,0.14654871885010934,0.12570962981336875
20190318,311,36,765,13,0.06423052257454794,0.07410414887734722
20231017,18,36,24,14,0.08360131988385187,0.105187597859457
20160105,165,14,155,4,0.13272781912884946,0.0534467751885006
20250106,157,2,368,20,0.030956146082241547,0.08119447696272478
20240508,495,40,715,9,0.11269527011949819,0.05459648704377049
20210918,222,33,508,18,0.1331884535013655,0.13812544693436554
20191221,345,23,400,6,0.12558595750975748,0.051932891028240405
20180202,31,38,713,1,0.057048756450271285,0.07648998724490408
20161204,176,26,66,19,0.06506703308513712,0.08597500895164692
20201029,243,25,768,8,0.054220579145996234,0.13168069054794213
20240307,183,32,180,7,0.09956229300235667,0.10480114566848285
20240917,336,40,842,12,0.14738347458929246,0.06565984279173939
20230624,229,21,19,11,0.13739226965268997,0.0862991015959028
20181111,345,18,711,19,0.03659564607117001,0.08362915051332478
20231220,395,37,585,14,0.08769985054768555,0.119062947895829
20210412,37,8,658,6,0.07051098579588592,0.07346260036793024
20221101,467,39,744,1,0.03193127282013213,0.13979712213298706
20230120,161,8,547,11,0.06892373547777274,0.11963556305831022
20200222,264,19,312,7,0.136352754404035,0.13451686857308792
20230503,401,35,826,4,0.13192480572724172,0.08856248860550867
20190430,94,4,418,17,0.1480757190248095,0.09595905225172069
20160116,184,24,152,13,0.14669331037522487,0.07098265461349855
20161220,198,14,354,12,0.042978503518973435,0.08222866615703549
20231220,390,29,151,18,0.028270466980201674,0.09874339637718965
20161207,387,11,852,10,0.1404226532322892,0.11032478222289183
20220824,319,27,811,11,0.11935342134391531,0.14093555894581933
20181113,339,7,151,5,0.03772687538932102,0.10619710445067115
20250406,216,32,718,19,0.11455784549798168,0.13624485984011997
20200218,204,2,740,17,0.07450398123450712,0.10641574126635177
20220312,242,43,348,6,0.06614013838752301,0.05818636652609943
20161024,335,38,368,12,0.09713563349657967,0.07165436271291668
20210816,449,35,23,3,0.09867797800035076,0.11537644583839354
20220911,107,49,869,19,0.02176799688892377,0.11247267227535022
20220824,414,48,735,1,0.09437396366478491,0.11783932755335398
20240704,476,1,824,9,0.07021754984658475,0.12914426737703577
20170901,109,41,363,14,0.04321990673122175,0.06217830158231601
20200405,317,16,659,1,0.08603243780133905,0.14250148986659
20190226,100,16,535,9,0.05260057612344901,0.06166857574952204
20210707,356,47,824,6,0.11435254404779793,0.13870040707744352
20210427,66,3,948,7,0.1260264556248997,0.12623110007055544
20200512,231,30,329,3,0.10571491278513312,0.08220349974344222
20200519,331,6,990,17,0.09612840857494298,0.09938759165771399
20180409,31,4,513,5,0.11301321926102315,0.09641046392673452
20211214,433,46,23,4,0.09057373249580983,0.12744714403052415
20231104,22,24,721,14,0.11866089698215439,0.08573317271678474
20240501,7,1,363,2,0.09401888083652662,0.08629153713367455
20210818,476,48,978,3,0.09079652143388377,0.09457028379979981
20230827,173,7,263,10,0.09818975935487397,0.1392279645594477
20200921,484,9,449,4,0.03439929198929724,0.12018177375878226
20200816,18,24,553,18,0.02613539023063156,0.0680437716692552
20231210,133,7,580,11,0.14955858959046622,0.05254647358194925
20190611,374,28,371,12,0.08632632930142964,0.11807641916494026
20250710,270,27,556,20,0.06651772962520296,0.08696821447801162
20221205,82,43,107,5,0.13259549278617128,0.14768690874207427
20180330,250,20,655,3,0.025183038212651276,0.14492123922706407
20180325,144,5,818,15,0.03321377629276751,0.10327512152681648
20241218,314,11,810,7,0.05353036861020348,0.05738125590907004
20191224,489,11,820,12,0.06546507229566427,0.11536672769900588
20250902,477,12,334,19,0.08505309193071948,0.08384692076156185
20230802,21,47,392,5,0.08046110134777948,0.05480329775857064
20160306,30,25,863,15,0.036373281764937156,0.09007202390348917
20211214,329,14,469,15,0.05489376506574037,0.13324527081861895
20180925,489,36,205,11,0.06360037376577986,0.10529077204705678
20220107,299,43,279,18,0.11576033628173883,0.12161451003192686
20240614,82,36,7,12,0.07933544539398889,0.0796002949931451
20240424,257,12,102,4,0.025784077427180762,0.06728656127809382
20220514,224,8,523,11,0.1402181153446672,0.07422616161989223
20250226,455,18,137,13,0.031532837077519665,0.08830112810212906
20221206,67,6,727,8,0.11162194909028311,0.10929482058733908
20210811,173,43,976,15,0.08126292032583332,0.07153877931472705
20210912,292,19,605,12,0.08321585645622263,0.10191822376686752
20240515,334,33,814,17,0.1168554630965608,0.1363718912755204
20220928,90,40,727,6,0.09150124877029052,0.08458042843774148
20180110,356,12,568,2,0.08702909294610774,0.14357352814998997
20200111,237,9,78,16,0.1113640391738084,0.14610006818820742
20240904,155,5,681,11,0.023391540054028586,0.13877640245033945
20240220,432,43,7,18,0.10187425165879013,0.11946569333720154
20180125,442,1,804,12,0.1472797695331761,0.08455863945435121
20250402,398,25,818,8,0.05053839697243871,0.11188600727938006
20181129,267,46,401,19,0.11573841737598864,0.1055317241164308
20150712,13,3,250,6,0.0767954474820297,0.05363836633384919
20190205,156,46,42,2,0.031244978768561846,0.10805723874061449
20220422,81,36,737,18,0.03279096854320909,0.11242497999326068
20251116,407,11,679,12,0.028405354455115314,0.08615699752283859
20251001,405,25,516,4,0.052267919373338106,0.08293570879154223
20250726,335,19,214,2,0.1412139485684194,0.07294063450233822
20210714,437,28,464,15,0.13084432928565803,0.09059273843700125
20200926,466,37,355,12,0.1324713399192986,0.11348484470484828
20210817,20,33,131,20,0.13616082609015256,0.1360572132052047
20190112,226,46,163,10,0.05614502687326378,0.1046046628181152
20160120,298,43,513,13,0.10368528009143625,0.1438832752411217
20170917,489,30,912,20,0.028252016733507055,0.1337526724630242
20200524,307,27,3,6,0.033784845620527866,0.08556743004536232
20251202,314,32,602,9,0.11597314897087024,0.09062356551295297
20190418,92,14,335,15,0.05352481155313554,0.13451835599965167
20180827,58,43,480,5,0.06828591224210763,0.06200854084390607
20200115,270,50,515,10,0.10924756119790151,0.0953150312461909
20160729,399,14,358,19,0.04528578009162053,0.132925383106048
20150119,327,1,272,8,0.11657177746583382,0.11886273825905425
20150819,280,47,900,2,0.1269218128490483,0.14988607724812292
20190703,388,46,915,18,0.07763935397661714,0.1245837727282331
20241028,11,47,877,15,0.13749048558197705,0.05573845255991397
20201017,381,5,927,20,0.049446427066429835,0.1180974653384073
20160211,331,31,860,6,0.07136260700408237,0.10603433307285057
20170817,88,18,579,20,0.07098569240022477,0.11353450795527929
20171103,381,17,754,3,0.08084195471293927,0.06020060365817606
20170531,236,28,903,17,0.13497017485462245,0.08340541251478235
20190401,142,36,761,2,0.1272056600966087,0.14715541433285131
20190527,493,32,199,15,0.11935108094462407,0.12362496176593808
20220622,185,3,953,15,0.053611677448431205,0.12921571574683072
20240806,492,11,851,1,0.08852346174797103,0.11621758993772956
20160812,194,23,499,2,0.030653464619168132,0.0650275695923871
20250421,265,36,217,19,0.10085390933023357,0.052747788289826514
20210327,136,33,913,8,0.14328903746921307,0.07036952763527654
20150722,162,31,940,10,0.14483929193090253,0.1497487540737389
20150522,393,48,329,14,0.08536341954206374,0.08360754391363306
20191208,55,15,353,16,0.09533580871011493,0.07026974587029483
20180526,316,29,9,1,0.1446728591300483,0.07769108918138322
20170126,381,6,479,3,0.03392166932092446,0.05723339849211258
20210902,448,6,970,9,0.03355210708095699,0.1332559373080718
20210401,171,36,464,13,0.0828155202034927,0.05015006762111595
20241002,316,36,489,4,0.0382218346273373,0.09567339546631197
20200831,453,35,568,14,0.10580813296877563,0.06973369960101368
20220802,10,1,774,14,0.1004165073549026,0.10197756541769556
20151219,62,22,460,1,0.08978954576162798,0.08076732854736265
20241115,359,34,871,2,0.10262072314369967,0.05647777860726081
20241215,497,12,813,4,0.0439565730571793,0.1347064519097636
20210823,474,49,300,4,0.09219872805828686,0.05699675953582437
20240821,277,13,679,9,0.059386749990141166,0.07776678842592773
20231002,222,38,216,16,0.03251952620246514,0.13887063243553116
20180927,318,23,486,13,0.04798037963205152,0.13585780908053935
20250924,322,10,742,16,0.13788996871303105,0.06854023397001315
20210801,106,6,324,2,0.08208566510288462,0.11976845912537801
20191121,255,11,981,20,0.10675214568830316,0.13811427268867688
20201114,218,3,28,18,0.14403073668556413,0.08809848539352368
20240107,325,29,989,2,0.14105702136468243,0.12134287460142251
20231206,86,4,46,7,0.12365121085057543,0.07734880258037245
20200414,461,23,696,10,0.08387764900564651,0.144762717797881
20210517,147,35,226,14,0.1303474024362091,0.1246269885583302
20241013,181,38,644,8,0.04399370953302052,0.11810389788672612
20220129,235,28,641,12,0.05634574116439542,0.08892207894222641
20220315,186,6,427,13,0.036737844888503124,0.08596605827255685
20150116,148,3,837,15,0.14595650200375415,0.1366599148377935
20200915,91,35,654,4,0.14316332642135185,0.132010627886493
20210102,467,23,238,1,0.09268013998609613,0.07545728793970673
20230608,442,16,867,9,0.046992914133276394,0.12709501819598457
20170917,217,31,94,19,0.07827333785427912,0.06630530130882711
20240918,149,10,818,15,0.04194206065880736,0.13292462571466301
20220319,110,1,240,18,0.06786726958612825,0.1253688556127648
20250127,462,47,946,20,0.0352164843141301,0.08997682566131504
20250603,158,10,618,13,0.06420774348823097,0.09938470342722674
20160624,199,39,292,12,0.09968280053427848,0.11784358306534466
20180101,292,35,923,17,0.1340572872382669,0.05943259810080537
20200411,477,35,508,19,0.03848516208622678,0.06590171128316433
20151215,99,34,780,17,0.1304902034573153,0.07023104741360456
20250527,65,45,899,10,0.02955046164360521,0.12647478731203238
20210321,91,44,59,17,0.025260835074233528,0.14530981976182006
20240808,263,7,366,16,0.11988237058413213,0.11358220876034751
20250304,59,13,244,15,0.1107666753103508,0.05050975510589711
20230925,141,8,947,12,0.09727498589487032,0.11354425574616155
20170729,223,26,761,10,0.13883191441102094,0.08320337402422696
20230714,488,14,154,17,0.032454867813993926,0.1254307851218397
20160904,62,48,684,3,0.04437083189434807,0.11539512866287491
20180819,490,9,336,14,0.06471722397199112,0.07637859753131837
20210623,230,13,350,1,0.14419298528885913,0.07478613606486458
20220321,162,40,917,3,0.05741338024786265,0.1407124377417437
20181027,70,14,653,9,0.10641051660830649,0.07373756908538422
20240313,4,8,128,11,0.11722267473692569,0.06817875901606354
20180604,111,37,520,9,0.08957592422374455,0.1142279800513309
20200705,162,31,859,7,0.03101559127866246,0.07216034837707276
20170429,111,4,275,1,0.12201061092154046,0.12980242391617058
20170526,337,23,454,14,0.07413022467807234,0.05960672286721319
20250804,382,30,409,5,0.1330858568823753,0.09113517635146581
20231116,80,11,884,10,0.12951102189809147,0.08730409776274643
20220609,231,44,115,18,0.12857571434392207,0.11268862754239929
20220531,368,23,336,9,0.07281172434545062,0.07789274891998817
20250517,277,19,220,5,0.10392057192353732,0.14750893283907782
20150611,428,38,366,7,0.06855504174644514,0.08604293137601371
20220505,243,47,58,19,0.13915676156916842,0.13575372836319408
20250315,379,29,287,8,0.10761366684369038,0.13115917096036256
20210804,285,8,621,3,0.13807028942509825,0.10058658415711133
20150901,190,12,939,18,0.06134671436409245,0.13725636159877885
20221002,180,14,80,7,0.05485558114205108,0.14394734300858425
20230526,115,3,170,5,0.07025356118894312,0.05255641843239413
20150403,211,14,208,18,0.07345939526194677,0.10112685682415798
20231106,302,14,222,20,0.09059334252665589,0.11948676800553286
20181202,192,18,708,12,0.07109274372283117,0.057868193352649804
20150929,328,40,759,8,0.05534607921612428,0.10745382832679692
20170125,237,31,173,4,0.05646076022535848,0.06528448265335031
20211021,359,50,441,15,0.07230470440643008,0.14142325796638053
20160714,206,34,274,20,0.04827611306909319,0.12461004065626334
20170918,228,22,954,12,0.032007353985278125,0.146353197302716
20240517,96,39,15,12,0.031502525340620785,0.1156821434930672
20220831,321,1,587,12,0.10169788880693592,0.13778509946254608
20180816,155,36,197,3,0.060327031117196825,0.10819475829762129
20230914,319,13,436,19,0.07563473015788,0.10014896511547047
20230111,359,25,645,15,0.09869496894716034,0.0722165168429492
20190815,309,36,70,14,0.08138790726644778,0.061700431687322525
20180806,210,16,220,18,0.1097201147745422,0.11197762210319565
20250824,289,46,829,5,0.14758057978646752,0.0977377059165203
20230426,261,45,591,5,0.029655217432046695,0.074222570569954
20240121,473,39,595,1,0.045165673882020946,0.1498605733437736
20150729,60,17,986,13,0.04133198939044205,0.05675378373148691
20170127,439,23,413,2,0.09331863654136992,0.11584958887869518
20250426,110,39,709,11,0.14990684332290952,0.14215505684379964
20250726,237,30,108,2,0.05886640215229137,0.1371797374415316
20190824,90,15,110,3,0.09413367379009902,0.10212303731775399
20250531,334,31,616,17,0.10346383021034161,0.06127081501380754
20170828,492,20,234,6,0.07327211095413537,0.12241690032390307
20201217,149,20,395,7,0.048498948993811436,0.096412007872991
20211105,191,50,755,14,0.1328650696518469,0.06259958086798664
20161002,2,6,646,16,0.05851570965204675,0.09731309735545998
20241030,106,8,741,14,0.14553379691335722,0.14962849253522975
20190809,444,29,702,5,0.11721806746305967,0.07875042449735845
20191221,112,31,544,11,0.10814122302116519,0.0897369422883926
20171101,269,46,883,9,0.07503618344889164,0.09330474758809304
20170417,487,32,537,9,0.08969252745056713,0.11821859863875918
20181127,171,28,643,17,0.11202521799695789,0.12831712382474347
20150515,429,32,780,3,0.1358827388831521,0.1279904131363974
20210130,207,5,3,8,0.06264524092190289,0.05006827038089099
20160728,466,50,336,5,0.09390465744254324,0.05060046378043507
20160728,212,30,606,11,0.12094292796603245,0.11289379648001763
20180204,234,7,975,5,0.10216606377460372,0.06096225398313069
20170803,302,1,237,16,0.10817619130005901,0.09001855137724282
20180305,475,39,228,1,0.037730850758413356,0.08358904792222348
20161109,120,39,249,13,0.07464951264987177,0.0918582275411843
20220708,325,35,83,14,0.03626232987436083,0.11800493285191815
20180306,230,20,48,8,0.08071248046908171,0.059647730130763105
20160401,395,39,428,5,0.10043669869652454,0.10734487877675807
20151219,432,46,771,13,0.025794685824919557,0.137157942932168
20150408,234,31,948,8,0.0694283790793694,0.10129168161765156
20190922,375,27,595,9,0.13691009278718705,0.08054549884445872
20150326,190,35,36,9,0.0240005142654995,0.14320352965271144
20221102,203,46,873,17,0.0442735722514033,0.07451782575677787
20150427,285,45,843,5,0.022520119827781723,0.13723039156193728
20211213,288,21,530,11,0.08222144437748377,0.05511778616852338
20160719,130,21,935,4,0.024914078289566446,0.12244332710905499
20200312,134,38,167,19,0.06885904709868071,0.12805986208303435
20171011,416,40,850,6,0.14943756185997073,0.06394865764516182
20180628,226,23,139,11,0.02246811604858342,0.07637794332138215
20180328,212,9,7,14,0.10979381843495599,0.14259511093714083
20240305,170,4,379,6,0.031728514917082305,0.10811909605823147
20200920,341,36,676,5,0.0509045294384079,0.1413485557001738
20251111,229,4,254,5,0.02792941956063559,0.10914575928505882
20150924,279,46,363,19,0.1427862317803642,0.10826070647917783
20170423,294,7,314,6,0.04992719430882498,0.12733483522406752
20150927,414,21,672,13,0.10355329285523716,0.07783567307083028
20190523,403,20,276,8,0.06957364984549695,0.09102744427252424
20190414,488,42,806,14,0.027912221576345108,0.050281677369444715
20240903,453,40,758,12,0.09187909231188635,0.12586851776325442
20210403,93,19,385,10,0.13215629115483216,0.11652244206751279
20150915,477,2,391,1,0.12266237265533224,0.14215409973424992
20151102,417,39,793,13,0.0906699602676068,0.06512630495712163
20160216,12,43,727,5,0.10123926483007732,0.05864683945952123
20230409,261,40,554,6,0.030288898477634732,0.13343145311631655
20180916,404,26,731,12,0.06278819871262557,0.10231969579609834
20240527,245,41,59,19,0.09097700788134173,0.1040775731701109
20190411,396,8,824,15,0.11250339151502238,0.06068705834850002
20181103,332,8,766,8,0.08712845524737921,0.129309385687489
20221129,430,23,41,3,0.14267164137582714,0.07790407430730133
20200324,224,1,368,17,0.10395994409427284,0.11925410111874526
20200514,374,3,209,2,0.1437319646388044,0.10477475977281607
20200407,54,8,728,19,0.04712667655789578,0.09451143077483137
20151219,9,18,182,10,0.0600126337329798,0.13518442670217423
20241101,360,42,410,2,0.026921854237660713,0.12690020663682633
20230211,197,37,572,3,0.051188101956714194,0.08793744309405878
20151014,271,46,205,8,0.074664734924276,0.05380833174780221
20221023,347,4,68,13,0.13644226980148358,0.081221870121954
20210222,140,7,610,2,0.09362998085656613,0.13629438155865375
20180623,292,35,386,19,0.0982392567772974,0.07713967471585098
20170312,477,20,653,14,0.08865808442562408,0.1399632714074947
20250730,22,26,928,4,0.06430217223516332,0.09871933638917506
20200428,319,24,269,10,0.09209412748119042,0.08880313922138816
20250404,237,45,181,20,0.07601437788974533,0.077873928695254
20170306,217,37,657,5,0.14207891508332102,0.10802279774595536
20180616,388,33,791,10,0.13625793335357658,0.1456357097385097
20200914,365,7,677,9,0.0982996374392339,0.05570175514306724
20190608,487,16,107,19,0.06400358672253971,0.07620261914793407
20230915,99,28,480,11,0.12891893052089953,0.1448001862938894
20230630,377,32,870,11,0.14907224973555167,0.08208846055026706
20190923,366,50,936,8,0.0356565000459322,0.12255426943920426
20171210,147,18,156,19,0.055208922480226894,0.14519897395450732
20160217,411,9,329,17,0.02837793074325764,0.11453345613022406
20200522,152,2,591,5,0.10436576960018552,0.08154787159203875
20200213,209,49,761,1,0.03473559859133484,0.07841944100214919
20230118,367,42,176,7,0.026264799489670667,0.12225806629016785
20250624,142,29,571,6,0.09832207202762468,0.09126443583201327
20230323,228,43,709,6,0.028304319205485977,0.07073257609206854
20250927,77,11,945,1,0.07221184305626717,0.12977185154966933
20170917,376,44,984,16,0.06517808644460168,0.05742490635393471
20211206,428,49,899,10,0.027839087006896968,0.12700606911883688
20230505,450,44,752,8,0.1377639709263522,0.13389964054771653
20220828,124,27,429,18,0.14003610611770453,0.09899996028171076
20211028,442,42,531,15,0.05826930005238094,0.07426980771946991
20170302,103,46,842,1,0.03937789211305393,0.11887265741323723
20200129,107,29,692,17,0.051671058678730286,0.14104727476590118
20171229,396,23,503,7,0.10110951139838878,0.05232406810321194
20180115,243,21,133,1,0.05251902162444605,0.06923125073415799
20201120,355,22,525,18,0.07311674522216657,0.11444314159629564
20220521,304,39,69,17,0.11051079070906637,0.13622866212673995
20171009,175,22,132,17,0.11042258213620162,0.11138409141860106
20180221,45,2,984,18,0.045458969846224086,0.08362311889948543
20250818,287,10,954,12,0.06409733751591588,0.1101920307949126
20230823,128,14,107,12,0.022553678383550154,0.11280787226272258
20250428,378,15,612,19,0.03184645605720507,0.12686397320878934
20210608,363,19,39,18,0.07486470005836061,0.13823898075683036
20230131,129,41,453,5,0.10448058083033115,0.08826969748413874
20210322,363,30,840,5,0.14126731163988412,0.13691088400605295
20250107,330,35,209,9,0.050893914729312054,0.07521325769859746
20171127,261,49,725,10,0.12277126635917872,0.11663376719212315
20200611,266,1,295,5,0.1197394866153478,0.07893354346177217
20150704,391,11,305,12,0.06348849798449871,0.12777458062429087
20161110,331,49,831,20,0.10425870161931808,0.054188061097307505
20150617,407,18,115,6,0.127781227742387,0.06389232768962197
20250408,191,26,97,17,0.07165865443925364,0.12642191846937556
20221026,261,36,157,19,0.11077179868816112,0.07171849451689033
20191009,59,1,297,11,0.11694853804554296,0.10901377417788022
20171014,266,23,648,4,0.08104012152447876,0.13170881829420147
20161001,33,3,538,11,0.0746529694155136,0.0805007648886796
20210106,25,6,44,13,0.06829838139481337,0.08070084029871472
20170804,128,17,366,1,0.11075994977809668,0.09876807227749566
20190109,444,13,803,7,0.08375136868567283,0.14487953300332806
20191231,468,3,877,2,0.10572424219243003,0.12619887384525383
20181130,458,23,657,17,0.04733522992209577,0.09555977150849296
20150406,391,22,262,8,0.11363110428780508,0.14850469142471256
20150423,25,32,820,19,0.09162412286646665,0.10240236314352319
20230823,426,5,948,9,0.07551945872452029,0.12596179411657538
20231106,306,40,179,2,0.09683183091861053,0.14038178594964207
20200310,357,13,341,20,0.10995433815847643,0.0796692192947128
20160928,180,11,589,8,0.11694237934611044,0.08722764174925203
20230405,273,47,508,2,0.08017185191165324,0.07591551804148375
20190503,154,6,507,19,0.14590064864939242,0.09890832487600634
20170927,32,3,921,1,0.12332578796250791,0.1354113519814864
20180730,301,43,557,1,0.09977569128412044,0.10539350249485999
20200609,203,24,318,19,0.13563995676666804,0.07334255364337945
20210823,243,37,135,17,0.03317030219835516,0.07356583745569939
20160710,46,28,497,9,0.09641559301296042,0.1290357657307139
20180720,176,37,689,5,0.054714204545426956,0.10306189426807688
20221108,441,7,714,1,0.06032931872347544,0.1382699281460663
20241207,74,48,641,10,0.02716108890200601,0.14448184940611086
20231115,364,4,305,6,0.11731010529431893,0.07230850332442364
20250921,56,6,822,7,0.03366345122689135,0.1163923664986532
20160822,248,45,256,11,0.0690943878108386,0.1339779987033866
20170725,154,5,244,20,0.07840402065745661,0.08348761037638873
20210719,406,34,353,13,0.023295606993047033,0.13324160117413453
20180201,235,48,773,19,0.026224163895422953,0.11338709694748783
20250124,307,22,553,8,0.10611071805928904,0.1487923627916582
20231001,454,24,371,9,0.06046543616540642,0.13259996969709417
20160818,122,8,693,2,0.02644433598605573,0.09884747397953653
20190910,8,17,695,7,0.12270476284615213,0.08099682745249859
20220420,16,28,528,4,0.14745655716130818,0.06287197979419047
20250318,259,44,538,14,0.11302249582922172,0.0802712578468357
20190920,364,37,311,6,0.13887966465001855,0.060102004716746885
20241205,490,25,552,2,0.03741623403030331,0.14118451956118205
20240518,214,45,235,12,0.14668675955167845,0.08640824474141016
20160321,435,35,733,20,0.06926155348505755,0.12837521041509864
20221105,48,6,105,10,0.026806321430310587,0.09210430625586
20250625,188,15,685,5,0.13793434401846472,0.14549810450802617
20180105,134,23,692,7,0.04120851473394636,0.06990925100871528
20250102,244,46,94,3,0.04680717907829601,0.10641138281956475
20191207,449,40,221,19,0.02381127849109064,0.1388059674444238
20170127,126,26,942,3,0.09948441127956002,0.060104840108317584
20201031,113,50,92,10,0.0971388178275179,0.14151030964390543
20231017,262,47,446,2,0.08601472154622904,0.0733324833497886
20170907,126,20,404,3,0.05823751214501971,0.11618676560243198
20200528,199,1,179,9,0.028238646559919242,0.13810816632920186
20200706,362,31,770,17,0.11933406910582522,0.1495559993434673
20210225,203,47,309,8,0.13662674163477728,0.1273577439547881
20190424,242,29,979,20,0.04804802699439219,0.1497691546626439
20201229,15,25,1,2,0.05548639772167861,0.1253067001181597
20220103,22,12,547,11,0.1114132606719991,0.078268445636035
20230728,272,16,632,17,0.06620165820343589,0.11362812410238422
20161130,47,3,23,2,0.10999699976000178,0.11628195693108714
20150531,187,14,727,11,0.08675527122716951,0.11420668602161597
20180904,266,31,69,6,0.07779578788459003,0.06546039321910564
20161103,41,41,162,11,0.07039831941248591,0.14696922015139302
20211015,373,22,382,17,0.05684948964513119,0.05461613903167787
20191118,451,26,889,3,0.04084518757450485,0.13479455330614024
20151216,67,10,449,1,0.12584884593101264,0.069784243144407
20240918,464,40,502,14,0.06710042939779401,0.11276085377741075
20230125,357,17,197,18,0.05189208406506701,0.09543194014044432
20160409,340,27,234,4,0.026292007646900376,0.13808908313482116
20160713,275,35,994,11,0.1305062897562542,0.06638136962474736
20221223,49,36,66,12,0.044351949023111646,0.05185069748375215
20200727,358,19,935,5,0.0469427718261604,0.11562968266128894
20191122,251,4,882,19,0.07332809823455323,0.12622064606224997
20181027,421,29,508,14,0.08087936748044762,0.1007333830532478
20180223,127,17,435,20,0.09087000854082435,0.10386195160451932
20200323,354,9,805,17,0.12956744351411245,0.11146901971024642
20241111,187,42,251,7,0.13258994618712272,0.06780371625904445
20221213,13,35,605,14,0.1430211831876441,0.10538540259427198
20250828,374,22,421,11,0.14505263513182146,0.1334386882284279
20181231,387,24,349,10,0.1101336678648147,0.08969242619687348
20170310,482,37,343,18,0.035365986300411295,0.05506190448935797
20200424,303,20,374,12,0.04658610132999399,0.10577618078819212
20250612,371,36,733,4,0.14108923310671426,0.13709841096497027
20150410,329,1,255,14,0.12242358523587067,0.08776520301255795
20170604,359,5,986,9,0.09485245986944559,0.13351272674260312
20210118,242,27,637,16,0.08331938881752445,0.06168259262456263
20181010,318,44,963,10,0.05264472927138267,0.10531805192114571
20171105,215,43,5,11,0.12995342514021893,0.11034133656615389
20160728,395,38,604,11,0.058718134493168914,0.08562106359573134
20150816,147,46,504,19,0.12275149468653868,0.08591865488308083
20170630,42,4,921,14,0.06764733684114994,0.13928126133363455
20191004,270,38,848,5,0.12349827778286225,0.06893214180973016
20170221,181,49,539,20,0.035785208836171305,0.09716853783157613
20190724,83,13,186,2,0.0342859151382134,0.051059233968644306
20190713,352,48,786,4,0.07332616242424396,0.11407563579217657
20200310,188,10,383,17,0.12542406450423882,0.06537450288058372
20210514,246,11,476,15,0.048339803890727825,0.1437157240999023
20150427,444,38,684,1,0.05432941700947805,0.12780078298360828
20170409,320,21,113,9,0.057177317616752335,0.07957046716929098
20250714,310,18,672,10,0.12593768290974267,0.10156667749056328
20221113,257,34,278,1,0.028307936553001626,0.1379147504690071
20250309,425,43,43,11,0.08913852833830477,0.13393122992024148
20170807,495,3,483,8,0.12870344029931488,0.13073164689555988
20230625,28,21,685,14,0.0535678137051922,0.11591157602860003
20190114,302,38,28,10,0.12941962920271954,0.05387538746926668
20170217,483,42,588,19,0.12516232758148688,0.05747314390083397
20240531,329,14,674,17,0.148213788335095,0.09363403715848814
20190403,103,35,284,17,0.05240052921002293,0.09488430204619401
20211114,269,49,411,2,0.08911138256854922,0.13835351355035191
20190407,456,4,441,5,0.03876139301321499,0.1431924998940862
20211203,259,20,359,9,0.09199000616161288,0.13774641646702052
20200207,467,33,44,12,0.0753391081914414,0.05857926260643886
20200811,232,8,292,3,0.05258539954034344,0.05727285146792829
20230407,158,44,955,2,0.020473577453004807,0.06213126814876152
20210601,129,47,950,6,0.08603721362293358,0.14894082646079063
20231124,329,7,987,7,0.11448295428618632,0.08382586632306556
20220227,475,12,974,9,0.1496136045217736,0.07589388231375892
20151022,337,7,124,17,0.09400720080679363,0.11823766833412877
20230219,356,7,27,14,0.050985529348201275,0.12059117456291972
20240216,207,5,984,13,0.11443613692427898,0.0947526574113432
20220914,169,30,70,8,0.05361463478454659,0.13233209469272472
20181112,245,18,160,11,0.055727187500179284,0.05342373446366103
20161121,301,20,656,7,0.030724757708267412,0.10033081299256372
20220115,385,25,24,7,0.05487762825064786,0.06361557918456044
20161026,261,10,939,16,0.06116481873512272,0.1424029979549719
20230217,363,49,854,19,0.08950287836475744,0.09951584420952524
20250830,198,45,393,16,0.07144721507531768,0.075095038364993
20170129,325,49,697,10,0.06835430299431024,0.0970726030498113
20200811,159,26,839,5,0.14041921742302882,0.1457538079705275
20200830,169,40,921,15,0.07227641746667024,0.06154568233829288
20171113,280,11,948,18,0.021649058339973895,0.13798791356816745
20190205,457,38,778,19,0.023453778618947936,0.05972849246942927
20250820,228,12,422,8,0.13298184990855816,0.1375844965053864
20180204,406,42,379,1,0.09440492707046175,0.07204193415378017
20230115,266,11,509,18,0.07327185586970847,0.0807283067837229
20210210,408,18,448,20,0.06857135679504481,0.14818947582807024
20170307,77,25,8,15,0.05392967881092822,0.08968371731857755
20230803,320,50,583,7,0.10753042891621192,0.08291151076479808
20200121,285,1,682,4,0.10083088904053139,0.08446497768298834
20150118,120,9,761,1,0.041049560944865705,0.07067704807191272
20200225,241,35,167,13,0.1352432934640175,0.10544518260357313
20200203,355,15,82,14,0.057244730999182744,0.10912793739797753
20240412,482,44,370,19,0.04117678887066356,0.06381589736922678
20250708,214,8,289,17,0.10182546807011025,0.10428917177562363
20210921,466,32,122,15,0.05527773787353463,0.13964968572562889
20180624,293,34,657,14,0.11330484574341478,0.09553307937926601
20240302,148,40,683,18,0.0761273191899156,0.07799529320217508
20181226,456,45,65,10,0.11121397471811438,0.13525458722281797
20151231,168,37,567,16,0.1376029576886176,0.13672224077568573
20200122,62,30,127,10,0.09197355029837158,0.05885649758055725
20170407,473,16,511,6,0.07095980879632516,0.13760354011717035
20181111,122,25,278,16,0.023115207503621425,0.13038166091778547
20250319,168,13,299,10,0.03577041651744271,0.06104596061569595
20180505,76,45,706,15,0.058464643857530654,0.05409133525848932
20201105,9,26,807,5,0.13161484805620016,0.1070311808178725
20250113,295,39,561,16,0.0759961737765458,0.07169520541462318
20150929,105,44,57,5,0.10057545338600364,0.12189501662601956
20250202,38,37,851,13,0.06437703936503433,0.06502037516714813
20210720,77,13,678,14,0.02928553672632967,0.10305681804756361
20210224,248,17,580,14,0.038113687164562524,0.14502025049692413
20210831,175,36,613,13,0.12042001497522431,0.08976800756326223
20180707,90,42,251,4,0.0943031328997182,0.07247200289192475
20160402,418,41,291,16,0.10280001050592155,0.08675433993785195
20170515,87,24,565,4,0.11902076633230446,0.06002152794703968
20250211,185,27,244,15,0.13405125638117127,0.07908453263940382
20191016,399,6,237,20,0.1259230877382759,0.055308438661354556
20210823,319,10,876,11,0.10047630197903175,0.08800618376063038
20200224,305,35,908,5,0.08029390956499828,0.10604917095443181
20190604,219,31,82,10,0.1490393487131705,0.1133517573821787
20180902,304,11,982,5,0.10941685312904718,0.11397147052340491
20180718,334,32,791,15,0.09425237175053851,0.1443181374218357
20190604,229,2,839,13,0.13117111178940566,0.05489584616831568
20171204,500,11,505,16,0.13020345306099088,0.12389060730898377
20200509,392,28,318,11,0.10549339806666833,0.11763948339099846
20231109,402,4,415,11,0.09510307907110285,0.12460260301251835
20220902,191,6,374,15,0.1211104895220676,0.0808131101121913
20160625,8,17,935,15,0.03335522560584114,0.09687109965694901
20170522,149,4,546,8,0.06475954012640216,0.14255385683501498
20250524,157,21,337,9,0.06982728975718436,0.09870634071244215
20150513,230,5,915,8,0.09817039427928673,0.14535524735899064
20240804,275,23,649,8,0.023843326461125514,0.1173163442148732
20220914,462,24,486,18,0.09442992324386212,0.08866227718112138
20190531,64,6,78,19,0.09745288399190616,0.12705139397484388
20240225,31,40,528,3,0.14592813775622981,0.09034515135101634
20220314,346,23,731,16,0.07778105864929649,0.0956358642411741
20250712,407,4,278,13,0.14751096558682528,0.08824396402321225
20150825,34,33,902,7,0.13991224115088033,0.08821289563153945
20150821,100,47,449,11,0.09779846335828796,0.10127867776992858
20170523,394,26,183,12,0.07549597396359413,0.05165000250944445
20200104,65,5,979,4,0.132277953435378,0.1435795833027027
20210620,50,43,391,18,0.04932198712691532,0.07666060975409031
20160903,437,46,24,3,0.07301583934841159,0.09742951355813931
20240123,124,16,460,4,0.1212751534171367,0.07494566560878611
20160716,105,21,615,12,0.030805815565689225,0.1456780099323997
20201008,470,15,124,12,0.1349872967758795,0.10224542781463658
20220613,256,26,941,11,0.06307335923907337,0.08023356188296644
20150203,470,7,551,1,0.10143768707218968,0.09077664179662945
20201217,264,15,758,7,0.12222859748526373,0.08269750840257141
20161029,447,47,310,12,0.024764039387593965,0.11739007004679586
20170811,413,44,449,4,0.05535280544380322,0.05509434680667531
20221003,447,48,987,13,0.11755720495078659,0.14972477636906056
20240401,59,32,798,9,0.049783611063103764,0.11010268289425415
20200809,402,25,191,5,0.03512226059105496,0.0804129110837632
20160526,416,31,659,20,0.033543351507228286,0.08416914111810664
20180724,454,27,900,7,0.0336823186854628,0.05529759563576825
20150924,421,47,379,11,0.1290633530317127,0.06273949537298856
20170221,464,18,510,2,0.13831590633751387,0.08789735268111094
20200905,444,25,769,1,0.06022780040377357,0.08545108538761845
20200709,299,8,837,12,0.12341509910243853,0.06389125821880745
20161029,156,13,528,8,0.03884207467953847,0.13926428931452084
20200425,93,50,912,16,0.08824936061301412,0.09478116586601419
20241129,95,17,137,14,0.0271076560340352,0.14389680149727738
20251215,297,28,273,4,0.04820581595695633,0.14577330553336468
20220306,22,12,408,13,0.06283358963216576,0.14309659145001358
20181016,314,15,635,1,0.05586996041755421,0.10734692811946736
20180623,189,41,893,12,0.07667624753669244,0.11961101782190971
20191120,125,21,557,17,0.10203822225126268,0.08998705906463343
20180208,409,38,764,7,0.12116877185362528,0.08731728103713499
20151208,264,17,899,16,0.14491835460938549,0.06250366586173246
20231011,359,31,853,1,0.09255886704960796,0.14766134211500795
20231231,116,5,421,3,0.1418654740989936,0.13777757849083594
20210419,94,29,90,12,0.10125014609408746,0.14579666430691673
20160308,132,46,992,8,0.1440583103310461,0.10842300562180535
20221113,265,47,767,8,0.14679242554413763,0.1248201950410693
20181020,41,6,115,2,0.10818145947009745,0.0909302845797897
20150516,252,34,364,11,0.14239781595087694,0.07662395610195642
20171014,306,24,84,7,0.09655885131368461,0.13836346894946006
20180217,220,15,408,8,0.06251647319888612,0.11238269639976098
20150531,149,2,615,17,0.11751833525447691,0.07443257352763771
20190604,72,31,59,9,0.14483970624034126,0.10578158810732685
20190409,188,25,964,17,0.04048343627838172,0.14208311299788703
20170724,201,35,210,3,0.055324304920785994,0.10202650214506823
20210619,368,1,725,16,0.08439483376932283,0.09564615911808083
20200329,310,5,892,8,0.14629380212124615,0.12067917538199087
20170913,447,14,1,8,0.06481022942331077,0.11842211518214435
20210321,14,19,93,8,0.14647394128965022,0.06201144111082192
20171004,471,3,757,15,0.06709936188187185,0.09879910444630441
20211104,359,39,41,10,0.12465580713251986,0.10318298099975336
20170907,327,29,845,14,0.03859277036317611,0.08571949590606442
20231218,209,30,985,1,0.1024984380731928,0.08396613792187617
20200604,3,4,303,7,0.04716988801838905,0.09969718586815704
20191111,167,12,992,15,0.130985117139467,0.08860964964691288
20170920,319,11,153,12,0.09762170467346744,0.11873469997962068
20150909,171,12,763,11,0.12191760027198217,0.10997744831853026
20251008,234,35,886,5,0.08131866147217781,0.09667328657678562
20191027,307,20,499,17,0.07440827363589533,0.0725006264086988
20231204,314,6,794,5,0.10639830494557469,0.11606360584599403
20220509,157,17,42,17,0.07233252052513911,0.13168032385392525
20151208,355,6,192,18,0.05480632187235912,0.10791484422293382
20200121,329,31,579,2,0.11972023186401579,0.09132405752206119
20191102,322,1,108,14,0.09628829593463989,0.06473750593523922
20190323,168,49,283,19,0.0695433695090341,0.13541826843153262
20160403,387,38,627,5,0.07252050513848998,0.09796903872778522
20211002,293,17,599,13,0.04912179258378595,0.1045649515233763
20170429,74,35,267,3,0.04837433046038109,0.14099275833298525
20221128,52,23,346,12,0.020291135818037893,0.14362564043055492
20151212,44,26,803,2,0.024081414019740472,0.12426940308781438
20250620,367,22,715,2,0.12625082750438735,0.06203745138892452
20240531,423,48,690,20,0.11778099562292402,0.05922533509138489
20190205,349,46,425,1,0.09411360103216211,0.08696914657630807
20151102,8,26,141,9,0.049970378709172855,0.08868917885867009
20191231,199,22,31,6,0.07974606797473245,0.10455708734732586
20250523,120,19,698,8,0.050687192669475224,0.09589222566916566
20220724,383,31,124,19,0.1487615111173536,0.07723142992254703
20250815,498,30,732,12,0.04099999232752816,0.1205893932459855
20201104,99,4,139,11,0.08015771482583804,0.07326717060797824
20240101,35,14,238,12,0.14055203853359782,0.08498485970787818
20210708,81,29,841,16,0.10796205334504844,0.14350889966127695
20210104,410,13,632,1,0.04785518525052302,0.05581784450432026
20200624,40,37,501,7,0.13072881702687963,0.12835304001247233
20160116,171,5,710,9,0.09628138232733965,0.11658269097169763
20190320,132,19,473,3,0.10289387231983259,0.051811459696410024
20160619,433,38,593,6,0.13664698348674553,0.0773114256501144
20200905,162,10,540,18,0.03336498393017598,0.11961796207459034
20210113,245,25,608,13,0.12334775618403918,0.12794101050205958
20210529,422,8,1,9,0.04405003025791489,0.14212589344606077
20170721,166,38,176,19,0.11572783813041829,0.14718675785724436
20171005,139,8,827,20,0.05975426555116438,0.1292510758053554
20250927,148,44,927,7,0.07573083714007815,0.09605906696205657
20200105,9,14,363,4,0.11986645252098377,0.08429620071507515
20200713,146,25,410,18,0.09112563753259637,0.055301040113738535
20201104,497,9,260,10,0.03243883104438837,0.08388467616529502
20240926,336,33,560,8,0.07509338271582706,0.1423240860357204
20170828,495,18,341,9,0.04093816662057009,0.08638590503165368
20240725,49,15,424,18,0.03075124708034801,0.05197295380340186
20180201,83,44,964,15,0.14475941302272033,0.07681302705382535
20150724,82,38,701,17,0.08311802739153068,0.11978800077493695
20181014,152,42,934,11,0.0691326298220607,0.08225307121853624
20251124,126,13,305,18,0.03347630088693049,0.11632235603900949
20160524,315,24,255,7,0.09566309182723137,0.11436680281640757
20200115,259,47,776,4,0.11740329849546385,0.11995623712206634
20241225,327,30,103,4,0.03860177591999238,0.0659149756903715
20180913,405,5,974,12,0.07929240856056965,0.07522962101116906
20200219,157,7,508,4,0.1332500519125145,0.059595921955341406
20170611,257,29,594,6,0.10768464572175171,0.11312406685439981
20250312,414,19,736,12,0.032184528763362266,0.10938557030418916
20240420,221,34,756,4,0.12514751389279907,0.14645115121944505
20230514,87,27,631,6,0.06724190697272492,0.08362002597885
20171202,288,13,726,19,0.09997417665566552,0.0880412814714285
20200525,478,46,178,18,0.053124603612402815,0.0833229036147991
20180722,460,7,932,14,0.023272412151611847,0.07804881135294656
20161129,3,46,461,7,0.10611150464573141,0.13890244426551768
20240404,24,23,973,20,0.14725517384407613,0.10735968642892413
20220914,346,5,169,8,0.06860616615272641,0.06227660328797485
20190812,345,7,126,6,0.08050962507865836,0.12030898168579739
20250114,348,6,752,4,0.041846792201581995,0.1188419429253133
20210504,429,46,335,5,0.14200546800998265,0.14481298172888252
20240404,389,32,733,3,0.034948442415203174,0.08998908934465175
20210601,240,23,508,9,0.14404717862536534,0.09774847662700492
20230817,111,35,124,8,0.03933572298090324,0.10466401390384059
20160801,39,10,179,16,0.10209794355115792,0.06602537895269925
20230806,418,8,201,6,0.05375423000190792,0.11248822548170379
20241114,87,10,321,20,0.04814438634878912,0.0740736286092968
20230131,406,33,482,8,0.05820441529797657,0.1120964961821234
20170317,379,39,511,3,0.07199388014196369,0.11023382397009727
20200113,407,18,616,17,0.0498659453439128,0.06977346610229945
20240928,218,50,671,14,0.026279388179678283,0.06885959282806953
20241208,147,49,472,9,0.07591548057831723,0.09872012033285453
20171127,255,24,66,1,0.13026231052762932,0.10353365465698247
20180506,209,11,814,15,0.06054095421288738,0.08250281661831073
20221127,128,7,786,4,0.14710414727128218,0.08047904842861311
20200717,50,35,811,9,0.14643570108801557,0.06065795651916083
20240418,459,8,518,2,0.0981499472276143,0.14963044231463662
20181102,283,21,719,19,0.09488005805412372,0.1181667681003861
20251225,119,32,253,18,0.10980240736860782,0.06852898822974147
20170909,462,16,764,5,0.12305367793626647,0.14873076859597995
20210509,355,30,798,19,0.10818852619381795,0.09927921193540962
20171001,486,49,430,18,0.09518438477250017,0.13982588860625284
20161006,377,35,7,12,0.1051966739557543,0.13620194626715496
20160922,63,35,146,13,0.11652863536112477,0.10526096682921507
20230213,244,27,241,9,0.0786125345595531,0.08299843295433759
20230402,66,14,351,9,0.10534903735338733,0.09139980827942232
20180618,164,34,283,2,0.14825220465867633,0.07159780090397265
20240929,356,31,854,3,0.052974073757720105,0.10634674813927535
20220820,221,24,658,18,0.04117091772811911,0.1356358573869726
20200429,469,49,736,14,0.14762989096771478,0.12518142362107684
20230421,96,1,834,15,0.03572418435480992,0.11978485244602127
20210103,434,10,500,8,0.0419481371571354,0.0631448166233292
20210120,84,13,730,9,0.058734606603034006,0.1355194711461431
20250911,73,29,242,13,0.061791464084221676,0.0970906682940422
20170810,488,44,165,12,0.0308825004979773,0.13360543880117193
20231214,112,8,778,3,0.05818177044019003,0.0993429690866802
20211224,66,23,184,10,0.1309730825272926,0.06414725923393126
20181029,51,31,551,20,0.057704450469032526,0.08811722986271217
20210503,198,11,874,10,0.023429691355478018,0.060732470643077185
20210915,499,9,784,7,0.14026979459788835,0.11960516275643614
20240415,413,28,367,10,0.043224023802035244,0.07396076663809133
20180527,92,29,673,19,0.10283529499473347,0.07549175903440696
20150122,78,37,407,10,0.14745006868367092,0.13837909303871665
20180620,225,12,130,10,0.04928952538174704,0.05367896916978914
20210210,198,18,859,11,0.1035869052231761,0.10920770511443453
20221111,152,15,774,18,0.06703952544994952,0.11243715768174459
20220605,252,43,539,17,0.07209436009964354,0.06873872312543519
20241020,95,10,812,19,0.11305940862564978,0.11516457854248162
20240426,148,6,34,5,0.14092069258293544,0.11802655350506458
20200330,388,44,595,4,0.13590203151600422,0.05344291735784598
20150402,464,36,413,12,0.041671564648801576,0.06629361159617778
20181012,30,34,464,8,0.10915065676949584,0.07668033407759078
20210921,305,35,766,6,0.06979466647219204,0.09359916818298333
20231104,378,38,859,6,0.10443767895507018,0.051043358782890375
20180208,409,48,419,8,0.12252304717528761,0.09602205292569443
20241222,10,32,416,10,0.09941762761080927,0.06358055360469629
20150602,57,23,959,10,0.09697615077111311,0.0557903760666028
20191010,374,19,826,4,0.1161682604416573,0.07971690427804844
20150709,264,13,124,1,0.07847780812108476,0.13773599783201193
20200331,261,19,247,9,0.03486740700823164,0.05881030926348768
20210917,438,15,311,10,0.12139135135875305,0.09364457208864244
20250626,356,26,994,20,0.08041158558625378,0.12871468494274943
20241203,112,30,708,14,0.021425474251790925,0.1444624281570971
20220809,313,8,810,9,0.05373984996431179,0.10557401203482092
20211217,434,14,76,8,0.060273295722334266,0.14122931113133713
20180805,281,29,325,2,0.14181561182347496,0.1481356081231459
20190405,364,43,694,9,0.13689655868073902,0.09485708864200304
20230723,266,11,842,16,0.06579871213688365,0.05361589355477197
20241228,420,47,882,16,0.13295671956142713,0.10947504916709103
20160519,452,5,958,11,0.11669660143634998,0.0744961216442668
20180515,95,19,573,2,0.051306965093881676,0.09963314121411941
20251022,335,20,98,19,0.13621135278242305,0.11352463752281303
20191203,219,38,531,15,0.1268858650771198,0.05322618563312487
20240403,148,48,624,19,0.06859307091479684,0.10181938514110808
20220227,227,32,719,9,0.13092422245081314,0.08118913280653428
20250302,164,9,285,13,0.09202019264513565,0.11784290537615849
20160419,369,27,112,8,0.03317064350303042,0.06863334857603484
20240103,391,35,270,8,0.06943612636258689,0.14701462801064352
20231203,393,15,291,16,0.020930526626976052,0.0757844725970459
20230710,202,23,446,14,0.06977748944124434,0.052708080191483625
20180706,164,27,479,2,0.12214770260969608,0.1433107494305949
20220813,156,2,357,8,0.1325007551801254,0.09929217646278536
20150110,311,2,62,9,0.024419711984521596,0.14446727329811343
20250603,33,23,156,8,0.033089858909357464,0.09167720056344905
20240517,313,39,439,13,0.08480894550433152,0.11557509787020571
20200204,175,46,34,2,0.05746328798772697,0.10575745517759941
20240317,195,39,641,16,0.08631127007917624,0.12614592504719913
20160816,362,24,194,2,0.1334101777007637,0.12484166979778842
20181218,23,22,17,8,0.13201858514671005,0.06255170794388404
20231027,54,43,333,9,0.08826912535659535,0.10681988595812972
20190201,188,8,64,16,0.06252827416683297,0.13767759685985143
20220405,138,5,564,4,0.08682845548410581,0.10104269687678089
20240830,225,21,914,9,0.09842760354977928,0.13071542300568034
20200725,216,1,197,12,0.026734547310025298,0.07271035416493876
20250402,171,44,644,19,0.11937329993524487,0.1137801572417803
20200114,325,14,292,16,0.02249692163554287,0.10732538186663457
20250112,8,20,854,12,0.11044644060675361,0.06538043949463777
20230622,371,6,103,2,0.07765581956555163,0.09045371125175664
20170213,139,25,650,2,0.07517534026763067,0.05617960873842716
20181020,127,5,894,6,0.13185153245592818,0.0825352381997961
20170104,325,19,635,3,0.13483269620075575,0.07553840931229769
20181226,60,34,283,11,0.11898521720886598,0.13627069361973432
20191104,49,28,574,3,0.13258278587601235,0.11600986338187502
20150516,425,48,345,6,0.12169416748270831,0.0888143282481685
20240626,85,37,265,14,0.03669475762791742,0.05062159704832578
20161018,464,38,171,18,0.1281531748082765,0.08517688944687975
20250220,484,32,161,16,0.08670198146341435,0.0580403344041647
20180916,236,47,101,16,0.029021078808581534,0.055733500478837156
20171124,123,49,989,7,0.1208594925932057,0.11326345281913199
20191121,27,5,723,15,0.027415256527327014,0.14012862024105593
20170408,257,27,880,3,0.1039036093149214,0.11830616770146059
20211117,423,47,142,1,0.1470704868321622,0.09976641224918861
20250726,218,2,297,12,0.03726182296483384,0.05414440173404941
20210220,229,15,104,5,0.10493895446425801,0.10615003086121902
20150819,481,42,946,2,0.046049476312651674,0.06715772095497782
20200320,383,24,102,19,0.02154055776260888,0.12647288152319774
20200201,380,2,344,18,0.13846101044492093,0.12683842586475513
20251105,87,8,914,18,0.042885835696235594,0.05898512797926271
20210104,119,25,599,17,0.08441135053895364,0.1485166543150791
20160411,108,22,902,14,0.10954228342824318,0.11017931446162596
20240629,170,45,295,9,0.07163971711150077,0.06935774455307668
20210902,121,3,947,1,0.04297305618659851,0.09864154847298601
20200711,271,47,78,10,0.09810177025173858,0.1427591705969043
20251214,267,37,199,5,0.11260717376438398,0.09725456811651767
20250208,369,40,785,6,0.06727953288098043,0.0582432032816762
20190924,453,12,884,14,0.11612716488253073,0.06795864438105127
20180518,491,1,72,1,0.12251848800677008,0.1453639034189033
20150129,193,26,838,11,0.14857802560318925,0.10537003029044988
20220507,239,46,898,17,0.038476978532626736,0.05754480666682682
20251106,271,34,643,11,0.09712775427011558,0.12643491886026526
20150520,214,31,98,15,0.10909103773698,0.09518980628323698
20200419,308,29,597,12,0.11967266417166662,0.11044494675681735
20181112,395,9,505,8,0.05302723052667116,0.12498310287400034
20190420,271,31,386,15,0.14870983819349126,0.14466428406787105
20200210,91,14,297,7,0.02504859145288501,0.12196765728761262
20241108,291,6,868,19,0.11969820352506536,0.08197273849965152
20160410,407,42,269,8,0.11176686998791567,0.09401737331392944
20171231,135,10,431,13,0.04745725382349898,0.09960601071409883
20230803,137,2,941,7,0.05272041509032467,0.0859792660011341
20190219,179,47,351,6,0.037211355642637035,0.14987429888686749
20230615,227,38,548,13,0.06533033256620811,0.08149207121141393
20170916,354,5,101,2,0.08350637597582808,0.10797363658891283
20250912,397,12,807,9,0.07943060811022866,0.10146710843820676
20160630,62,46,253,12,0.029013116652003998,0.13902624456583207
20160626,297,43,372,1,0.0431068146880047,0.0501170253075193
20150116,286,29,5,13,0.08213264520231425,0.05357968149601494
20231229,382,28,544,17,0.022574848965937002,0.14222244577820708
20171007,471,19,720,3,0.10653302215856894,0.1086713826041942
20211213,78,35,598,16,0.11524322079107051,0.13708722713067417
20180106,31,45,805,11,0.1458598094464698,0.14698352835204986
20240220,284,46,133,6,0.08698263759344547,0.06174629935991188
20230626,277,6,894,12,0.09023344475375454,0.07480341606436253
20171206,471,47,847,3,0.13285848157920033,0.12748398032766323
20200428,259,35,883,10,0.058939509332066486,0.10172778885275012
20241118,373,45,242,16,0.03755117085827006,0.11884869204535238
20250331,237,29,625,13,0.10022760975924773,0.11881211306984478
20190410,154,17,537,1,0.0621646819547856,0.11525287602223658
20170426,174,33,960,15,0.08751951034614165,0.11266304012899978
20150210,382,16,54,4,0.07942044103372202,0.1297150321729686
20200419,331,42,74,9,0.08662964646562503,0.11833941575285213
20150609,217,29,115,4,0.1331375869994239,0.06358340167263969
20250407,402,10,35,16,0.0723120411959507,0.08289349397128634
20150811,49,32,281,19,0.14291146033158889,0.09878305770137966
20230217,307,5,867,12,0.0574403890563715,0.12040246073906825
20160426,49,9,633,10,0.05520838183263388,0.14958387243209204
20160923,137,47,326,17,0.02861002074663365,0.14038032357081698
20250210,227,10,907,18,0.14565075486097434,0.08493388094914647
20250603,429,4,204,8,0.07370701045848999,0.08799453050426795
20250713,88,22,648,3,0.1177272847885106,0.0997445540341721
20240218,66,25,343,10,0.08460400360069592,0.11803176600012337
20221216,156,23,707,17,0.048808683751898646,0.1294817199701392
20221228,394,14,826,8,0.11321216191441695,0.11868713949558883
20250924,490,23,116,15,0.09478918730673495,0.09915750148961176
20191030,462,14,478,15,0.11071093156011828,0.1121431201372314
20150415,289,30,123,8,0.026890705001681916,0.11951810249081625
20180224,362,20,946,2,0.02822055896431394,0.10181836020947752
20150129,231,46,549,2,0.059997366183862824,0.1298770735180952
20230901,27,16,870,9,0.06713092457302791,0.1396435434678343
20201103,151,4,694,7,0.039211994303836414,0.0661283949199353
20180512,350,37,26,2,0.09711581316601899,0.11902919954034823
20231212,481,49,977,9,0.10386331692468478,0.05708251595568925
20190307,249,30,115,8,0.047274886849998005,0.09634836401055633
20210219,305,34,546,3,0.14798231987162258,0.14328378532117414
20151217,221,8,979,16,0.0945500010552969,0.055038336726142015
20180924,26,8,837,9,0.10612192945786449,0.13058856350667503
20240430,493,13,396,4,0.13963200548090424,0.09618457243193326
20231008,173,22,825,18,0.052620027145616546,0.1376344973059651
20160131,256,45,202,15,0.06777725687950466,0.1468652713006729
20150127,467,34,144,19,0.05805384011178878,0.08117461346798907
20190528,6,48,45,15,0.09099543119102621,0.07464887849302537
20210113,325,6,799,4,0.07054134673980811,0.09955916206902686
20211220,128,3,433,17,0.10716146725700504,0.13833210270644702
20251204,106,42,225,18,0.05344310622479337,0.09245281018732132
20200325,293,8,943,4,0.1362344025959298,0.12348899288830278
20231109,177,3,919,14,0.11240914236937861,0.14906965434414948
20231114,209,10,535,19,0.14358486673109094,0.08240449078483195
20210225,296,21,782,18,0.058705003481648504,0.07082634525999518
20211119,113,21,762,17,0.059978498169934766,0.12343006547678362
20240313,385,29,201,2,0.05696051514486017,0.13053666444890583
20220809,401,2,351,4,0.06742665465717158,0.0923591238725344
20160917,485,49,458,16,0.07684855021637677,0.12360802779864863
20231101,353,47,988,9,0.02489142304085272,0.10244526152540745
20210413,320,40,637,5,0.11611532964386777,0.11656932916171908
20230728,396,3,279,11,0.10018575762825047,0.10115520674944382
20200725,288,29,149,11,0.08006856071087128,0.06634972964059116
20251012,455,37,127,5,0.05809899772022341,0.06360559873575763
20160504,266,29,754,20,0.12531542962112183,0.08749650094696436
20151103,329,40,337,16,0.12079790100833561,0.14505854572933424
20190321,107,4,651,2,0.020922769717712682,0.14817482939660032
20210523,379,40,435,9,0.1489472967904386,0.12964604832504378
20170331,110,37,452,15,0.021875861374061174,0.06811222230394506
20250801,312,23,125,14,0.11545064540769191,0.09470549469889547
20220209,391,37,729,9,0.08139353169082257,0.14116657799617455
20240922,162,4,189,13,0.06435828754260485,0.08844535729485928
20161231,400,36,186,11,0.08254056263122612,0.14559918057114848
20151217,191,47,949,13,0.051241034996896265,0.054383101458586984
20231117,19,46,611,4,0.02486894637349427,0.13686495931661746
20190810,430,37,92,15,0.12242961570164175,0.09605743863710535
20150905,289,21,380,7,0.06127357536208167,0.11074028512052642
20180506,340,42,723,13,0.12176350384509904,0.1446134193236105
20200529,411,1,775,9,0.1297037052760078,0.11032324434477828
20161108,359,46,404,20,0.13785189079193935,0.0629912113664139
20231129,358,44,181,9,0.07114655790080669,0.08153704368997118
20210813,308,3,506,4,0.07861057144572538,0.10207916776367386
20230403,406,8,776,14,0.08514200283481528,0.1432770157088221
20180531,124,29,545,18,0.034001440566847924,0.12540501771677026
20170309,343,45,782,11,0.11508123592970755,0.10429924460838713
20241119,177,38,700,20,0.13622153171647283,0.1493939154041266
20180806,148,33,118,13,0.024180025719996015,0.07654168824387486
20160825,90,5,828,8,0.1368534101132576,0.09061538005872895
20250820,218,43,98,8,0.08288165385192041,0.06670806569713858
20190115,332,43,882,1,0.04920261549229077,0.11478110102435586
20200725,302,25,178,4,0.05690170057316356,0.13527856865627552
20200606,226,11,652,14,0.07426690247634794,0.05023505657538466
20240103,98,42,760,19,0.08487524319304317,0.11940800518269487
20221101,240,6,806,10,0.139214310194144,0.12018672558369359
20210214,450,34,894,20,0.07615936058419445,0.08650943584886525
20220726,103,17,105,15,0.14049349963751348,0.10337820538523323
20250528,19,46,207,8,0.09245994807018008,0.08315838177123012
20210822,474,33,267,7,0.0666417113594389,0.07126473163761621
20180330,420,15,760,20,0.06126860271950406,0.09875565559112173
20241108,57,22,519,14,0.03861187320428382,0.08915281305457706
20180922,472,23,17,13,0.1157393490288832,0.09071627415612701
20200609,345,21,340,15,0.07637215561473996,0.11263433231295077
20250913,392,17,657,4,0.1270974149338754,0.08620985663477025
20150418,206,45,821,1,0.07984939055613062,0.14063133596838984
20251001,208,35,247,18,0.1371288682114701,0.14178333879619623
20240611,158,20,1000,2,0.14243447236834747,0.09022824525033593
20171203,149,30,102,7,0.06890883731829897,0.08003353759020097
20240407,394,31,637,12,0.06699916547883125,0.09693483416649895
20200707,207,44,786,5,0.03864799610432053,0.0627012509700645
20171020,498,18,186,16,0.10900329118821762,0.10383884596722358
20160409,481,28,742,17,0.07494236953990334,0.14635317891631533
20240206,365,22,350,2,0.04941632387581518,0.07593616374954751
20170829,32,5,223,3,0.11354945263344081,0.06534239445113899
20190311,360,44,410,18,0.02300859293656579,0.10420930009948595
20161228,454,34,914,7,0.08941643259638773,0.055701239372838884
20170618,221,31,542,1,0.12152573851224358,0.08222996909516618
20251204,325,36,301,12,0.1296404294901332,0.07178638937637716
20240721,118,14,325,12,0.08872498165403588,0.08152645617384452
20241210,48,37,869,5,0.03268708243374123,0.10378180179161517
20160720,260,47,990,6,0.0665934067708444,0.05670734399126921
20200210,126,2,572,5,0.04163673182823559,0.07012585206959368
20161222,452,26,384,1,0.10827632362671437,0.13393015211364057
20200428,106,24,600,9,0.026983698458224504,0.09779556380001658
20180307,160,2,280,16,0.05541624252160508,0.0700270353736097
20240630,86,33,666,13,0.09445031933747876,0.1400458256543296
20231208,265,12,145,14,0.07846710628587537,0.10410046179598026
20210907,2,2,916,17,0.09058877595406827,0.1389353581566375
20180516,340,39,913,16,0.08312407250071996,0.1124210057189679
20190513,45,20,617,5,0.06649740309520653,0.06774396904468884
20180828,365,13,6,20,0.10209068875971553,0.08866665639180109
20150125,359,2,932,6,0.08771307549472832,0.14919852752219165
20181016,363,42,215,6,0.036680212996069245,0.13460796000342823
20170220,355,12,973,5,0.043609812314814665,0.09187761673900452
20220424,236,6,377,12,0.13074577709543586,0.05991046118211634
20170824,271,47,746,7,0.06239099142915017,0.14258528392479103
20241102,106,40,669,10,0.049426664002157235,0.07294261033926684
20210316,490,22,973,9,0.10921980031476634,0.13144642994204375
20250220,238,21,896,6,0.03297278948981536,0.056528256008175105
20240809,326,48,794,9,0.04182199680250045,0.07240591169148725
20200523,130,20,592,5,0.08771058697786939,0.09185495896056665
20150630,407,22,566,18,0.08909304780022756,0.12295925289235621
20151112,410,16,594,8,0.05410832778408438,0.10742856245512286
20221021,246,26,458,9,0.09212084834258169,0.12782350477909982
20220324,376,31,340,5,0.03773568575188114,0.11170354191261299
20250616,13,22,770,18,0.1188326077180645,0.0927811707350171
20201228,232,12,33,6,0.14578392164039028,0.14212050610727345
20181119,228,46,809,16,0.12642010350010632,0.08506239417176303
20150726,360,37,359,11,0.13849764271693707,0.07593245084634541
20150221,240,18,575,11,0.09437136034940555,0.13444965387969898
20210614,217,3,858,3,0.05199344530662986,0.1013290594815012
20190302,114,44,418,4,0.024173059381714993,0.14906147180908835
20221229,211,27,65,15,0.03238830352537752,0.07408323309398496
20221028,429,24,506,17,0.02651093620153606,0.05688292034510213
20210716,366,12,810,3,0.0888511589290616,0.14361844287366698
20160415,113,1,939,13,0.06637038058432228,0.13522394717397662
20150327,118,13,808,9,0.09411282913172811,0.09240842941670405
20151025,477,39,745,9,0.05127475859433968,0.06431986335940351
20200419,307,36,389,5,0.0869735443126279,0.08641838266240823
20230701,235,9,46,10,0.032294403460748314,0.14523177279149357
20250828,327,39,773,9,0.03191621238933407,0.11457617531309951
20251123,138,39,756,6,0.09162900060017701,0.07500823855990385
20220805,433,9,974,17,0.10841733508147476,0.13626521610269443
20180321,58,38,513,9,0.1485926363795734,0.10244940845789907
20160531,193,9,302,15,0.09894287279418654,0.11009517391452095
20241028,199,40,353,16,0.12294910383893146,0.09770102408884439
20190509,298,32,468,4,0.023788150127141233,0.07105061041029472
20251105,444,5,690,7,0.05849060607831365,0.06195095311274105
20161128,284,43,749,12,0.04215823237161443,0.055991342041064374
20200907,146,13,982,2,0.11261603106761153,0.11946087803207016
20221207,15,16,954,2,0.11023385955395908,0.06213350684633748
20201208,316,36,271,14,0.061403710832900374,0.08203153520526008
20221208,340,49,255,19,0.14326653992464292,0.09893080996719887
20160910,30,29,860,7,0.08124824746727492,0.05289148803385031
20251130,494,40,595,10,0.13757845240000144,0.0996356374595499
20190912,17,47,772,4,0.0742720309161937,0.06163819605677351
20151210,219,13,699,13,0.1334467245329967,0.056035657549478736
20231218,131,8,633,12,0.06576248368476595,0.07549526311959673
20210523,194,18,958,6,0.12584857133646654,0.13725185506443627
20170321,458,8,403,10,0.050467647223088205,0.07277662723457311
20190926,222,34,683,3,0.13861179947630062,0.1416271613609642
20230302,202,24,897,5,0.13212612169116655,0.11044522383092203
20230216,339,49,788,19,0.11800329841268244,0.10188030757281025
20210325,228,22,176,3,0.11259112162984125,0.10598016661666668
20190701,204,21,626,16,0.07884539251433204,0.08846106617744778
20180520,129,33,550,19,0.1044493197756711,0.06067378668410331
20180128,421,42,135,12,0.13505684533763637,0.05775355065350871
20230309,242,15,707,9,0.12194495376036056,0.08959457703414965
20231209,442,2,124,2,0.1267745930514248,0.13229886710931626
20250201,331,41,427,7,0.08480503594412221,0.08332719557741218
20160714,23,33,521,17,0.11103607755530347,0.059139610688179634
20181127,280,14,106,14,0.028913752894082805,0.07044533208259093
20230515,210,16,454,6,0.03634441512663403,0.08683202629424294
20210702,95,30,382,9,0.04567711982780438,0.13383193632759993
20200229,258,2,989,17,0.1471169733690354,0.14455095690565564
20180508,361,38,943,13,0.10928014850613761,0.13501263992899526
20191110,239,35,581,9,0.022977300668056307,0.1425289694233
20151217,111,23,865,8,0.0650227194306975,0.07808457674438458
20161215,124,40,670,13,0.03352699447551346,0.09199379870782742
20190722,213,25,1000,19,0.0578229049385775,0.06175714366343202
20230626,111,40,120,19,0.14493039815282047,0.1328966461866999
20251212,396,19,398,19,0.048495146308022916,0.10101461619232216
20230704,410,5,721,17,0.1295380562124842,0.0934884406722834
20191026,58,21,299,14,0.03346999972437373,0.13836634630886224
20210725,128,18,475,1,0.14442767831594952,0.13121060494175024
20240210,236,50,659,8,0.08864034127524736,0.1112548713811639
20160416,257,28,942,14,0.1107250263969707,0.06865014750616812
20160213,352,5,812,4,0.051977581182724705,0.09156303111438291
20230627,459,14,912,19,0.08240125675841338,0.1477697928157981
20240521,333,14,974,8,0.06304367086702004,0.12538044115704222
20180316,411,2,48,15,0.0494333313222777,0.08478467156398656
20240213,349,50,605,7,0.03288704971034413,0.0950027566827267
20230209,367,38,848,15,0.1446015179938752,0.11382165340333983
20251011,72,5,831,6,0.08028426015660611,0.10901066040425533
20170225,110,23,492,16,0.042307590221267045,0.05577153736217752
20211004,158,49,133,18,0.09771092635596842,0.0830216664641494
20251221,317,32,483,17,0.14772318953336372,0.08406634117512038
20230202,252,32,874,1,0.1148463260235346,0.116090866387304
20220428,342,3,525,1,0.1343651513917567,0.1422730027640688
20160303,294,7,155,6,0.09197899504267407,0.1398661077594347
20200524,345,11,685,18,0.021441841517252314,0.12486081080627599
20250619,189,6,888,13,0.12048751445775677,0.13675867994033603
20220101,421,38,764,1,0.09389390576640731,0.1065454595128584
20160518,303,34,440,15,0.1181693740319613,0.07251390582448294
20190617,284,19,932,7,0.11556599634618726,0.10708186025598732
20210118,334,34,131,15,0.12862883980149553,0.10226456261738628
20171024,146,45,514,20,0.10307319745264952,0.05584592142417575
20181008,432,22,853,10,0.04032442139660147,0.08444200474498376
20180405,85,40,505,11,0.11829126615178663,0.09312238784294427
20221212,431,50,335,14,0.06999539692847666,0.0934094601177236
20210701,262,47,639,12,0.08270182487228467,0.06925794900238455
20230920,389,42,675,14,0.08337027435863137,0.06242808754547176
20171002,128,20,490,5,0.14799813725089445,0.0782676467362717
20171124,366,50,370,14,0.04647632465516532,0.09200859692811557
20190623,83,43,382,6,0.0846284248969151,0.0745195143395409
20251228,147,24,431,11,0.0802696063703436,0.1347127272437505
20150509,476,35,398,11,0.13625040154721574,0.12113913535075965
20231116,338,38,686,15,0.11718067248294167,0.11415262905899325
20200412,106,41,19,18,0.07429641183111324,0.10481300491612476
20181109,164,38,276,3,0.0849035652647389,0.13272265872628441
20230430,94,20,221,20,0.02386571931160717,0.09999042541953207
20151223,460,3,407,20,0.11788325489511975,0.12669082033746126
20241106,141,9,796,4,0.12836153128167688,0.12916937297788517
20200921,426,39,841,8,0.09572968686981977,0.13281154121046002
20231221,164,4,450,14,0.049957965173239346,0.07193089812424039
20191125,232,27,663,15,0.02143129645640674,0.11871458548798977
20230620,485,41,85,8,0.08395291281944452,0.13222656557450324
20250212,475,14,499,17,0.047038435688152185,0.0776546837367678
20211129,486,20,595,6,0.11031071559423025,0.09632266092694011
20180811,215,4,842,9,0.05401641058392996,0.05478613003668294
20180203,268,44,316,7,0.047659106981037,0.0842739106882915
20190611,10,5,467,3,0.02024856539454698,0.11317365540709036
20220123,133,49,502,8,0.02903573027489716,0.10299160153794912
20200311,113,36,453,16,0.043524617349760965,0.1475091945687203
20210704,355,48,620,7,0.05712835517911806,0.09994176302249158
20230629,93,47,655,7,0.03808105195121379,0.1352934702767322
20211021,161,38,974,16,0.06909076424849202,0.13195594193488408
20151030,154,29,660,16,0.12994944194308644,0.0717959589003127
20170609,490,16,565,16,0.14155916316396713,0.09203905464018579
20250220,314,16,554,12,0.042188687071542066,0.11322047155576144
20201106,405,3,890,12,0.050965981324325636,0.12058920568313272
20181215,303,27,936,18,0.03363170572753934,0.05350084380594375
20240712,198,42,712,16,0.11428169162255222,0.06499341887425282
20250204,429,38,241,16,0.06033310384809576,0.07733098011920159
20180107,219,40,571,6,0.06478223501257084,0.1446067676647013
20230910,250,50,451,6,0.0701855278197384,0.1493775494819962
20191207,456,43,325,5,0.10791439536331517,0.14442055659537884
20160217,155,27,971,2,0.07775345204701445,0.11889110339477292
20200626,236,5,982,9,0.06281658093081832,0.11348324442539205
20170609,443,21,604,2,0.13930772719337334,0.13096283077774845
20251125,112,39,66,9,0.09232388976191193,0.0996368743120584
20220223,326,28,511,4,0.05582169249703954,0.13814400606403715
20190107,465,39,461,10,0.09850375870934135,0.13804819945836933
20230514,445,43,930,11,0.09056445256664579,0.14805557690472493
20170915,196,25,475,6,0.10781341324976434,0.05332079290653672
20240513,66,12,361,20,0.1053774780057889,0.06968121309540444
20230929,401,23,871,3,0.10027584579587073,0.058294666213853874
20250224,344,18,991,12,0.07625089817011092,0.09226448971285431
20170131,353,32,176,2,0.13294009660031417,0.1271331780137936
20220112,255,1,965,18,0.027660074271250626,0.1373509042726801
20200907,47,22,637,19,0.11720918141752006,0.0804115327295408
20171013,102,26,783,19,0.07881132233828951,0.14942712650489018
20220722,190,40,877,10,0.10345534434754208,0.06969267892265515
20170505,221,47,219,19,0.11422027019568169,0.12029760316472593
20201114,470,36,850,10,0.03082638025204489,0.07750583874936467
20171113,131,46,598,13,0.11173535811000894,0.08444600320406273
20171212,161,9,760,20,0.08836451497390639,0.09226873718923909
20240705,480,32,391,6,0.13346970821429466,0.13011425072029903
20170702,285,44,285,16,0.040223237091997016,0.12104483444435306
20240507,36,28,880,18,0.11324575248121621,0.06598347227023407
20180114,242,46,756,7,0.04535365221727605,0.07557311752825238
20150405,476,20,3,19,0.06069740822984929,0.1069311518203406
20200519,276,49,422,8,0.04079557066919995,0.09289568140264728
20230313,315,15,568,18,0.08919833276285984,0.11496063187510684
20151017,32,23,746,16,0.1367006485581635,0.06385703259851229
20180119,451,18,500,9,0.060349758158319056,0.10442247773498262
20250622,71,13,474,6,0.09334756042330454,0.05196994368941963
20180518,15,42,759,20,0.11339671068426063,0.05897153403580274
20221117,440,31,102,1,0.09540357144415525,0.09235402341001434
20220422,4,15,702,15,0.026173978563114864,0.07994285945808238
20200815,168,22,173,20,0.11452911948572025,0.1260809826957607
20240118,224,2,571,2,0.12803359821413443,0.08712188686650446
20160930,335,18,719,16,0.14847676857652634,0.089214996871024
20220326,272,3,955,18,0.1499063159420444,0.10799710416103392
20181010,108,13,631,2,0.0775665511332991,0.08496116118225124
20170115,186,45,316,20,0.11777610331466476,0.1273314571294082
20200519,260,20,736,20,0.07567097042730389,0.06653933459432297
20210409,94,32,127,5,0.1466304648830887,0.0667886300334675
20150924,210,46,208,9,0.14355958679625694,0.06657951875861579
20241027,465,1,69,15,0.0407498292852209,0.10624353809230702
20231025,87,23,695,13,0.024255128158432296,0.1458818145122806
20220609,373,34,573,16,0.06650511928104083,0.10952516486897035
20191021,124,46,619,15,0.03024135470327005,0.12391664833826567
20240412,328,4,694,11,0.041126379884681166,0.09065377935318897
20170211,51,39,783,16,0.04812226790013083,0.11207013441212324
20180122,139,40,985,6,0.09291125896277158,0.12783794431236695
20250819,15,38,621,3,0.023346674023968228,0.1086392113814768
20210501,9,24,343,5,0.09198617617139326,0.09365280032944809
20180711,282,16,419,3,0.09056050091398668,0.11109272485420162
20231006,473,4,518,12,0.1129133951429514,0.0639617551128841
20160727,218,3,934,4,0.09373685414966533,0.12161229991500087
20170301,398,20,763,10,0.1056774875806533,0.13207127577309608
20190413,347,28,660,13,0.09897439699153947,0.12810035924484559
20250621,372,47,762,6,0.05071597446076292,0.12441819130492533
20231118,332,23,861,18,0.041265791287161256,0.146911372788042
20191227,232,6,457,3,0.1198088605994742,0.1470409267593077
20250222,60,10,385,16,0.10709888876496665,0.13241633980536816
20250721,16,5,730,6,0.14208153544972413,0.08623127629386676
20211221,172,21,507,20,0.10584848893903846,0.13965031093197428
20241123,41,42,152,20,0.12394040418453468,0.06414944314388955
20240804,197,48,67,1,0.12698720456559268,0.07829681398033736
20250831,460,24,655,2,0.0886958466974403,0.13617664280396885
20161023,126,26,49,5,0.056463982369736376,0.06022814295141692
20200605,408,34,145,15,0.11719616358835447,0.10055990309548411
20250706,375,18,28,5,0.023355063591622986,0.06340638841725953
20161012,434,38,729,17,0.09000536039145152,0.10385627762351422
20250928,323,16,699,1,0.11384130394509145,0.14002538922050778
20160429,36,32,125,9,0.13968490046734716,0.09289196473071049
20171103,190,39,145,20,0.1193120610114528,0.10444304084342526
20190901,363,16,372,12,0.033394280136143456,0.11865138466772455
20190628,136,44,755,2,0.04222615438713244,0.10413371906182792
20200817,52,22,351,3,0.08584870790039219,0.13721382614571423
20250415,269,9,400,17,0.024798377034111873,0.10887228324472051
20220808,422,26,188,18,0.025348244518941528,0.05288580999174486
20220704,411,24,63,14,0.07644562703447406,0.08633726739265854
20241126,337,41,876,20,0.11380844935340992,0.0671642064407247
20180430,368,1,239,12,0.09299106152766534,0.10151395805864742
20181129,365,21,427,4,0.11296457301901852,0.055984543103076684
20220314,220,25,795,5,0.0929259481789685,0.10581418181876515
20220626,155,32,971,20,0.0635166615802082,0.057035530558911474
20250414,150,26,66,1,0.03851365996958038,0.12683566185582218
20190928,415,20,366,20,0.11131951506601521,0.09429715987966819
20170807,328,42,900,2,0.13978321797652127,0.07503184104958065
20160327,149,10,580,20,0.04138577277871304,0.13585550225715204
20250517,476,41,862,20,0.1303631908730855,0.09728899515442299
20191010,77,41,611,18,0.14746119656765705,0.08403478810396708
20150910,390,14,558,14,0.09831902177957398,0.08642330815119222
20200206,132,38,566,20,0.12180778002572812,0.10220697048983479
20180610,92,35,294,19,0.12738962948200036,0.07395492746874091
20220717,277,37,848,16,0.07232785698480995,0.06646270237447359
20231020,157,29,97,1,0.08189799492418928,0.12035671237360467
20170513,205,25,241,11,0.07605115210337572,0.1286228027187675
20160530,274,38,552,10,0.11551545758639835,0.106904468692775
20200614,136,26,335,1,0.08144372248098132,0.14053139987091878
20240619,378,12,842,7,0.08965459944868215,0.11504813774020371
20230126,186,23,320,13,0.1275891996306259,0.09266032035555435
20200911,368,34,881,5,0.09877829764207138,0.06886098968789728
20220810,246,29,974,9,0.10278304354375159,0.05190748201318546
20221121,407,22,91,15,0.12405427920291226,0.05481711810436002
20181001,410,1,8,13,0.06963880555652126,0.10746359750285936
20150702,429,32,780,4,0.08760481002130849,0.08176786097808213
20170621,362,36,316,15,0.0838538639501725,0.08744932144332322
20250125,345,26,42,12,0.07483287261939849,0.055888879782870195
20200328,438,29,816,10,0.020357693164404656,0.11640165936799665
20240418,118,20,957,18,0.04562590793196271,0.11427377422702936
20250819,264,42,178,14,0.07079238093046065,0.13616677939981536
20190922,17,34,602,13,0.08380349757724588,0.053274833160638295
20170509,129,23,942,9,0.026264411928838407,0.0776420710578796
20161113,464,41,470,10,0.08956699789757594,0.07627416175979103
20170530,157,20,834,8,0.12367007440409376,0.14641777850753712
20210119,468,44,595,10,0.13322939540815382,0.1163652325622145
20160404,355,38,541,4,0.1055097573539811,0.11967877594900342
20240927,489,31,688,3,0.1035816417813969,0.14330456443779893
20201007,332,7,468,1,0.0721125246627425,0.13780315861463183
20160623,324,7,512,15,0.04899978646627375,0.09820876384712643
20230623,265,27,805,15,0.09380956353118888,0.14631615334058207
20190516,136,23,182,12,0.04724907898784328,0.08132521086898088
20231107,416,39,951,18,0.11453301431128667,0.12521384713055006
20250206,451,42,706,15,0.09277846232744824,0.06120278261354313
20160424,463,17,136,2,0.14291422521283076,0.085318132554872
20250601,52,8,625,16,0.05699763940173497,0.09812304047270008
20200629,239,41,424,11,0.08605089371040057,0.11779286779016572
20181009,299,34,512,2,0.056904531816206486,0.09407798104944987
20230726,248,49,900,4,0.05935854959004433,0.11000410407028269
20250909,498,29,976,10,0.14980141160682425,0.11497268812609317
20231113,72,16,787,8,0.08944483722502407,0.12228824505157629
20151209,217,30,604,2,0.0719735868846122,0.06727851597320948
20180125,236,5,580,4,0.06311110430168472,0.09969865679740131
20210907,134,35,264,11,0.03542619297461236,0.09242356766892063
20220401,139,1,495,10,0.11751882019609766,0.08848431129891073
20180621,154,1,939,18,0.04856916468497929,0.060598371363434225
20250828,417,12,112,9,0.09576944396281806,0.09521938648702716
20190318,69,38,525,15,0.03893785915201302,0.06290169560172157
20250227,470,47,694,13,0.07466692284465502,0.062006455825189336
20160902,363,26,138,6,0.06305620210483873,0.08673596372175317
20250502,436,44,387,16,0.047174808792402566,0.11276387949471962
20201112,256,23,296,19,0.036871716607447494,0.060137270377157596
20200124,125,9,912,3,0.09680930384621575,0.07918809248058614
20170618,121,14,623,10,0.07986608246266026,0.11685574720759227
20180211,254,27,337,7,0.0289529784586417,0.1270131725814831
20160601,102,10,789,6,0.049669365466641385,0.12195769059349883
20160829,479,35,484,17,0.1495753801274035,0.055679591213006224
20240913,447,39,495,3,0.08117409425238614,0.09127775857293755
20150113,98,25,449,4,0.057583466126219465,0.05155889404333241
20210512,192,2,245,12,0.0589580261176328,0.053116911236318065
20210529,15,15,735,8,0.08254363758427476,0.07531258263069035
20220514,153,22,452,8,0.14703079742037733,0.0628108393478811
20200704,57,24,884,13,0.028402397434513955,0.06366338253599499
20251221,240,19,824,14,0.10701634340098916,0.06403265793458886
20231124,146,10,868,1,0.023888094246973253,0.10087682508806584
20211121,314,46,610,5,0.02323826384222135,0.06999221486792696
20160716,358,34,542,13,0.14683827337904665,0.13894108606240047
20210417,445,24,943,18,0.10282782847732934,0.08379187906818508
20230115,127,14,805,13,0.050202327578040336,0.09964696722618291
20200425,99,20,138,6,0.10396794030374887,0.1466383027936478
20210806,496,6,857,12,0.066226041414556,0.055298996241825105
20250613,146,38,847,5,0.047505830731316284,0.05062963862567243
20250202,99,49,193,17,0.054005624799490365,0.08702072810551645
20171003,204,16,466,17,0.10099682671572593,0.06789608288322783
20221226,81,22,806,19,0.03714163901470216,0.08879390543946752
20250404,410,45,864,6,0.02765164991084491,0.12550442225404085
20240906,483,39,660,7,0.06971327739026874,0.11476844578331984
20151019,356,43,62,5,0.037668696614015965,0.13311689041608726
20170818,36,39,684,7,0.020527967080002034,0.09571720320515978
20190319,442,37,764,2,0.10990594716661474,0.12098528305348953
20190717,235,3,153,18,0.11497754908147172,0.13444195683081814
20200820,260,10,960,1,0.07198272800994907,0.12526093478542016
20191222,185,46,297,6,0.06142060151407752,0.05366907459612133
20170426,180,40,252,1,0.03355656593919126,0.08514775003846249
20220419,280,23,308,13,0.06907003630983188,0.09639294190804935
20220128,320,33,927,20,0.07660235171865394,0.0805077835941394
20161212,475,39,241,2,0.11174746858971622,0.13051192268452183
20200403,152,15,634,4,0.0963852392425994,0.14679418614462547
20201101,68,20,524,14,0.08894813024229743,0.10734783550075377
20181113,462,24,17,4,0.12024827641697633,0.13913113896587415
20240324,35,40,561,2,0.12175771226559116,0.08785206564918958
20191125,70,8,999,3,0.13415880270506877,0.05996272805382076
20151206,495,9,613,12,0.08601623174009489,0.06601905521239686
20190925,153,29,619,8,0.08184501608462116,0.13774887579538386
20170124,361,29,269,14,0.13818472245720526,0.10018013962407395
20191228,481,45,281,1,0.09362490671724018,0.05116460158348657
20181008,348,34,457,2,0.06408970400119036,0.14372149129868783
20160728,141,38,868,12,0.13537990697122157,0.06518279357441507
20191202,17,28,887,19,0.029961114216066335,0.12421447396856838
20150430,105,7,217,13,0.13145438265068296,0.11376960724797652
20200914,470,20,5,3,0.0511008801215473,0.13502848035972165
20180726,432,21,567,6,0.10000162396145455,0.10261753086737745
20221024,257,18,489,18,0.10209398267843423,0.1291292886084671
20220531,45,25,310,12,0.026966301596384974,0.06218024600787828
20200218,255,20,707,12,0.07565592096901512,0.1484801056312101
20181001,208,39,199,12,0.07854903589687653,0.07238333696667185
20220712,141,15,809,17,0.12225185615839654,0.1381121519339638
20241030,361,25,620,12,0.1309707190038963,0.11870668844483942
20180409,93,26,415,5,0.03058373750046551,0.1284365354011126
20220731,361,18,297,2,0.1044331888573165,0.08524306522458369
20150909,160,24,835,17,0.08305780018934938,0.0832855137962881
20190312,168,17,126,1,0.11207188770401563,0.05829051122376675
20221207,470,38,981,12,0.051284923244711705,0.1143016826488077
20170806,447,36,561,2,0.1190151178230966,0.08865267662350793
20200903,398,6,36,13,0.12145764065746,0.12358447407321634
20231207,336,25,210,6,0.14427667643745,0.09255909769548086
20210224,151,25,800,9,0.07091896968436616,0.14825689297240455
20170530,109,34,606,4,0.046517068302203944,0.10447517452837912
20210528,125,49,433,2,0.043844604323883665,0.12788850701323765
20200704,149,42,348,20,0.147086404406634,0.051978209634776285
20230517,407,37,281,19,0.02206733816532378,0.09692585074136965
20171207,240,18,771,1,0.06174832853826165,0.08726941875725858
20240507,32,12,668,6,0.04899970807117648,0.05046084301294958
20210625,23,33,854,2,0.1442919809007377,0.06739287247401152
20240111,3,4,566,2,0.06542105712341552,0.11218970271976068
20220922,81,2,631,12,0.09275388577713702,0.14326262744467066
20230401,353,43,268,9,0.08816923286962738,0.1273283036400958
20200906,166,26,609,7,0.14984133849491893,0.06414406663624081
20240410,154,29,213,18,0.034599544355611224,0.11099536415458555
20150815,226,35,319,18,0.1491550268800701,0.10770798265419189
20240404,216,18,575,3,0.10984250892109244,0.09090094026361731
20231211,173,29,875,14,0.1391616886451997,0.05675817635581825
20180916,455,6,963,7,0.11741395908605132,0.14006551701439288
20210227,26,46,337,3,0.05066932438213661,0.08711914994290212
20200227,135,1,438,19,0.07738244963662329,0.06501349985026121
20190105,422,15,59,6,0.04693907033639998,0.11696044502626268
20180415,424,4,432,8,0.07496440700498631,0.123428473715891
20201024,8,12,464,18,0.0567153596075472,0.12416020650952686
20240828,91,49,396,9,0.022909632429663363,0.14541573027690732
20170731,201,29,38,12,0.062062519575140515,0.1312905323186424
20210120,363,40,679,7,0.14943585589216965,0.13718599141188653
20161002,353,18,885,14,0.0760799710203272,0.09264539251099851
20150801,393,12,310,2,0.026199495622508243,0.07884442055108284
20161211,313,38,31,10,0.07854532514244471,0.09943054339156157
20201113,338,43,34,8,0.14461824184004743,0.0681744876665552
20241126,61,34,398,17,0.09424816924431328,0.06452535544396333
20150504,390,33,923,19,0.13845961503804477,0.14809330797755532
20200604,187,39,876,5,0.051391307876026665,0.11376351956478956
20150715,245,33,315,10,0.053966150624006906,0.10496487817103527
20240131,198,25,800,4,0.09503260393147796,0.057037682903292954
20190926,497,18,417,5,0.14411290837379845,0.10847404693345772
20181229,405,21,9,2,0.07242018375136547,0.06265390585028482
20200422,375,46,123,8,0.0402654734662314,0.10936825937856959
20250515,91,41,964,2,0.0967694303664426,0.1125602839752394
20150102,4,1,752,16,0.11675547899051446,0.08272255301728612
20240904,407,36,477,20,0.10775776437643281,0.11351849854845444
20220217,373,40,958,6,0.06236232677593387,0.11716457284292003
20220827,273,30,808,18,0.07343118430261293,0.07210816356041193
20250811,272,18,597,20,0.04375842371171085,0.0898349902109901
20161004,6,26,897,1,0.12294043830558421,0.1332522433869036
20220820,42,37,748,1,0.07176683879425892,0.13144830408117586
20240726,258,39,62,20,0.09923081683318509,0.14781561870735072
20230906,256,2,218,15,0.07726695817281583,0.14924759585770864
20210819,309,18,412,2,0.09982460521283523,0.112571133603874
20190222,284,18,794,14,0.026791268671772773,0.12088814855007107
20180401,238,24,870,17,0.07976690293432136,0.1306506315581878
20171109,144,19,972,7,0.06163105911664721,0.0660580942586421
20180602,263,44,127,15,0.0748528150116683,0.07882432894889993
20181215,181,5,213,16,0.13522520877827673,0.09503402930594239
20250601,485,8,955,10,0.06830711401378665,0.060677892915834954
20180812,345,36,795,10,0.024689804329907136,0.05450663938607673
20241206,94,32,683,5,0.12061691128411177,0.05572180653747007
20190522,308,35,568,7,0.05023030976293735,0.11033915777816575
20180506,252,35,413,1,0.12905770123881954,0.05148355928689487
20200908,304,46,201,14,0.04489249331581574,0.0581789019384941
20190822,287,31,949,1,0.08494950882298483,0.13074686954389358
20150419,345,1,985,17,0.108338418699655,0.08832194143865164
20161110,102,17,370,19,0.020546715774838076,0.1365099338996787
20150115,298,18,242,6,0.14213340357470863,0.0589453808398549
20240924,131,46,796,20,0.08740744047110298,0.0948053064413878
20250419,25,4,543,3,0.13489862791312324,0.1454258396531341
20150629,215,11,774,7,0.08527482622542074,0.07823704119093713
20220826,475,46,550,18,0.029319201899714785,0.07440021579346892
20150703,299,35,725,17,0.09075183621816135,0.12892319873660235
20210314,247,16,632,8,0.10913784659511083,0.05898844349188023
20250206,29,27,799,17,0.03000964273376644,0.14383861748774585
20250409,201,10,699,1,0.10374481414884991,0.08072145060984062
20200424,154,9,633,19,0.05556663604059252,0.07370214279862099
20250204,131,36,64,14,0.044722358633935935,0.05271327352671654
20190323,132,24,293,13,0.07211164145505251,0.13728386443489587
20211107,427,41,461,20,0.026890803096511866,0.08826522393558268
20180115,272,24,456,4,0.11309771738148021,0.06476891261157565
20190121,329,28,496,16,0.1401937153783598,0.13179286153022912
20211203,350,33,580,20,0.11629623948495092,0.12722053920925264
20220722,53,3,753,7,0.055847746941056306,0.0780509979764065
20191109,477,28,649,7,0.04496453151149719,0.11947684606099392
20250327,144,18,1,11,0.07702654476916583,0.12246658823274262
20250802,87,2,488,2,0.06775856150960446,0.1380582101599589
20181007,109,9,167,1,0.08099026728330673,0.10473424551780003
20220328,420,44,152,8,0.11027287792084609,0.1449699116364088
20210328,292,15,207,3,0.1421616898922705,0.13562911476585293
20240421,311,11,179,9,0.14646331774793436,0.05692055299644425
20240412,298,16,630,15,0.061653158144289205,0.11313341725951608
20171009,206,33,268,2,0.0410483278394584,0.12806861125805857
20171226,384,31,529,5,0.05201345287639991,0.08859551310398948
20231015,453,22,665,9,0.10517185328959251,0.10595496764527415
20170711,161,5,787,18,0.031364228766985844,0.08250879821037474
20200710,220,39,979,14,0.14680792027220171,0.10405277246566817
20190906,478,46,55,17,0.10837887665803489,0.05564333526686534
20240226,303,19,644,14,0.14995278665638184,0.117067858865215
20210306,385,35,967,5,0.07511805269497361,0.128067985705707
20250626,431,29,863,19,0.13975613003709045,0.06552612169585355
20210401,497,34,221,8,0.10018727699764407,0.08113579378293691
20221116,75,43,6,6,0.057191738923510385,0.1055352635809123
20190702,88,5,927,17,0.07053396026806358,0.09826877899227554
20221126,163,26,881,12,0.04196860189068077,0.13100618374207362
20201219,499,49,787,11,0.11151274522444658,0.07286744959809485
20180411,102,9,630,4,0.03169886534530497,0.11263702397887701
20160526,66,18,853,1,0.13648762181337085,0.06540239564885296
20190423,377,49,343,10,0.024825140864850354,0.10540977791532607
20240927,414,41,730,20,0.028647207085253965,0.12190501304981495
20170506,216,2,85,4,0.08689127674622502,0.12368869510122882
20191202,107,21,792,1,0.0920740052636381,0.05454498244303538
20240226,5,42,435,16,0.03924753987425367,0.06352490769301554
20240322,468,26,816,8,0.08665789388269561,0.10365732487069784
20180918,168,7,747,8,0.0638549442571222,0.14326573530491232
20190124,452,28,557,19,0.06690568125522112,0.06531261118922764
20210128,53,17,263,1,0.07233092913990732,0.07501860373153371
20151223,222,40,42,1,0.1006719481795485,0.10320328805961318
20151205,30,38,777,1,0.06958459263541734,0.08758260450118835
20150219,241,31,515,3,0.12222476411029694,0.07503014222242127
20160817,17,4,720,11,0.0962886613566371,0.0689249876982165
20161009,379,8,463,20,0.08803287803936104,0.133825474795972
20211125,14,16,814,13,0.07282833868735214,0.13128225774291613
20190712,434,40,675,10,0.04036079517932535,0.07850786527283087
20200823,353,6,882,1,0.08314298766085461,0.11709390620505704
20200425,367,11,440,6,0.13702182434318508,0.146089585949771
20160422,450,15,453,14,0.14487926782042193,0.14194475569700205
20250909,295,19,444,6,0.05793046640940841,0.10430407248483257
20240611,480,24,509,8,0.03915239161121925,0.14502506422669598
20230517,291,34,494,1,0.07068100548787734,0.061228384698998266
20170310,258,45,435,14,0.062008784722875354,0.09217066783037037
20240319,499,30,861,15,0.07848271389992102,0.07359274690723962
20180301,423,1,291,13,0.04890092808635355,0.11814613434509487
20230301,167,3,841,16,0.03499854470058641,0.0799713870841272
20171114,457,36,109,5,0.03622676119865192,0.14121107922014192
20160831,233,21,968,4,0.06978715894535062,0.11988471950118325
20171210,324,18,829,15,0.1408065335907759,0.11607139895171266
20200217,459,13,31,2,0.05831231231160175,0.12302279453968011
20181013,432,7,204,7,0.11506668058192183,0.10750552896243284
20180613,190,5,875,18,0.13921318893152504,0.11322295329379246
20200821,204,22,804,6,0.021951318388254485,0.12335255391855611
20210109,438,39,543,6,0.10325340915436083,0.11029527804405642
20250707,303,1,263,18,0.06296157658027886,0.11938248703153477
20240316,319,16,334,4,0.024306679000565108,0.07981176420937201
20170914,442,43,192,8,0.11784055885186534,0.07515094887800536
20210520,265,16,635,9,0.0997096370371244,0.07581191199992436
20160801,64,35,53,3,0.026633813065980796,0.13365390201776162
20210314,112,32,543,16,0.049004609272798275,0.1384173800602728
20250625,289,40,116,8,0.117538636654906,0.11579483209602477
20230320,196,31,536,5,0.08172667898031157,0.08384635689682707
20220806,57,2,117,13,0.034633430787010276,0.10864844586846947
20251201,470,40,386,15,0.06491122242370581,0.1455294041352681
20201123,316,28,266,6,0.020852022494995136,0.0530018589807021
20250902,352,43,280,14,0.14064693254445862,0.06319056989707994
20180724,316,29,969,14,0.04784146383672448,0.14663746927145332
20250709,42,37,517,17,0.07113824846596614,0.07987376428580856
20210115,366,14,495,20,0.13487848281042628,0.10977055166852662
20231206,75,36,668,16,0.07392686401683103,0.12521350297677886
20210505,365,7,610,18,0.14509539690992118,0.14478023370407647
20180830,256,19,778,12,0.05055321422825741,0.0958815177051223
20170111,358,30,82,7,0.10467537842432166,0.07634269615029024
20220908,210,10,598,4,0.04219110962525322,0.12552332351226692
20180507,130,45,636,5,0.13225463338779517,0.0616794623104324
20200210,65,47,349,6,0.1499011732846279,0.07385669664652283
20161106,114,20,824,14,0.13067330253914874,0.11876431827112925
20171213,462,33,789,12,0.05643083443745943,0.1284059814776339
20160205,142,25,190,14,0.039190007471950325,0.06490023066304465
20181115,292,23,546,10,0.0436393808642275,0.09652416100057293
20210819,461,32,514,3,0.06487744271827502,0.09416289036931796
20150722,161,48,659,2,0.11608502509395673,0.13924193166872573
20171102,45,43,571,7,0.10356732522050333,0.07030646252222311
20200609,255,26,497,12,0.09301709880525266,0.07030355164487699
20151007,470,39,741,5,0.032330928345007406,0.12744646667520348
20251207,216,47,7,7,0.13662472080224974,0.12441223645850961
20200522,447,14,163,4,0.07350974060027035,0.1050325077899868
20201227,135,16,23,4,0.1314608087271235,0.08302881288833217
20211129,364,45,425,9,0.03889742920177866,0.14190099692832228
20250204,473,22,492,1,0.07124674824957676,0.056498276712869194
20210323,173,13,43,2,0.1298939492215993,0.1346032155104443
20210722,115,9,280,12,0.08747916848998406,0.1391459352456288
20251005,340,32,747,3,0.14090535748853714,0.13036487413353381
20170728,190,7,184,17,0.11730587626662853,0.07833706090453463
20230226,397,9,26,8,0.12421269265204578,0.05406889635049085
20211221,440,20,359,17,0.03181985123802879,0.12242344503049989
20251202,485,26,629,16,0.02872222387207549,0.05892273528915625
20230721,414,30,171,14,0.0692078191535838,0.087176157572067
20180327,14,8,486,18,0.12420353917996409,0.10187934169641219
20190124,83,48,311,1,0.0547723538249259,0.06083762439445666
20210916,349,30,135,2,0.08579704701787078,0.10016131140254592
20180421,426,17,872,2,0.06859374825693285,0.061814782884622436
20200207,179,31,370,6,0.13605350250978748,0.14578832728726365
20161230,254,13,668,12,0.029551777933363124,0.14198939310504893
20230307,298,6,759,11,0.08659954342604889,0.11000390352941919
20220623,390,43,492,5,0.038053758873163326,0.10637416490568513
20220916,487,39,851,5,0.13632136922618812,0.1006155659631349
20250628,153,23,273,3,0.06503806128856811,0.13659869027927252
20221108,115,47,866,17,0.0760487762979415,0.1328397623396877
20221103,311,32,662,10,0.1480752401650122,0.10838468782809593
20220604,268,19,730,5,0.1312551922433729,0.11785123728627903
20160101,59,9,789,17,0.09593489761717587,0.14419433188017564
20160314,316,33,335,17,0.07574685901519594,0.05599357791975121
20221023,235,1,310,11,0.03557323997187091,0.08266024605204123
20230912,33,1,660,6,0.04800162052564531,0.09152441888561819
20220601,38,42,905,16,0.04233930887775094,0.05009043902141669
20220523,94,17,76,20,0.04061120957967171,0.06876746591247031
20180821,214,2,875,3,0.05608310295922908,0.14707225401803498
20240831,201,18,688,3,0.08104133307718549,0.1231537085410246
20230203,175,26,164,2,0.03814326617561051,0.14309404592318561
20180418,4,11,220,14,0.13732056373550525,0.11229243401214767
20210618,94,21,752,16,0.030815161168466613,0.13929086445877423
20191016,96,16,164,13,0.06378988931862112,0.1376064896565147
20241129,298,34,692,8,0.07028005059526106,0.13802678190565915
20200825,135,43,899,5,0.12782502480730387,0.09974871370499044
20231003,450,43,385,12,0.09405265532880784,0.08385041525090345
20170912,353,34,796,10,0.04796148883441345,0.11015563813902023
20250824,423,15,677,8,0.14020451407240725,0.13803493191484417
20150211,294,36,979,18,0.1350686093351363,0.13645504832029642
20160727,333,20,883,6,0.14457873832346232,0.13112497169807077
20160910,184,11,714,11,0.10710539608036239,0.0694715791613316
20181120,19,43,968,8,0.0369568391614186,0.10815066209761309
20170414,334,43,530,7,0.0485130668990891,0.0576538051335721
20150825,365,48,227,16,0.1105288958447215,0.1497351381348842
20180812,120,29,10,2,0.03697304815178864,0.14094140810055122
20230418,296,47,648,9,0.14307073793705033,0.08447080351914087
20180420,158,7,769,12,0.1299031132626162,0.1061032600206896
20250226,124,37,955,10,0.054136578467506316,0.11658395293338646
20191029,429,44,513,12,0.1380232508281427,0.11185699922674947
20231001,46,42,19,6,0.08517680829670778,0.11193875876197201
20220217,69,42,505,1,0.14754919225749427,0.07274944462275555
20221105,263,50,557,4,0.02510630627678669,0.07248582652259834
20151121,127,39,566,11,0.06163232415337393,0.07410936469599869
20250922,230,42,904,19,0.12061658921117441,0.05564219517299725
20210902,6,42,41,15,0.06897129833820348,0.11636329473097347
20220405,337,26,148,19,0.0936648856326812,0.09908772154813855
20160905,226,31,267,4,0.14866475505094676,0.05001758323085859
20220827,457,37,754,16,0.0573951823203242,0.08810694635930301
20180131,236,4,442,6,0.023988455717752443,0.07905509003607421
20211222,91,19,646,16,0.10304536157710664,0.0785919894386536
20250419,307,16,921,19,0.1101110382950182,0.1017725537770886
20220917,189,16,265,8,0.06421471554188175,0.12772446641396334
20200308,268,15,175,2,0.03419342777216915,0.11292533175623358
20230826,173,4,735,12,0.05407407366445299,0.05543766807325761
20180308,30,45,581,18,0.1375160580102934,0.11138005870191695
20241117,3,36,254,17,0.1442007152691172,0.11284777281228657
20150216,464,35,645,14,0.08916537639884588,0.12304908157707616
20210825,229,42,764,14,0.029505650743856436,0.14010922907710915
20230212,326,36,705,14,0.03859231772912032,0.10110819890635714
20190527,396,30,196,8,0.147444249491709,0.08241986132272794
20160311,86,32,949,14,0.06355259317542383,0.10643630276732695
20240911,229,14,408,20,0.13699664151748384,0.0806834588758195
20230228,253,28,353,17,0.13585144820036946,0.09490308150110482
20230818,50,16,571,1,0.13289114281766612,0.08636272403691196
20201016,110,1,644,13,0.0597576904246712,0.14542600174178183
20220109,406,25,310,15,0.05442010994474061,0.053794801882809266
20150617,176,17,124,18,0.12910598000228662,0.10777743775329422
20200722,456,17,414,9,0.1280744035849826,0.06737957917606377
20230122,83,49,557,4,0.08158402307242638,0.13998050569827714
20230901,11,25,489,5,0.12035920212010744,0.07346423995011005
20240703,483,36,817,2,0.11559816577063436,0.11665114806810906
20250430,284,19,5,20,0.09551189689109069,0.13376156103967568
20220512,2,6,590,4,0.03552702349800803,0.13836517068169224
20251124,488,9,709,13,0.14238613066233824,0.06598857201219413
20211101,303,17,613,5,0.10388161990306655,0.10095513871417344
20180721,201,41,858,16,0.09048668889471666,0.08145763257828814
20240305,189,22,82,19,0.08324405825291573,0.10384774468312039
20191028,472,20,568,1,0.07617194978877488,0.051888466522619074
20190221,424,34,763,5,0.13254849881960903,0.10080450446454914
20210910,127,25,143,19,0.02034878569945067,0.08631500327184115
20240622,405,24,325,13,0.09336403458579466,0.07909991785860572
20200424,143,39,694,3,0.031668947621159786,0.08824472371927797
20240718,478,15,413,5,0.09152200004926912,0.12858093662054143
20220907,19,39,117,10,0.08262485963478708,0.09377919002694102
20170921,374,32,21,1,0.047105144276691234,0.059001564468635595
20240927,132,6,119,17,0.13415576812065028,0.1450801422945726
20211029,273,28,834,3,0.09105977274010994,0.14823767856863318
20160226,146,43,38,18,0.034570783125392024,0.07066502713989982
20200325,316,33,687,11,0.028748186158758855,0.07864236856730412
20231108,207,50,863,20,0.10622491537581479,0.12819141204515178
20181221,420,15,433,15,0.08450200004225841,0.051122910838200676
20151113,130,37,568,13,0.04951866368061478,0.05220215248564425
20150201,347,11,621,12,0.08460237342705375,0.07337323772288283
20180510,376,45,991,8,0.12419242002797151,0.0730700286701532
20250905,74,43,368,3,0.0971564048551588,0.0832330518688064
20200607,306,41,573,17,0.024876615670694144,0.13662177668649833
20190516,74,6,869,5,0.0320036344831089,0.09068783098261421
20171008,213,30,274,10,0.04774794097116159,0.10556404401991264
20230419,382,3,442,4,0.0217152712232764,0.07179807941303391
20160322,218,11,28,7,0.10749247309999807,0.06929531684384847
20250908,499,8,891,4,0.1362206572676436,0.09422765762305427
20170415,51,7,862,11,0.03852498385455595,0.1074288948482792
20241109,392,24,23,1,0.09154227707907911,0.08160522049150955
20210924,348,24,771,15,0.1383314062741585,0.06364496469981525
20220614,179,28,401,20,0.026778343019107996,0.13381339394689762
20160821,489,13,644,17,0.07462699571871062,0.1174461873420199
20161226,112,32,110,6,0.04796392384320107,0.06596307893122275
20160318,295,4,169,19,0.13325812919468855,0.09850853852503481
20241023,449,12,355,20,0.051044633699680125,0.06292623401071509
20200724,457,33,232,5,0.11677059102934302,0.12879905787147855
20210912,102,9,516,10,0.028365205436980297,0.10174205420910115
20170603,13,3,743,11,0.11748086004200571,0.09972456269159284
20220918,489,3,314,1,0.061863242610527946,0.0788935712563468
20191101,216,50,4,11,0.0727801756308979,0.09156632760566043
20180508,185,36,53,20,0.022814606008510034,0.12322763587625887
20220514,42,15,460,8,0.1464758959133825,0.12918294675565176
20220402,490,35,946,6,0.10298837355110019,0.1440384662484632
20210709,23,33,717,20,0.048624918732232805,0.11469736959867005
20210711,487,12,193,16,0.06457892006354024,0.1159246473255072
20250428,423,50,875,2,0.02748109466888523,0.05626175274618092
20230410,82,6,961,8,0.05351957453866826,0.083829147960884
20170320,40,4,857,11,0.06931438832795994,0.09416840815272363
20231106,433,19,218,4,0.05855633445826973,0.06052504898073601
20180919,308,38,550,1,0.11193198336293479,0.07988023440071719
20210618,342,7,657,19,0.05985759834310318,0.148016721858686
20170806,500,26,77,4,0.13206191326267697,0.09338010158829867
20250721,123,26,922,8,0.12406561647317915,0.13046882479597205
20150428,267,48,212,6,0.11946950803021959,0.06477139916381378
20190807,457,37,267,6,0.065767109967578,0.06792147959970557
20160611,291,26,742,13,0.06704698937018348,0.10861468153251985
20210620,16,24,607,5,0.1494893408293582,0.1418667295155634
20160703,393,49,589,5,0.13481428725251743,0.11719876127745692
20221130,238,39,622,9,0.053144920312106145,0.1391290511238018
20231105,87,43,501,4,0.07095151173868584,0.12109698232564882
20200616,98,1,401,9,0.026665020298586688,0.14965185521767455
20240709,174,30,92,7,0.12076103491983224,0.060396269838674216
20171006,193,28,597,15,0.08503374642267336,0.05768088460288489
20151112,186,10,194,12,0.06286409017425401,0.12510265676152982
20180716,238,39,392,16,0.04098280410069942,0.11491107330475105
20230106,208,13,888,18,0.06182809300438545,0.08982441827401395
20251014,133,19,40,4,0.11496438045848002,0.14159676533746038
20181226,475,26,27,12,0.06980988524065994,0.054039700976591
20190415,218,49,287,18,0.1326810151315694,0.06891298047942107
20180825,473,44,668,6,0.026465525049615163,0.056505773670688236
20220313,450,12,226,6,0.11828674514444071,0.12280509154222351
20180830,190,24,963,19,0.13572437132933862,0.11647372349621969
20231116,114,14,600,6,0.12016836038464904,0.0756544644482245
20250308,144,3,854,18,0.12718260181232569,0.12996067553784874
20191116,462,17,202,16,0.07657513474480894,0.1021282679896181
20180126,342,27,533,8,0.12099578331576341,0.07716463773866415
20180213,495,13,981,4,0.10883192455863641,0.0542057698621496
20230713,33,45,137,7,0.1426029577895645,0.0764089737210406
20160711,482,25,27,11,0.1214733676322114,0.08174728952043896
20160401,176,14,935,11,0.0692786640117086,0.12545027746044557
20150629,81,31,481,12,0.05943404793190629,0.07188281867362187
20160128,313,1,855,19,0.11298304580777978,0.1306092990464876
20160116,368,37,712,7,0.09813155223420508,0.12193488059554046
20181222,212,33,434,1,0.060602291401250716,0.08954537786263334
20200510,80,37,408,1,0.038857612432484756,0.12132483103522215
20250103,239,31,957,14,0.05763642526989267,0.12044293651107271
20171022,297,33,731,12,0.026174536272273594,0.1029847911230308
20220601,141,12,74,8,0.07226066734448601,0.12447538689965366
20200309,460,49,539,16,0.049264272043263765,0.13617527074841373
20150805,423,17,509,4,0.04581389649720112,0.10578741007213215
20221213,323,37,629,5,0.06759872130006919,0.09062474335838087
20160413,427,42,385,17,0.08539021395355738,0.060684115996501656
20191030,116,31,645,5,0.03690340316851026,0.14200907089802178
20150616,313,6,3,10,0.0596832067268753,0.0793644415149036
20211018,46,37,563,6,0.043225332666801904,0.14587255919427733
20151205,56,2,616,3,0.05984345792896806,0.08503939714778283
20200206,315,44,800,9,0.09803417417801531,0.07126894167536484
20200313,479,44,148,16,0.1465187474556726,0.14583965515969197
20241126,37,29,202,14,0.03110474457453393,0.11360746552793491
20221118,62,46,6,11,0.12701159487427888,0.058919419561030396
20160913,289,16,640,5,0.052899255054029676,0.0718433189136822
20231210,102,14,87,7,0.09512031000462207,0.12298467705702498
20221225,411,45,162,18,0.08431360398621895,0.10892105597334682
20190218,208,29,794,16,0.03227082292364715,0.12370695539181659
20170902,424,9,755,11,0.13384990815845993,0.08787721142906199
20230703,169,45,430,5,0.06356022922107762,0.11370814816026845
20241003,281,16,674,3,0.1232794829437152,0.06913438469739283
20240322,319,29,298,14,0.03791383035336618,0.06839438969958393
20170529,281,28,671,7,0.047796042349563014,0.09187812737096657
20230523,354,1,993,6,0.08482971828143313,0.06722675743953604
20161016,375,4,478,14,0.055190200233123876,0.1450636738188663
20230909,189,41,929,1,0.050345867339635794,0.14581495838095257
20160924,58,9,742,2,0.12334880314856474,0.08718430407106093
20160518,184,40,107,3,0.12721721632898744,0.14081922797836638
20170812,138,31,963,12,0.13365162721986953,0.07823164417979289
20190428,346,34,199,12,0.05090247702660393,0.05087667622858169
20200708,21,13,224,19,0.07969532419913748,0.09130267410121841
20220320,363,6,511,16,0.03765483971980019,0.09634615577481898
20150307,205,25,431,13,0.14563586368068254,0.08467052938511323
20240325,178,24,874,16,0.07916172910281485,0.08036072481860541
20170920,255,12,294,20,0.13488824390825088,0.12816489890681113
20171203,66,12,633,10,0.046117284939950404,0.1329969616686424
20150730,359,3,489,7,0.04313484997342937,0.05016160374325612
20220808,219,17,970,11,0.1074985861693391,0.14636350734548165
20250325,270,13,767,16,0.10430252779453154,0.07105639287884537
20210209,347,35,358,11,0.09997708378469414,0.08115584240755731
20240513,222,28,620,13,0.1423583217418972,0.11254654850525787
20170515,315,46,864,5,0.05780221856472756,0.10076011335725873
20251026,51,15,105,2,0.14736797668929733,0.07272656248770036
20190105,463,18,535,19,0.050727052307165246,0.08628895097950867
20230816,154,38,77,2,0.12048716096187015,0.11711913772583545
20210807,384,36,852,4,0.080095562816527,0.11076129544874103
20250828,205,34,114,3,0.05633810330776201,0.12264240058741202
20190416,110,41,824,9,0.08556481097599089,0.13278456040012032
20221012,263,23,200,11,0.028003225072533694,0.1415077907563092
20200319,75,31,524,16,0.13085011108748654,0.09846303937934836
20230912,329,37,763,2,0.029248236339145535,0.08343650941169137
20210716,376,30,338,9,0.13332125617219928,0.0868525204298555
20200808,124,17,394,1,0.03664929984262366,0.11639714993080076
20150625,485,41,545,17,0.1033897106615479,0.10889958651378542
20230617,492,20,171,14,0.1411704869087493,0.08087652808297269
20180408,352,20,713,12,0.14524488431570887,0.10454851359546134
20220629,378,29,768,14,0.03660361474869479,0.13307444949015748
20190908,67,33,664,9,0.030799575695536527,0.1490357056957749
20200529,342,3,393,20,0.14342286951178185,0.0621320794071774
20171222,375,45,474,20,0.14964909812664148,0.09029870418846425
20250913,216,7,211,4,0.05434252188632617,0.0618556516907795
20150218,350,48,739,10,0.09807337699689979,0.14060417220533816
20181110,129,22,957,7,0.08482173144836813,0.06214856183048705
20201214,326,47,713,20,0.09195856313787279,0.09305866936693255
20150914,470,11,860,4,0.10300975330658989,0.08997100645272142
20200107,270,44,702,12,0.07493734838694929,0.10486352263654151
20250105,116,6,813,15,0.11253538951347632,0.08457604459496335
20201105,340,3,561,2,0.10277389379835558,0.060473202351559355
20170713,31,33,811,9,0.11484079515321545,0.11351593096928943
20181031,238,33,96,3,0.12663221195903804,0.08620638265745104
20171117,339,9,225,10,0.025879230751546106,0.1422197820718103
20240111,435,40,715,19,0.14224535744627353,0.13711501039779794
20181206,393,22,803,18,0.06846772774502152,0.13604196317443012
20220123,482,13,496,13,0.021701686402597415,0.13065444665482123
20150126,32,32,842,1,0.028728154183238,0.05479503955489117
20190226,414,14,351,20,0.0776214758345169,0.14133925323209956
20240620,56,4,396,4,0.12928102915867845,0.09881036699562973
20181220,3,47,135,17,0.1306905142358003,0.09248545369170585
20191213,250,7,20,19,0.0707148489266611,0.13103219127463006
20201112,376,8,533,16,0.036026844718482894,0.06622950339957154
20210525,329,40,593,18,0.05181956094150873,0.14833659859776938
20160401,135,9,787,16,0.02064102968061104,0.12178461459707297
20220125,178,29,850,16,0.030235107440195596,0.13805051595186602
20241106,8,19,33,16,0.04292966949260434,0.13193712314649098
20200725,200,11,262,4,0.11779422127997789,0.08254119197481595
20190707,185,30,996,15,0.12772637516909222,0.12654141154715298
20220417,340,6,324,15,0.09977865638587811,0.07103689119475858
20170802,52,10,133,12,0.09505547925789883,0.1276955683250316
20190923,420,38,109,14,0.14487607000545707,0.14765929368511443
20211207,456,43,199,11,0.10618049291817473,0.13755754683099894
20201104,357,18,144,3,0.06757330688937013,0.10226365303070993
20240715,16,49,253,20,0.030609579973029905,0.13028464398894357
20151001,486,44,899,17,0.12363356580497259,0.052138127782488664
20250325,315,43,299,3,0.03724823097460089,0.0982272967260246
20200406,152,45,547,5,0.03340450679319552,0.10967939035797417
20230304,225,50,602,20,0.08549530656862324,0.0873219105550713
20241031,469,27,79,18,0.12159066420476076,0.10926625944242849
20210919,175,38,435,15,0.0841439161672874,0.14512463456504998
20220905,103,5,119,6,0.13588377462787776,0.14354383888890826
20240922,238,1,765,6,0.04566041877600309,0.14068980867840272
20241217,449,44,937,19,0.055112238973851896,0.13039998686222448
20211111,466,24,680,16,0.1223242236852415,0.11987474566655663
20250202,466,9,412,5,0.06782293444894963,0.14224974513796185
20201221,281,9,958,4,0.023636517749055917,0.062470152379973325
20160930,68,9,342,20,0.07990918167144398,0.1384950804483001
20191112,334,36,702,13,0.10954336730391284,0.12841697764987509
20211219,257,26,547,1,0.14135756798895285,0.1441109312961522
20210504,61,5,9,2,0.07925813086008182,0.10053092934041141
20251106,376,13,783,3,0.13626483269541956,0.056449664203498284
20230730,19,25,436,8,0.07923118876728948,0.1309908828202847
20160708,278,35,711,12,0.11419916589817962,0.10423248338951197
20200511,447,26,604,6,0.02196454529526457,0.11900046688290632
20170901,118,32,950,16,0.049889424003022695,0.09018217034344059
20230331,460,2,780,4,0.06976484948372089,0.1123354780850562
20160929,144,7,961,17,0.07103129997089448,0.11755415382278318
20190412,53,36,834,10,0.041003576122520556,0.1255888525190379
20180118,181,10,450,7,0.06868937773756412,0.11971339716429316
20250308,410,30,82,1,0.14965242081168423,0.08560057093084951
20181125,128,7,159,9,0.14992534133211768,0.11908709224396846
20190413,217,10,196,6,0.0948498798594216,0.0781612439290975
20160702,451,22,146,16,0.029312762532724867,0.14475450107397458
20190209,57,41,268,13,0.14531843827354013,0.07793613675452989
20160904,150,15,279,2,0.0441726886796066,0.13044091661323648
20180807,33,11,920,5,0.12714053353459007,0.14194671780435963
20230421,52,3,763,3,0.1000666094090914,0.1051110798721959
20231025,265,11,966,12,0.13250857365190227,0.14854771630128355
20220708,445,2,816,18,0.0616651328370543,0.11406343961528888
20200119,254,36,949,14,0.0903171260995094,0.097969241444324
20200313,495,14,992,6,0.062264897138085404,0.09299554715296547
20190514,486,4,33,5,0.1456874475947207,0.0721944361550167
20190802,86,49,574,15,0.06138944623970044,0.09679448782389741
20161020,101,29,75,3,0.10588877633794609,0.11580174983288084
20160813,129,45,387,11,0.14906003979976915,0.1468539028381885
20220124,370,35,532,14,0.05290680514875727,0.08944939336797054
20200720,293,23,72,19,0.13627104130963233,0.13205642037689874
20190606,220,1,926,19,0.0907042141298393,0.10683366111368034
20181204,456,42,226,3,0.09993878395727568,0.1386235635816459
20190727,482,28,17,14,0.04749577452434011,0.08375412346143417
20210630,457,29,639,9,0.11190254163797805,0.14392979481625207
20151108,188,44,45,7,0.035168252940619885,0.05887294261049263
20160616,39,37,139,14,0.030300682014936558,0.05455992011744129
20250513,463,37,236,18,0.0754632736225259,0.09152225112667138
20170329,94,45,463,13,0.09831640799721082,0.05724087996573706
20201126,328,23,389,2,0.05393629454443541,0.13153067908835275
20170519,174,48,998,15,0.12137436203862036,0.06375961194535908
20170408,467,10,981,19,0.02595347052450641,0.06637078964350493
20241128,385,46,125,12,0.09596125974466871,0.07384014010281126
20250601,423,30,63,19,0.04727523748963067,0.10914838037012331
20250104,251,33,778,18,0.056816574510589926,0.09447105035649875
20210727,204,25,152,16,0.03705975490913266,0.12801412667306644
20230505,284,44,423,15,0.06940422550173865,0.12911813748320244
20210331,66,25,905,17,0.13655095209203227,0.12026528536083594
20230316,109,14,532,14,0.10111531317992695,0.10651585880183195
20150524,288,41,428,7,0.06425360643495957,0.10786354077800875
20240921,415,34,26,4,0.10654109599506065,0.06074925093328825
20200520,82,2,266,14,0.04646512751742025,0.08461501342277367
20230319,213,39,994,18,0.04409813197195257,0.10188531767661801
20160219,180,37,192,4,0.07845214558058403,0.06527059958383816
20150104,338,2,673,12,0.10686630783518083,0.11146353924488209
20210331,200,40,925,3,0.09544982755507853,0.1270142761305902
20230117,299,41,317,9,0.07871806206689405,0.13733667260434207
20200424,200,27,570,11,0.0888200782021076,0.14111607117019576
20210708,115,10,751,15,0.060815423722280715,0.07946560151750487
20170331,247,13,927,11,0.06524524637216896,0.13710639229203656
20230107,110,42,374,16,0.12649486164328821,0.07526746198904609
20170717,469,47,416,7,0.03847589883248498,0.1469592343343587
20160518,464,35,423,11,0.14016322111113355,0.08312186086623882
20240608,81,27,308,3,0.12227252004801155,0.11489746776293899
20170923,403,36,312,6,0.031053161420223234,0.08358968078111936
20180203,473,45,170,13,0.13124485334505945,0.06552298569822577
20221020,238,5,198,12,0.027539855914548213,0.053405843095560394
20160910,394,14,763,14,0.07052135158435512,0.1320027294208636
20190520,78,30,865,16,0.08368677050978353,0.09114000952400796
20250102,313,18,483,5,0.11044265957273722,0.1056774246316215
20190420,106,25,654,16,0.10993150273006365,0.12685630273419274
20151222,499,25,84,16,0.04312962576997263,0.09906680732172118
20230926,482,46,653,20,0.072895997235859,0.08755330263319201
20190401,148,39,500,12,0.02616139409811708,0.09229836617977213
20160311,173,21,169,5,0.12480480151219359,0.05770525448781288
20170922,227,11,762,13,0.047785322703558494,0.10195319070526213
20250706,415,2,893,1,0.11050675199225365,0.05479708781141993
20160424,130,5,385,14,0.12142942663295704,0.0773636127615244
20230826,13,2,720,12,0.04395852768362992,0.11621468508307688
20210314,54,41,779,17,0.047085181114748804,0.11215146186688726
20190205,433,48,973,18,0.06174240389579269,0.05971676526425297
20230526,252,34,160,9,0.10868769155658636,0.07722512210648519
20150725,492,36,423,14,0.03672435978662024,0.10869236686500672
20210529,385,36,163,4,0.11724235317466522,0.09568881333282658
20221116,139,17,484,6,0.08886355038903797,0.12789437502346662
20190322,210,47,382,2,0.08745514957564292,0.10901996479760201
20200325,410,34,547,4,0.06711835450672186,0.12796060239050489
20160128,287,41,47,11,0.11030548486452112,0.05107890511673907
20181219,468,1,231,16,0.0765300751242699,0.07210876075096466
20250920,161,15,668,20,0.13145633365602988,0.09192192079324979
20170622,445,48,894,10,0.1329064596692673,0.05507571955670531
20210927,457,35,296,6,0.08460261072106831,0.08561339089932965
20150524,493,37,963,3,0.05504088169376904,0.13336018161216462
20160412,421,41,652,18,0.10084889065659239,0.057456976787312625
20221014,42,44,68,20,0.14954917138347748,0.09196293298728225
20200215,214,45,918,3,0.1354811124345523,0.12300030145674758
20160904,71,10,457,3,0.13550074982164015,0.13067690698309126
20171125,339,29,313,18,0.03592746342642686,0.09530465024943356
20230102,429,31,787,12,0.08360153140085753,0.09606262471767674
20160524,113,2,273,2,0.07597691411884878,0.07771118300823979
20150626,437,9,121,9,0.13843834872926203,0.11908632019047344
20230414,7,13,402,7,0.11541035525269848,0.07128874420653993
20201109,67,19,463,16,0.11516863385090997,0.1346637982839063
20210112,268,5,494,14,0.04842558154152981,0.10072364300697483
20180507,181,25,676,6,0.11970462642616084,0.1414135899843073
20250827,164,36,39,12,0.09921096658574056,0.14502570605782528
20170313,308,18,884,20,0.052299154511481316,0.09622409330752024
20191105,382,17,253,19,0.06833529266114834,0.08842992246005807
20150520,467,17,17,2,0.020247659656520194,0.06492788385565414
20171111,315,27,537,5,0.1266426987890957,0.06605558721673965
20190927,51,24,221,16,0.09132513473621375,0.10310736904207261
20211209,174,11,906,3,0.14846698190615346,0.058579008101711044
20240127,477,50,359,6,0.1284368377323484,0.057539306795695355
20220114,375,9,61,15,0.04616467340822916,0.10924008425474815
20150727,278,20,260,1,0.09032151971288097,0.06551167180323822
20241106,418,1,919,5,0.023956801266693313,0.0659713613478886
20190113,413,27,567,8,0.03177533400158426,0.08971970697937885
20240412,454,32,125,12,0.02091496308034185,0.11824430628006033
20180212,64,16,834,10,0.12203078689159612,0.08460278896001512
20211030,296,36,645,13,0.0858417691082317,0.1259522391191363
20210321,106,20,680,3,0.036864716883461476,0.1441249389463488
20230927,136,8,759,17,0.0457627208286035,0.05321309751033979
20160630,9,40,972,10,0.1407104283119004,0.10049853599618039
20220416,111,45,635,6,0.04494631794969836,0.10790109725562255
20210428,405,9,575,13,0.12223636360631761,0.1172471326000242
20210628,72,40,848,4,0.0769223466834977,0.09259663649806232
20220910,373,29,723,18,0.046173655336465086,0.11972442115795989
20251122,61,34,29,14,0.07907145048105672,0.07781708468243939
20170822,468,9,885,9,0.07395892069251361,0.10251956052763304
20200509,77,15,137,5,0.1460783883083512,0.14793836188810494
20200202,24,10,552,6,0.04167197698228932,0.07432625060413289
20211012,428,48,302,1,0.060855074339583495,0.08059210540588349
20180924,324,15,636,18,0.12068761764627821,0.11402270144073985
20160406,90,4,285,5,0.06930489406975965,0.09522401803396244
20250725,243,18,752,20,0.11736533226188428,0.1413057292569072
20180825,355,18,854,6,0.02769194369874712,0.11797887653074364
20210407,331,44,279,1,0.132072747564674,0.1278392371385733
20181024,123,31,927,4,0.09211767738113688,0.05463430645942328
20180709,222,11,37,6,0.1481426242836057,0.10673319315299123
20180829,48,31,841,8,0.0850851989687888,0.07885441084020943
20170117,282,6,369,16,0.03260959328359839,0.14538138896525038
20250506,111,19,122,11,0.0585868429889248,0.09041246617744637
20181204,209,31,343,13,0.085400358665704,0.0681786845967604
20180220,238,28,92,19,0.08632917452847598,0.05190183522441319
20211219,494,23,718,2,0.07959869679039618,0.12186630853381798
20250307,477,40,475,5,0.08531886379191027,0.12278243734742597
20210517,486,5,154,18,0.14071816884061347,0.07085301237350858
20151202,68,5,848,7,0.050769984986446894,0.07873549577492335
20210121,20,9,755,9,0.08387391036586125,0.12555585373998193
20170711,395,1,124,10,0.032512192113716545,0.12678796045928747
20251207,69,37,17,4,0.05384503688115623,0.09403360108942266
20191104,435,23,54,6,0.13663515493149336,0.13812420658605368
20190109,115,19,587,9,0.09107464319235453,0.1347045132764187
20211229,326,16,184,16,0.1122114824943147,0.1255338950926042
20221003,269,40,46,17,0.028797112701910484,0.10280538871042971
20241109,211,12,810,10,0.14194338958475294,0.11738826516678241
20230525,221,2,808,12,0.05372224128402811,0.122140543998242
20230228,76,31,984,7,0.10096662161953165,0.0651837505314099
20150730,392,41,311,12,0.14208682887928384,0.12604246132162655
20180121,54,21,655,18,0.02769244968459649,0.07694883653730236
20150425,325,22,259,5,0.13726547426579572,0.11986279490139952
20161124,472,14,318,5,0.13939890182451223,0.0912049252679826
20210117,482,19,207,8,0.04754265750879628,0.11454388907599139
20160316,469,42,550,8,0.10274878649972279,0.08579274510108034
20181108,77,18,440,4,0.05402223376197669,0.11495640558748978
20151023,163,35,218,4,0.12782139588432703,0.05675367236808285
20240221,353,44,651,2,0.10415981108012853,0.09484064811875642
20191110,154,33,282,15,0.13329443807950825,0.13430532994944605
20150211,202,14,211,7,0.04740977409726155,0.09008209174265254
20201106,477,18,460,14,0.07472936464474791,0.06450222925336802
20220306,113,23,385,12,0.1020340636932179,0.1326802976572008
20240204,273,4,98,19,0.12645821603305893,0.1194207541031367
20251220,201,22,35,7,0.11033570352471632,0.0902299573540283
20250707,52,43,339,12,0.1362845833588253,0.14168626818565289
20180604,95,37,806,1,0.13678348872185853,0.13212051960750226
20160727,461,49,250,1,0.10563211082516265,0.05591440605262285
20170524,162,28,210,14,0.10645405747051957,0.10597114779594549
20150914,488,35,818,5,0.03232689553379138,0.1027304853625898
20161105,143,7,13,12,0.11317412646519485,0.06424142860774407
20240919,128,3,695,5,0.13426951516421004,0.14409361535591564
20161019,372,49,380,19,0.024506452546783686,0.09453502783297707
20150506,89,44,208,4,0.14097361242169576,0.05028092705823867
20200729,377,43,270,15,0.03132240829841863,0.05807248416396465
20160518,485,18,624,8,0.03373230146421446,0.11521629165110411
20160511,475,14,335,10,0.09632298026484303,0.06006175097455568
20191007,142,50,205,4,0.02101425732099731,0.1170492425057487
20161212,342,26,255,8,0.14160722096543513,0.07816973951050431
20200930,310,48,315,14,0.04220160256731264,0.06869353231962491
20190207,471,42,293,8,0.06858296191483544,0.06580437443418548
20181113,73,12,918,14,0.09926427827016365,0.1243191779699811
20200921,133,49,639,3,0.13884060070530932,0.05925157200925321
20181219,123,36,640,9,0.09976171286641218,0.0716257676967866
20191229,471,23,597,7,0.14187040824695893,0.058278960087583244
20150102,1,7,531,4,0.030153893585366374,0.11467048007631701
20251215,335,13,952,18,0.12710894091060243,0.07982418883515242
20210403,340,41,607,16,0.03967731403475956,0.13400292430310107
20230113,370,14,505,8,0.025303684098008355,0.0539757519885162
20220809,333,49,849,9,0.13133984576011193,0.05264638249419258
20230510,10,2,464,6,0.13780011935006142,0.10329041564697425
20240531,431,7,213,6,0.05400616805533753,0.07559274120170438
20170901,6,45,883,12,0.03160579036080842,0.11263683372827986
20250305,393,25,502,11,0.05056814086630421,0.08487203260300293
20201222,221,3,8,2,0.03555935079631262,0.07122478735936189
20161018,432,10,20,13,0.07420781991848546,0.10711896967674053
20200912,183,28,58,14,0.06340367680519038,0.10837859376541212
20200317,204,40,340,8,0.04144630252513537,0.136053515261005
20210208,492,23,778,5,0.054497804404641526,0.149675763105525
20151004,483,15,43,9,0.04509345717436408,0.11207789722368794
20150808,283,22,608,1,0.06702102668120105,0.13205844407173267
20250908,281,19,643,10,0.030489200777561842,0.1033723600470495
20170427,399,49,468,16,0.03140661491455222,0.12308411913718631
20170129,203,1,211,9,0.08886394072024495,0.11407519457399945
20200328,73,33,636,8,0.07875328036504112,0.14911733735524135
20180824,457,41,483,7,0.04844210300192284,0.08964354691935512
20210119,154,43,79,4,0.02427302222030267,0.06168238807138587
20170503,372,47,249,13,0.1447718896227057,0.10600019143999284
20190211,244,5,773,16,0.1160027542389198,0.10967444306678645
20250321,194,47,993,17,0.04968207336449834,0.07080114804821101
20161210,480,15,289,2,0.06965515292153146,0.08266613381655791
20230726,217,41,106,18,0.03500669822211598,0.14829138386367102
20240416,229,6,930,4,0.07115238279520311,0.11274463973822256
20230330,186,35,269,18,0.10522754347671863,0.1467096466384213
20171225,57,11,2,20,0.06761423262480742,0.11437916649559084
20150511,276,39,869,2,0.02371224906328132,0.09578316213925897
20241007,75,20,77,11,0.046121790136574276,0.1139416683270929
20240629,171,29,393,4,0.05838505125340983,0.062084779369220515
20151220,209,37,893,12,0.05556330932554937,0.0820378197620583
20200609,365,44,677,19,0.1291396711346164,0.10810761463852533
20231115,352,35,909,18,0.04483847088762448,0.06287744293422233
20160526,385,14,849,8,0.0821797469526202,0.05560120830477503
20220317,438,26,598,4,0.09903104472502393,0.0929238989013814
20150622,492,44,702,20,0.06615029883855708,0.1327367711909061
20251220,268,6,506,12,0.04474324370770495,0.14250577796031066
20180806,291,29,910,10,0.04321093461722961,0.1008343219686364
20241125,474,45,835,11,0.14120921892714675,0.11248612399438233
20230104,337,9,240,19,0.02478128466573569,0.14618594434841597
20160715,295,39,711,3,0.06363224762989295,0.07044817004232366
20201029,424,37,669,13,0.09846118282421651,0.08945944610337848
20220408,116,42,134,5,0.1343125395553411,0.07809678862841027
20240802,428,9,856,11,0.03745111645984289,0.13089022025986746
20200429,271,14,276,10,0.1394779390465174,0.1437005631287803
20241229,298,5,516,2,0.11943499005568185,0.06313442841439668
20250508,70,30,654,16,0.025883284202259854,0.13393030406530684
20240222,98,41,648,2,0.023736136338090293,0.06641792867648397
20221027,66,27,324,5,0.07427560148875254,0.06509519006127297
20210802,252,31,263,17,0.10553761611947966,0.11804396819810138
20180203,41,37,99,14,0.0713532624245872,0.07703496083187793
20230906,75,49,495,12,0.05293834359340485,0.08559674452891168
20250409,59,50,966,9,0.1453690182491619,0.1099813777510014
20220817,25,10,414,6,0.1284801350960721,0.06059058697540266
20150804,206,8,923,16,0.03848789550751407,0.08237319535270164
20191011,83,36,343,2,0.12937685535023344,0.08788221861346891
20191003,109,3,518,16,0.14880021800722937,0.06460109794707267
20230704,122,19,542,6,0.050344024512645136,0.0682044006316504
20201117,438,19,31,16,0.0736462100619217,0.09983835494337592
20150829,207,2,175,2,0.04827189602053147,0.11790451901430872
20180210,189,20,274,7,0.12171809870258073,0.10588919784530904
20250124,495,11,54,6,0.13129707208512828,0.12821669095218563
20150101,237,12,459,20,0.10026120652966806,0.12408211035387894
20150330,20,45,956,7,0.13495715593587032,0.1483949088267569
20160201,346,14,432,14,0.13122434709125333,0.07804671092275697
20180608,440,18,640,14,0.058760445026857885,0.06341613451135068
20170822,452,28,263,19,0.1087258555873178,0.0835203597669201
20251017,391,2,414,13,0.12195184821479753,0.08801486643053746
20201022,142,8,315,7,0.09270818290222615,0.08523241339970286
20160829,130,10,385,16,0.14236910480410112,0.14730900047804374
20220214,53,50,278,3,0.12134547234550522,0.12070026057644413
20160607,108,49,594,10,0.08042656308140267,0.11198053242771089
20190524,306,27,929,20,0.13122839090706884,0.14534520869118
20230402,165,21,57,15,0.13265717507842234,0.07725672309455231
20200311,137,12,927,6,0.10897655857237834,0.14014138337938142
20201104,169,19,258,17,0.02827867097151862,0.13784782752538954
20150115,399,34,537,14,0.04311763790568737,0.11936841319181239
20221011,263,45,765,11,0.050887389896629304,0.0710770549107766
20240206,17,24,930,14,0.03315585244735143,0.11104288002070953
20210208,450,22,667,14,0.14200123313125482,0.05530248162322463
20201007,267,27,139,3,0.05150555317007886,0.10366589370743372
20160215,461,43,68,19,0.0915622662473478,0.08756984339063617
20180717,344,49,436,7,0.03609502961713157,0.06902703275409491
20240619,269,43,67,9,0.11280491242441809,0.0701605903200117
20240618,69,5,176,2,0.10981516497958807,0.10855252799992718
20150223,346,28,959,1,0.1293538688199723,0.10008469619606651
20220418,268,33,185,10,0.059689281729773044,0.05899139548678616
20150408,146,30,966,5,0.14627296677444176,0.05610374930390617
20170710,487,34,687,19,0.03145614555505715,0.11312390105611643
20230508,119,10,610,19,0.029620126132034665,0.11353418227162522
20240715,143,38,244,6,0.08864946166032424,0.10653125018833917
20240726,169,28,519,15,0.11551448311052305,0.08680083629401496
20230130,86,42,808,4,0.09880701925019915,0.09213731705960196
20161026,72,4,897,6,0.10259189177399104,0.14863976748266955
20201028,287,35,892,20,0.09316284802556307,0.09546196783225797
20171027,458,29,405,15,0.13069249745903883,0.12618522994931355
20190901,395,48,806,1,0.13175784344415473,0.11090163673100384
20240830,498,35,580,7,0.10050827258455984,0.0599064022606659
20151128,445,36,329,7,0.07041818063527304,0.10924442456922215
20190726,72,37,142,5,0.04596550248318272,0.1499195160282343
20240929,197,35,113,13,0.06299209740203408,0.07121185477514994
20200928,221,40,859,6,0.13132978089465308,0.11833380187948665
20230613,394,6,237,17,0.1220924899027671,0.060722832564812305
20160328,77,30,206,2,0.1033078068129311,0.1173907911853503
20240219,138,15,325,16,0.06241891143064514,0.10110501002195038
20220412,166,43,466,9,0.1478561519137693,0.1459682137872863
20250301,424,40,656,11,0.13226838603879518,0.07753876704596817
20220311,362,8,384,6,0.11109408523899039,0.12090032486062456
20251223,62,37,716,15,0.10609248423709375,0.13036144902032867
20210225,354,42,502,4,0.135316968256935,0.06248328435758576
20170108,311,37,860,12,0.11531456012983173,0.06603097514176749
20221020,461,48,559,13,0.04774918692531929,0.10886641112312231
20170704,64,11,989,9,0.11286545746570185,0.12283543620448847
20251101,175,10,125,14,0.07300479926965797,0.11088796601041107
20150425,491,7,490,12,0.12123643234026324,0.13853279541240066
20250522,185,16,27,8,0.052808297713916985,0.11168982047079684
20201226,12,46,158,18,0.03482609238726193,0.05992042548304436
20190729,489,18,677,17,0.03416739630479791,0.05408260932555418
20161116,290,23,751,20,0.07938308262715635,0.0579267037661349
20180127,462,4,572,6,0.13868548104581505,0.100703384410707
20171106,15,1,316,13,0.027660946537378814,0.13327373468329684
20250120,486,22,117,11,0.13925913174568644,0.07219728105741481
20200107,34,49,471,10,0.1098514261603789,0.10529881536147728
20171012,207,12,1000,9,0.0944868835605716,0.07795415013583261
20241102,171,2,246,10,0.07272586854165158,0.1353592683312222
20151018,139,11,894,20,0.02281287435216267,0.050854825119806796
20250815,210,12,332,20,0.03748373474570216,0.11354327643874053
20241108,389,6,646,4,0.04889094730498599,0.12349922329239811
20230116,474,5,845,17,0.06495886102544489,0.14494264549819225
20180405,103,40,812,13,0.06545965064204316,0.058530207196794116
20150602,362,43,114,17,0.1290929047432436,0.10528365953035773
20150609,357,3,508,3,0.13748951691068798,0.09991725740638333
20171009,238,39,821,1,0.08012730849662182,0.14923142464881323
20170531,320,24,870,20,0.13804044431871085,0.10673113005562684
20180923,363,40,847,14,0.060627013281952316,0.05961904574090032
20170806,218,6,846,1,0.05858678600277195,0.05058290833474441
20211113,353,3,380,19,0.09992151664988094,0.09066051902137923
20161110,159,37,113,5,0.027170336331806762,0.09563251534249051
20231020,489,10,172,20,0.14876817077212892,0.05716212550993802
20221108,294,21,352,9,0.026159044946387884,0.09197497656911917
20170801,123,5,774,20,0.119863931478416,0.11189011660711756
20240123,357,10,78,12,0.026491143176284194,0.08286138627780618
20220128,16,35,57,15,0.0828636448630205,0.08780573199196082
20150614,295,7,816,15,0.07292658648244213,0.07198878791023253
20220328,189,5,337,5,0.0719091526840896,0.12353585107812708
20200908,401,21,686,3,0.1462076121351054,0.10752923458346031
20200519,60,13,593,3,0.023700664264144623,0.10044758146935298
20250810,285,7,784,20,0.09745402539297585,0.11746462671147011
20160430,353,8,25,7,0.09035370944316887,0.14804975234244927
20190104,294,41,535,8,0.046814796129683714,0.13675711307438826
20210519,288,37,484,5,0.04161834704851841,0.09501318301868406
20230522,96,29,213,2,0.11790114783706919,0.14020574956375004
20230409,197,17,272,10,0.12971989171546444,0.07062725985482352
20161222,485,36,69,13,0.13713553522468097,0.1440003827561061
20160629,14,39,406,20,0.14582268559904044,0.12091508367643503
20190629,315,26,938,3,0.08913632965546267,0.11061727466775048
20170317,66,5,740,12,0.1496671365295426,0.060107868337189986
20220101,124,41,274,3,0.058520231041931825,0.09726722312195149
20170805,51,22,61,18,0.06998817702746558,0.08514767988446478
20230719,274,3,961,7,0.08776245823644303,0.14712197560746937
20150704,349,28,679,15,0.09201655446917324,0.0872531097324707
20241121,113,45,101,6,0.11578652678305547,0.05726715637002209
20210729,266,26,649,7,0.03002795585070096,0.13520441641182984
20191111,153,6,1,9,0.09600301393680319,0.09901455604807619
20181229,478,26,127,15,0.12463231164602476,0.061122032834511876
20240831,123,45,521,20,0.11832232750325578,0.08803067944845047
20190603,11,7,898,18,0.14873511146323234,0.13510354149471288
20171017,184,5,999,12,0.05681311132028366,0.12445640539749679
20170626,416,19,646,13,0.04138323927085204,0.05614997030844137
20210426,272,38,602,14,0.050794112685912524,0.08333933634148515
20250819,484,18,126,6,0.07999218048132017,0.14272454623717762
20170330,114,33,286,14,0.08483509306539198,0.07661893405823912
20200901,56,45,606,4,0.1464549477313664,0.09728181948091918
20250829,22,28,687,16,0.057067283469784735,0.12269329303041505
20170429,339,41,657,14,0.05286354290999032,0.13282821345057114
20160908,321,29,90,11,0.05888106967962525,0.08290980170960623
20151217,458,49,657,2,0.13459756471161494,0.06899811756857943
20240113,145,16,873,15,0.11259265683219247,0.14996654125148273
20171227,434,14,133,3,0.05093483472185098,0.07444166357672324
20161001,152,50,276,7,0.12345502698054839,0.12863324580380614
20191216,484,5,352,3,0.10056670519541241,0.12864009727946632
20230710,265,17,174,10,0.13392882124168481,0.08489272115649892
20180111,28,28,509,20,0.04065835725709897,0.10249219979737695
20210716,41,10,115,1,0.1464484947127703,0.12195705802876196
20170426,50,48,917,14,0.029493406904561606,0.07549814547127068
20201011,93,42,486,19,0.09860713580721134,0.10027180170943786
20160219,460,8,753,8,0.047356444674064066,0.09363895185769411
20180818,211,18,701,13,0.1487633086472794,0.06290237335640156
20160122,415,45,827,1,0.03842735981282498,0.12945996514381308
20151031,90,9,60,14,0.06729685130267117,0.13926905341588725
20210222,24,14,187,20,0.12465445635246625,0.120913182724076
20251016,254,43,640,16,0.09678296232411022,0.09790978172586412
20161027,245,26,434,5,0.04791983343495093,0.1164995699552273
20181019,78,11,570,11,0.06934375864611889,0.09345232831339503
20230802,358,40,508,3,0.09127744664542893,0.12670427580500193
20241107,384,41,131,15,0.11245175812824283,0.06528681227590097
20250131,237,48,485,14,0.13464549306800963,0.1250750512640967
20160211,381,49,629,9,0.03842387110671504,0.09569972466946763
20171208,63,27,116,11,0.13709630577343854,0.0739922480137286
20191016,378,27,923,5,0.06906463692345788,0.06871035101950203
20200214,66,32,707,9,0.0522675715710757,0.13062599766120514
20230312,118,29,565,17,0.10095758225135612,0.10773296638732749
20251027,19,49,842,20,0.0983734263462896,0.13023387837220562
20240630,484,37,778,19,0.05287033741544715,0.07870407147788556
20170609,211,4,177,12,0.11567593272366102,0.08100696437698447
20250205,330,47,129,11,0.02692216173834413,0.07505477550944917
20221103,243,9,618,19,0.1258741910016452,0.1498096736184239
20230206,222,14,883,15,0.12905080969853164,0.13489637933676843
20170807,443,46,602,11,0.07933931597258292,0.1163985183801842
20240929,278,27,173,10,0.029781223740586532,0.14485909506882463
20170429,175,14,734,10,0.1056117078004248,0.11449895864136457
20151210,338,36,650,8,0.03586314264224049,0.05035950471319753
20210721,325,33,65,16,0.028483385838106598,0.053619937586965455
20191225,328,48,798,8,0.07548093018881373,0.10679455011421726
20241230,325,46,449,2,0.07868735355307091,0.10095609023925747
20161015,238,29,636,9,0.06979016032275549,0.1039829856682882
20240420,328,39,952,15,0.09942704871805223,0.14966439562213593
20250703,356,12,450,15,0.13437014648964538,0.10831104925555013
20231017,422,21,711,14,0.0769212038929138,0.13466857321200004
20201115,459,35,971,2,0.10461135352379267,0.1193141096588878
20170108,472,34,61,7,0.0631944322353832,0.13883007786335505
20170313,150,12,941,2,0.033441832125815044,0.09285127685818756
20220122,462,47,130,2,0.05522630959857107,0.07703453793338855
20160516,7,3,690,19,0.13560772340410307,0.13957603934441515
20181010,3,27,14,15,0.03502405024894244,0.1041931658351865
20221026,138,6,626,18,0.031148042803551372,0.06066426580272264
20251030,135,48,811,16,0.021770408827693315,0.09187152355233519
20210803,197,45,31,19,0.07464845726421189,0.10661003312019283
20150729,47,5,594,5,0.11587894504297158,0.08883811348674037
20160705,233,7,378,7,0.06769580855322806,0.11276924399606927
20161228,492,33,886,9,0.048512267365029775,0.11516148871096143
20231012,500,29,351,16,0.1337594181797751,0.06373045808694018
20191229,424,10,611,4,0.04164406146393756,0.1319052143092692
20231022,318,41,514,2,0.12276252029274509,0.1313488820612303
20180822,168,21,593,9,0.02928985693638752,0.08664122405618219
20220613,378,39,63,18,0.10709898433359114,0.05585585921019686
20230111,298,49,948,16,0.10262724872581896,0.12444116027904722
20150419,235,11,303,6,0.08253890795311908,0.05429729785188743
20220607,28,28,375,9,0.08154867245312557,0.11759646397155646
20220404,303,45,622,19,0.12163338897257545,0.11312863402799216
20150803,94,25,576,14,0.020432719235176058,0.07175446924763304
20210210,413,37,681,5,0.05055472933848361,0.10103794538240429
20240106,250,10,901,4,0.027436011845160535,0.13100449389571728
20160108,247,6,105,8,0.10331624608700936,0.08999256479318768
20150721,410,18,990,15,0.06219496176019554,0.05980954381724
20220615,278,22,277,10,0.12574399638810868,0.10649395914803464
20160426,111,4,76,3,0.12400636023429645,0.13546526602209286
20230121,299,24,777,9,0.1081684229761836,0.061377422922726944
20180828,27,33,953,8,0.10257880442128214,0.05602116256040373
20230704,498,37,751,1,0.026840398184074268,0.09097370638200779
20221020,352,43,232,17,0.08413991049012598,0.11037772246168698
20171003,395,38,656,14,0.08599359577369571,0.1276410982037394
20180530,284,48,135,8,0.06933757816793962,0.07895884206457696
20160319,64,35,993,12,0.04707077186100979,0.11618867298475445
20200331,120,42,18,12,0.03581009945299768,0.10765275753508216
20161203,413,40,309,15,0.07245634281203536,0.08505496443151334
20241117,322,41,537,2,0.051523335859558164,0.11858722025521881
20190205,167,37,740,9,0.11034333275658938,0.10772176645150086
20220831,48,7,1000,15,0.021236091365736624,0.08451898758249074
20230801,189,35,807,18,0.061905207159985834,0.05816274279153082
20201205,303,39,552,5,0.026759672506190654,0.053940348967366714
20171129,207,28,589,8,0.1490715335926229,0.12745134425145505
20230303,258,18,213,3,0.03626362942887276,0.14992155466987067
20150719,307,8,598,10,0.04484632552250914,0.10642319233082581
20190225,493,30,615,8,0.020439078592680095,0.13611061314365766
20230627,385,13,562,4,0.10632715850134469,0.09710387220519234
20160716,313,16,861,13,0.05517084255826338,0.05226639300517924
20211101,212,25,45,1,0.045671983191467785,0.05239082837806075
20221113,291,25,192,1,0.08603719891019665,0.057418541149772975
20180531,221,49,531,18,0.08065181258640448,0.060939002657490596
20240517,164,21,947,8,0.13066427505758893,0.1310200030816263
20240316,263,29,823,11,0.03734577647298439,0.13767708888805763
20171230,349,31,918,10,0.05484526839263244,0.08111828495018197
20230629,407,46,852,4,0.08391543838126675,0.10992999120965119
20201023,43,36,633,1,0.14373635773635104,0.0818925921982069
20150614,294,12,916,6,0.08682031805344254,0.05532210664058678
20240531,317,20,948,1,0.10415614170685636,0.13032711669757632
20170129,416,9,371,8,0.09095498697728938,0.12332742325332577
20151024,374,25,263,14,0.11313612067463555,0.09137868460869984
20190811,223,47,641,19,0.04268063732143296,0.14950015099066238
20251123,143,28,421,15,0.022189237583873454,0.10962008381797686
20250914,430,46,665,16,0.05166972998073402,0.0645924841462163
20190421,92,22,93,11,0.05270348649006469,0.06975599201497723
20210719,407,37,740,3,0.026625792870873084,0.08330902421556449
20190329,412,15,926,4,0.0855123874815052,0.07517127599706415
20200426,287,21,306,12,0.10225118229079343,0.110571697105466
20200503,87,33,619,18,0.03761883709061145,0.12042650998661193
20190712,70,2,136,14,0.08419587882172717,0.11903476499470032
20180601,119,43,400,19,0.14305973097900357,0.10556815932052055
20210405,229,49,996,4,0.03454321210816778,0.10043013777349372
20190902,143,22,486,3,0.12772801043162865,0.09562045713301437
20160707,323,18,240,10,0.034627856285162795,0.06832564508241762
20241004,284,39,245,4,0.12479225635922295,0.09223979464386947
20151019,293,1,704,17,0.04419606035759101,0.12954849608490865
20160609,222,44,337,2,0.09297796687506836,0.13306583638223546
20150915,283,16,425,16,0.1493302285867541,0.06976143228892946
20180601,489,30,206,14,0.05947652673077339,0.1424850302234355
20170908,316,22,528,8,0.052740241345316935,0.07154208268264191
20151206,267,10,67,13,0.027178314820349804,0.06870490457993657
20180927,116,33,924,19,0.026236971048046946,0.14421669632761952
20160617,374,22,424,15,0.0804978595724266,0.14389880039726646
20230918,157,23,489,19,0.10408720651667847,0.14942607620321988
20200719,40,4,451,14,0.12603487610998285,0.07341050819205229
20210809,222,35,796,3,0.06903040009851191,0.08374080232840131
20170901,370,15,970,1,0.047347588773573396,0.08791941406405178
20201001,75,30,997,18,0.10207222859608375,0.1331576111562518
20150407,329,49,121,13,0.09660813743178885,0.07099910969822898
20200128,73,23,100,8,0.06466722163881528,0.06509243476794026
20170319,56,22,838,6,0.13907259721330636,0.09708868808854851
20231023,76,34,420,11,0.08500307313824114,0.059155602019902054
20150522,149,6,913,5,0.10229447311691928,0.07112043286399151
20200623,427,17,566,8,0.021021336076005877,0.12434738699351246
20150508,166,37,309,8,0.10282314347558562,0.12791518441712213
20150602,420,2,21,17,0.027296422924762455,0.09202309215924298
20230117,143,10,872,13,0.139433630683055,0.06986691036025185
20150811,248,41,171,4,0.12218872022011085,0.13623924578226715
20180530,142,31,387,20,0.047368029829088706,0.08237560407355114
20151010,321,23,905,7,0.027354002704799322,0.07245812777796076
20191016,24,42,695,2,0.05034629688568991,0.12546107365994053
20200809,65,3,468,14,0.04854706443931062,0.13727398366213858
20231213,125,29,249,8,0.1059845499447344,0.13656393219487012
20221123,466,4,738,12,0.1095877431277434,0.08717414111441417
20211205,119,33,123,6,0.055999212840136425,0.14245433668764873
20160317,47,21,998,15,0.1048773119657841,0.07481538991354371
20220716,62,40,151,17,0.05152471377575786,0.07990267448877506
20231225,349,44,202,15,0.03220902862517236,0.07365867716238915
20170321,301,19,541,10,0.11216435025224146,0.09392367621485234
20210121,23,5,365,6,0.08427480283469978,0.08129285993237881
20230603,342,44,202,3,0.05567420062179276,0.12054220699113773
20190127,331,42,637,18,0.037929367390759736,0.05698013964313177
20210927,301,28,339,12,0.1281653075292649,0.05668382139511174
20160702,333,24,616,5,0.14415816556273298,0.1261473405935668
20160127,471,12,169,7,0.10445990029737735,0.08756576949715884
20191217,61,8,579,16,0.09788510359552378,0.11993952537581985
20160217,172,39,226,1,0.11428584918841983,0.09199792068224526
20200509,152,42,245,2,0.11554852911848779,0.08687502555275199
20220831,305,50,766,14,0.028367530960483067,0.10289874611775185
20160907,5,47,922,1,0.04789534587707035,0.12855168555287516
20200407,136,19,645,1,0.12553236821617572,0.12191688113770628
20190731,487,23,249,13,0.13573245747858753,0.1378960197924468
20220111,101,4,472,15,0.03668881841356918,0.10363644076481879
20200509,360,18,868,5,0.08794482673816227,0.08842451867169701
20231014,233,38,543,20,0.14848435225480475,0.0928108307053507
20171007,382,43,98,14,0.020961682921318624,0.09380054232512179
20150923,63,45,494,10,0.08118373226025637,0.11651612125994605
20220422,240,37,754,17,0.0869706741585088,0.06129309275256617
20170307,221,11,693,9,0.055134584404353315,0.08275827619647999
20240402,498,41,236,16,0.10626261536750627,0.0888067167741049
20180509,230,7,463,12,0.03635944397117588,0.14322444313322996
20220708,219,42,386,12,0.04198598201137385,0.08330621381619165
20181116,3,47,288,11,0.0495741473784452,0.07008786321823332
20241217,30,5,886,9,0.14267517441234817,0.14078658116890924
20230623,414,6,19,13,0.056281292385024995,0.13673357936321012
20250213,276,29,882,16,0.1230918563873727,0.08662462357446596
20240315,370,1,397,11,0.14961249332129864,0.1477400883884072
20180228,31,7,480,20,0.022863267240342395,0.056095897300998225
20221017,33,48,841,11,0.097750890807286,0.1105499245373278
20200502,400,22,272,8,0.10015392941532851,0.0877362707044548
20250414,80,31,371,17,0.08786827354972995,0.10272064454475777
20250117,343,21,54,20,0.12495702295452675,0.09347770178114001
20250728,403,7,224,5,0.022345754174526816,0.13320719848681994
20170620,120,6,518,8,0.047857161557000066,0.12678755834841485
20231121,267,1,342,15,0.04007922468308446,0.10214292891188363
20231120,236,42,990,17,0.05177952559769855,0.1431706671385794
20230328,435,26,376,4,0.06563917068956732,0.06961470669013789
20210519,156,45,308,12,0.038015911526482635,0.05584302729421811
20170214,422,38,434,2,0.032006947776014684,0.12840019157629481
20210217,51,42,410,17,0.1231986791828559,0.14142769196093785
20210210,41,17,983,17,0.12125109586474409,0.11364343570875647
20221217,192,26,181,6,0.11048599800131843,0.11041187747587186
20240614,86,48,200,1,0.09971928034399667,0.06308050068106993
20151219,29,4,174,20,0.030775891307212686,0.10467237848151037
20160531,232,6,567,13,0.06879273398882402,0.1260618583333801
20170806,74,15,990,17,0.09314910577364935,0.10861196472221393
20201217,174,37,385,14,0.05621351452961669,0.11653747170077373
20210405,4,32,107,6,0.06728859891837297,0.07336556544604281
20231027,372,40,642,13,0.07704821423232919,0.10324928938069725
20250711,174,43,823,6,0.07014497672883627,0.13682157618240684
20151007,278,22,182,18,0.11798470983804356,0.0934049749752425
20180107,369,31,499,2,0.1312964644544252,0.058797064689377454
20230422,82,36,535,2,0.14524163950597047,0.06918548885167092
20171028,310,12,328,20,0.11050585155158245,0.09444918064565488
20230930,390,6,457,12,0.08882578999741396,0.05527002973083117
20250106,442,42,412,11,0.08775344143791229,0.05261606969175116
20220330,297,23,882,17,0.06656376571696304,0.062198726602192604
20230913,257,50,808,10,0.13149810169428855,0.09396721644400843
20190318,232,26,979,20,0.12975821471902826,0.07106030216528043
20250306,13,49,528,2,0.08549289977643382,0.14303902224446202
20161027,284,10,952,19,0.09722495441272838,0.13266590289129576
20221115,213,31,4,7,0.12101190079579298,0.09344042686613324
20171125,347,23,12,3,0.1211590456236817,0.1138251235455728
20230323,304,36,148,1,0.14675785851954606,0.05901650449359074
20191228,431,9,90,6,0.11768478414343875,0.09782573979807893
20241213,482,7,692,18,0.08438667556400348,0.1328486581866479
20240126,330,7,278,15,0.036676449075592324,0.08119878004759848
20151022,102,25,373,7,0.06304741323650026,0.12700201135832623
20240321,300,10,865,1,0.027813862271573515,0.08206510874115273
20170415,469,16,740,18,0.04522132290413888,0.05933317266399536
20180731,425,36,720,18,0.07080569620191501,0.06541477314501057
20231205,157,28,253,6,0.1360916945336037,0.1373938272667783
20240808,339,5,770,18,0.13521469892996088,0.14132173802508202
20151002,7,20,145,17,0.08988031642594786,0.1413391486681077
20190115,382,47,690,8,0.06786033113593193,0.06171160002527373
20250120,426,31,157,2,0.12258842743372202,0.10090501040455795
20180726,156,2,9,11,0.11843678426446064,0.09817282100680327
20170113,182,11,181,17,0.02829675867112781,0.05465110304870882
20231104,77,10,729,9,0.10845316258126604,0.07524140476113562
20160128,117,8,79,5,0.14453619394308093,0.1488160009499591
20170720,256,29,437,15,0.1153024053393311,0.05989232800890222
20150819,18,17,140,7,0.128857739876154,0.11513210976765885
20240922,258,46,525,19,0.05281430957350271,0.054969559686872886
20160228,298,19,536,15,0.022993785971871274,0.11821746258666975
20250404,125,5,182,2,0.0722476168330722,0.0979738814425151
20210712,476,6,827,7,0.08165199138426503,0.08199735152625429
20220913,342,29,199,8,0.12238498662626528,0.1342286544943227
20220325,475,24,393,4,0.08710323471555972,0.11898598687927134
20201116,284,11,968,3,0.039008629366810876,0.08537477286432969
20171015,200,48,247,3,0.13870076221468977,0.10645618606061456
20230316,375,24,668,20,0.11434135853471483,0.052781884790011724
20150416,255,38,319,3,0.09501831989283016,0.11668410542634866
20161117,4,3,118,19,0.09544868069010573,0.14191839903894185
20151215,266,26,406,10,0.0999332219622821,0.12326826867220525
20210724,309,32,988,17,0.1357664058549071,0.11725189849530747
20150201,95,32,620,19,0.04334874469816842,0.0890594298420188
20200413,167,42,611,5,0.1439762574863715,0.052367407663596925
20190223,111,44,196,9,0.07370611158340916,0.14105802627953867
20180615,22,9,748,5,0.12322915713879745,0.0657344925410529
20210820,97,49,477,15,0.08544982934517659,0.12803847240847865
20181218,110,14,971,13,0.08709548773044186,0.06875742049643592
20200108,344,39,224,4,0.1286009865220618,0.05955362415039067
20200103,173,27,419,19,0.06909400614768726,0.09921100476751205
20161023,143,16,833,5,0.045039279176175936,0.1296401449796985
20241209,352,47,181,3,0.1228098326437612,0.07086905603759794
20240228,266,44,784,2,0.07728631458677875,0.14287785796148972
20191102,382,50,739,2,0.11036690294938574,0.10446345546975233
20230904,25,13,677,16,0.1388824073298242,0.06301455070995773
20220330,204,37,284,2,0.13517998054341815,0.1351128005607476
20211015,265,33,734,15,0.11235363498611295,0.11024563096053555
20190307,117,47,936,20,0.11010948806669311,0.13720601778554925
20240420,468,21,709,16,0.039912102418230386,0.1447509566608242
20180506,113,2,782,15,0.08307398087818386,0.12195308834102186
20250205,15,29,230,19,0.08358754493819424,0.05895126613206306
20151031,481,35,726,3,0.07072657262553403,0.08877224221109899
20170413,81,34,200,16,0.08765307690753046,0.14674494467598098
20191212,344,15,458,15,0.1201273919209259,0.10526645492392965
20241216,273,46,870,10,0.032734644358072704,0.08032517436465711
20191227,396,40,448,9,0.08701242958461078,0.08966075680149298
20190508,442,24,475,19,0.022731226576834178,0.10434227665988254
20210711,305,8,212,2,0.12124595073069917,0.08727539633861711
20250807,295,26,73,12,0.1090804365647613,0.07052642985225707
20171022,371,49,57,16,0.0669486921035665,0.08825564705611029
20241118,329,6,578,13,0.044650400865295696,0.10981581239538818
20250520,289,7,941,18,0.0205213377083901,0.11882113268550633
20250120,471,16,906,5,0.11676753697379445,0.06733931800373012
20230223,189,42,288,6,0.10759824575073951,0.08879889350010103
20180317,318,2,337,20,0.08975342700352627,0.07801881523701056
20241019,205,12,151,13,0.10704253933287895,0.13780103332280141
20161115,138,44,275,17,0.13471732727251018,0.09307489063261193
20220213,401,37,347,20,0.05440919808456718,0.05128140832419609
20220205,339,16,178,6,0.06587744683963215,0.05692952799418275
20170623,344,39,368,16,0.05791190533849308,0.05429300818054125
20160326,346,30,72,20,0.12008431587255278,0.05864655169229545
20181231,255,20,391,15,0.022078472341758866,0.14701792702632244
20180328,256,19,193,17,0.07825766909453347,0.11140790697098907
20190606,464,6,268,8,0.08507227263024192,0.09649593032934642
20161120,81,40,837,20,0.10605959959777152,0.08132853982928374
20230224,129,12,502,12,0.05955888344528926,0.06986758752086378
20150822,153,41,261,13,0.10134585540220883,0.067223373877529
20151024,227,28,901,4,0.07132828708366565,0.12156112008838485
20200322,82,40,441,16,0.02818118666014833,0.07348643675425229
20170909,249,1,81,1,0.0482476145537319,0.14434528851295828
20160124,199,17,947,17,0.07281492663627219,0.0953380146071447
20150501,162,35,680,20,0.06848533158065766,0.06540616591282956
20190415,261,48,538,15,0.021365818440509825,0.10322867968769199
20150416,114,3,813,4,0.04456311311702185,0.05724493297928332
20220214,38,39,992,7,0.02962166727429058,0.11380378215747113
20180117,372,20,308,9,0.10500322621134209,0.10342202561445278
20201120,104,11,519,6,0.13637145538738077,0.05030428584715444
20180511,397,12,504,4,0.09241355261246974,0.14842303388176523
20250814,350,12,300,20,0.07657921120344557,0.06564235506438623
20151222,187,30,444,16,0.09666171804165584,0.13772966572479395
20150211,139,47,140,18,0.029864557174833717,0.133869509278846
20210223,482,40,566,13,0.07878889919069026,0.07006851712449615
20171206,189,5,446,15,0.059883974484119556,0.07264676871985516
20151023,391,14,490,1,0.10791125351429513,0.06933037861376758
20221127,370,45,41,1,0.04937386093365613,0.12583634227991894
20200306,19,29,363,5,0.11645761832432709,0.09906938494101801
20230518,79,36,877,17,0.08547989236174819,0.09724902373399286
20220218,150,5,762,14,0.048681023494517556,0.08825873934228767
20211125,164,42,254,6,0.05649712948262717,0.053677457050092095
20190131,320,26,380,15,0.051136505605735794,0.12450958656699321
20240717,119,22,745,11,0.10530491185418442,0.08007364740457276
20230213,186,10,285,14,0.13396492204192745,0.09069466261344027
20150813,173,46,741,1,0.03508885022916475,0.07126395794970061
20160101,179,26,518,13,0.13896756947593264,0.07476010912061447
20200904,123,9,477,3,0.021510477222706905,0.05710401408414591
20150712,179,3,776,1,0.13276365473640964,0.11482352457102972
20180124,165,36,876,16,0.0859568012583382,0.10002468806272628
20250325,177,12,589,9,0.10967410991905237,0.13994310070619326
20200523,367,24,121,17,0.048986220065823136,0.10551602118491679
20160719,53,41,135,17,0.11060351643871004,0.13156139731611882
20190717,113,30,262,9,0.12368922607873023,0.07082481767449639
20161212,300,38,301,16,0.07299899701780597,0.12874811237327982
20150206,467,40,10,15,0.10104061935378207,0.08692091492224374
20250212,211,27,999,15,0.05500596004222805,0.1284664704376045
20230116,169,47,185,12,0.03473078635774281,0.1006909768830524
20180423,327,14,802,17,0.14655421577870517,0.10299301938889154
20160531,246,28,561,11,0.026063344161436276,0.08900270751458228
20150614,196,36,284,10,0.03939670565774844,0.07059451150200582
20220320,31,6,647,13,0.13046387281242924,0.05097656091917355
20240930,166,27,564,6,0.12004460005098895,0.09926884813607005
20180107,172,38,993,11,0.13291516679831938,0.14505637647761827
20200906,240,36,932,19,0.11089398937619367,0.07982204853060847
20210719,270,42,289,4,0.04784262707283836,0.052696776868610365
20220205,89,10,532,17,0.09159595337784618,0.14839762778814453
20190223,93,19,827,18,0.12974425404368228,0.050400332507115446
20161016,8,40,471,11,0.13147784783070962,0.09004927149387097
20240727,426,7,673,9,0.06778375844881761,0.11354934799550892
20180717,412,2,839,20,0.053093841889463644,0.05996791338569614
20210925,228,11,471,13,0.13835561052485054,0.14637910351415748
20230317,338,30,936,1,0.09015617480201635,0.11947727207404804
20230119,129,13,370,1,0.05254939253584205,0.12223150197660562
20200218,470,27,197,17,0.044517078182726016,0.14291608234418784
20240123,415,12,639,7,0.06918628469966603,0.05012668581735927
20240212,114,1,996,19,0.1324202338201159,0.14898197548534123
20210420,257,45,500,18,0.12549464116761766,0.05438423239234132
20171219,413,30,280,17,0.09806328325531459,0.06506476618106945
20150122,79,1,236,10,0.1440193612117758,0.08431076296978202
20211218,405,20,378,20,0.07538729285136835,0.10151976149057339
20231010,287,46,83,17,0.09010949821083747,0.08540578661099306
20240326,422,18,557,15,0.12136177908159858,0.13660045520575306
20230611,475,21,782,18,0.030642283812730674,0.05743812976491104
20160119,152,8,115,16,0.12208090046073335,0.05562912701411138
20150617,446,38,14,5,0.0554337635410528,0.12213107559202403
20210808,244,11,246,15,0.07611373099308912,0.11851506161730545
20250805,35,3,289,15,0.06373816171913697,0.13966662641040645
20160107,218,21,932,15,0.1152631623824125,0.10375148476636364
20201225,475,8,699,6,0.022744485153348093,0.09445835132699695
20171008,83,19,588,15,0.12858413412178094,0.1279980404874353
20240226,116,42,328,8,0.14534283482757993,0.08106594406907208
20191127,422,11,445,16,0.041718006116854736,0.09944906908561679
20211206,445,29,91,19,0.06009717330297468,0.10757280889650991
20250617,365,18,735,12,0.06357244606761878,0.12416565090871012
20190213,401,5,324,9,0.0782189700457447,0.09593369767192889
20181107,74,15,542,20,0.10438899974051259,0.14834094523422542
20171125,80,33,612,1,0.071349765724415,0.06585595774265525
20150503,188,46,364,3,0.03591422853967105,0.11163749488305341
20151110,256,27,192,9,0.1183757773410933,0.07930419721569323
20220520,339,15,404,11,0.10452949201441247,0.14328108545745155
20170813,93,10,280,19,0.0645548574022821,0.10406716563108082
20180426,285,35,823,8,0.042942193539754904,0.1337743870929204
20250913,67,32,950,2,0.02726850062099878,0.14768431853396682
20190410,301,8,654,9,0.07866209822894281,0.09418599463286928
20220925,367,29,821,7,0.02715692121050962,0.11112261667253462
20160512,152,50,230,13,0.12122781527609498,0.08725946646514787
20230905,307,15,183,17,0.11210339766446077,0.12243005519745254
20251113,198,10,220,3,0.14458659158952916,0.10708236999762805
20210429,499,49,357,12,0.11962873388386541,0.0590909165433689
20151001,95,13,17,11,0.0712740428525458,0.09533648947571807
20190423,375,40,192,14,0.027756450874534468,0.12456174560299013
20200804,473,43,420,17,0.1237852298506695,0.10450034603285396
20221127,218,35,368,3,0.14821262648265596,0.08395211724759574
20171103,410,32,311,5,0.04676765627319891,0.05781837325288463
20200723,396,21,160,9,0.127949095333586,0.1497471316507532
20150519,469,50,880,14,0.037610045753646855,0.05075509368817274
20240604,102,4,252,10,0.1230252668633645,0.10598620228899636
20230724,214,3,509,17,0.1192376958193552,0.11289104172116342
20170712,345,33,149,6,0.11644315755459025,0.05122890144047875
20151009,407,45,983,4,0.06713189891986354,0.07946863612846009
20230517,273,1,161,17,0.06360538682092846,0.12901201149863079
20200321,98,40,410,9,0.09252391878625296,0.08088994569398077
20210704,52,21,536,15,0.09877908774734583,0.08898033228109374
20161206,376,45,977,15,0.12673142987536107,0.08020345063207734
20150309,484,23,780,6,0.13635991024157834,0.10467309481774786
20200415,304,22,43,6,0.04140890354635632,0.10972322031318035
20150103,184,25,945,12,0.04434799823845058,0.11257406957101888
20161127,90,19,346,1,0.13482305512856801,0.12922452393046896
20170531,169,47,413,10,0.058640445860800805,0.13239950569934694
20240515,122,41,180,4,0.08876489217535694,0.07736643348249116
20150723,290,16,788,6,0.07364344205988078,0.05756558252186971
20180719,429,21,46,1,0.11051957203516687,0.05066513001801798
20171128,284,43,165,20,0.021596594472967506,0.11620981117304517
20190824,304,12,848,13,0.14848851911595298,0.07782580163382216
20190919,442,13,158,12,0.053355735080151845,0.14115477085546266
20190904,336,18,362,8,0.04564958678927655,0.10898568974815051
20230427,445,11,737,6,0.14811224172654355,0.09238496037483655
20200117,267,27,770,1,0.08022163516582659,0.14045667176832177
20200222,343,42,625,13,0.1274111889700721,0.14317168399183727
20161205,355,10,93,4,0.04424269646023063,0.10053926427088211
20151019,14,23,650,7,0.10467316178866434,0.08464591943361302
20240120,28,30,848,1,0.11617715389909813,0.11282813310140934
20240618,173,8,214,6,0.031939652585185885,0.10049847774532833
20150511,216,37,953,14,0.03864600091481994,0.14049905350728148
20220205,266,50,154,16,0.09937529457191424,0.13048702826163877
20150215,20,14,639,20,0.11041650105358854,0.09510483106339168
20200608,162,49,448,8,0.11185037390650783,0.14922041585694418
20230225,334,40,596,4,0.06872801335200011,0.08476477789165594
20160702,58,17,592,2,0.1211788408821118,0.1302968448525671
20230210,385,20,773,17,0.0828571143385189,0.07758615305414149
20190730,215,12,253,12,0.09235432231809883,0.08185999032007311
20210828,202,26,296,9,0.10875718406514592,0.1300878156064484
20171112,302,15,151,14,0.1257071512557708,0.0968432113049374
20210510,254,37,764,12,0.11994858654414921,0.06571290047514779
20230710,351,30,740,7,0.06128621403094593,0.14958788644086776
20190510,157,37,962,19,0.06019585446943006,0.14127027857382252
20221017,342,25,468,4,0.14904050506127745,0.14510460927949945
20160515,293,44,646,20,0.12364378683934851,0.08452984789458975
20241220,73,46,37,13,0.1273602705237656,0.13838542660925493
20150503,185,11,804,7,0.12314590760380618,0.08926908348326663
20250216,482,28,959,10,0.04055634285593633,0.0554487150249528
20241002,190,16,357,11,0.13983705826841433,0.10478222836484322
20210517,273,14,131,19,0.08359826216570614,0.11525712521165361
20230903,297,28,293,1,0.1442243611918598,0.06002672755545414
20181121,192,17,111,9,0.09191198649164874,0.07498747938507834
20200821,253,40,686,14,0.036319955566893436,0.14281347768279568
20150207,66,21,423,1,0.06829871969570847,0.0650587717985104
20210214,377,23,212,19,0.03376391090630448,0.09559096470386405
20170831,58,21,319,8,0.09408324152483806,0.13184911184793247
20180513,7,49,972,12,0.11435935269284839,0.08675708922244409
20160902,234,26,674,15,0.1350445486123684,0.1408235167320821
20250808,90,46,370,4,0.07153975228549529,0.09915552015471618
20160710,230,31,117,6,0.0729025162049145,0.11262150940064912
20211204,279,35,629,13,0.13412567028805036,0.09075491956342471
20180329,146,6,498,11,0.0234074670780505,0.07010362257716105
20160823,415,24,147,3,0.12200365092136066,0.05289247254658963
20240426,65,29,8,9,0.12346901355415399,0.11735274531444967
20170120,357,17,602,17,0.13820050214401305,0.10625333220825872
20180423,109,39,410,16,0.14789857074688134,0.07869110999916182
20151229,33,26,82,20,0.08121601119951899,0.08872537267240457
20220424,36,25,153,1,0.08622274593578953,0.12969867466471044
20160418,261,4,979,17,0.027078217098576156,0.13767597811308654
20211209,212,34,12,4,0.021319172304105866,0.12421006127210463
20220816,207,49,990,1,0.06064162083299482,0.10072676445845297
20170310,2,26,785,13,0.031487065096925275,0.1052576392731812
20181224,90,7,871,11,0.07225941269684152,0.06970136040607514
20250826,132,8,740,17,0.11165854182022632,0.09626183762329175
20210605,400,28,335,10,0.0919829672387754,0.12902371551082734
20220118,82,43,992,10,0.12194741274912131,0.13516378643085952
20170315,324,9,504,14,0.11243255044507788,0.11815205882992887
20210910,283,25,58,20,0.060445494803988406,0.10657220419081079
20180221,405,23,478,1,0.08083879257574964,0.12873243082145835
20221221,493,23,263,14,0.059479197261478614,0.05864315420083759
20160401,5,11,294,15,0.13702374633570377,0.09195905856143065
20170513,427,14,352,13,0.03613720247706964,0.08546675154917872
20180818,327,14,946,10,0.10842897292009723,0.11511448880296601
20161204,68,13,222,10,0.09096117585867511,0.11985366619425428
20160624,417,21,522,15,0.05338580827944574,0.11831596439820283
20180821,114,36,960,14,0.06473676744228593,0.131179729581293
20220125,384,8,149,17,0.12861864417961208,0.12214003517738514
20250506,209,38,91,14,0.13966738814034654,0.10166748783394944
20170117,428,42,856,17,0.08896650880004986,0.1157963558324079
20190824,165,34,794,9,0.05062112930322583,0.13457193026305045
20190630,231,7,23,19,0.025993322291956306,0.14920498649515446
20240319,368,34,392,1,0.07901757903764225,0.11871829654056178
20160411,259,35,514,5,0.09794273458354832,0.14216624062344124
20181210,391,6,246,9,0.04147336219233813,0.14761765725662046
20220925,65,31,51,3,0.11513305493155773,0.11843568186974217
20200607,430,14,913,12,0.05114508487306053,0.09302339862816078
20190118,336,42,967,10,0.09510429976277325,0.08835847420330564
20240701,412,50,397,19,0.09961337410197672,0.06713908395988889
20220923,60,24,169,5,0.041651109736568936,0.12988551590904113
20150315,146,36,906,9,0.13952354574117765,0.05277020776546734
20251224,254,38,644,17,0.14399114936016674,0.10065005673099794
20240123,386,45,164,2,0.06755409188432494,0.13596946376074465
20220920,280,33,144,1,0.14504757394457887,0.07658804095538115
20220218,443,25,661,6,0.13861969899772028,0.13041174357685217
20231227,478,30,352,1,0.09055891082056927,0.10927999269476807
20170714,483,48,818,7,0.1433773454360215,0.05314628755378358
20241208,457,9,146,2,0.0945275364507007,0.10323157371360785
20150423,498,26,505,5,0.09364799780534593,0.13592880967018706
20160820,471,19,405,4,0.13155350138111888,0.1331382582353037
20160114,155,15,84,18,0.07423537050401188,0.08284293571762466
20210719,443,3,936,16,0.08114599950477085,0.14935841988266274
20170611,312,24,311,20,0.03657617440812261,0.09158704363028944
20231212,76,1,996,19,0.1403338471259464,0.1174781633877006
20200209,77,48,570,17,0.08771704514407436,0.0760503110699435
20180621,31,44,524,15,0.03020577092111446,0.13326970236040636
20160714,264,22,989,20,0.14759805450370148,0.11635594697859755
20180928,102,45,409,12,0.1275361591473027,0.09000282699991337
20220716,405,44,128,17,0.08656402934251622,0.09504413287635158
20150430,483,21,884,9,0.041995256981294,0.06659341347245931
20231011,234,50,805,18,0.12306065768536979,0.14503914591160988
20190216,128,19,136,10,0.06595818684310147,0.10575089740675431
20150814,268,26,536,10,0.08178403534650718,0.11145461510921989
20211028,60,32,387,7,0.06890229417543506,0.05411534202178482
20201207,218,24,653,12,0.13395110637100263,0.13057232678239297
20210120,456,28,828,14,0.12235147975883283,0.09793529499684603
20240823,265,35,312,2,0.04298938778008078,0.12521015790496728
20230307,336,11,258,18,0.10180706366076589,0.10189421946412447
20240907,480,25,469,9,0.057752069525217734,0.1144542744938579
20170713,324,38,980,16,0.03587163205876681,0.1314866076766243
20220103,475,20,628,13,0.14903555148065278,0.060573854227978
20160702,95,11,130,11,0.05048413120230995,0.09900892087376172
20210414,84,32,728,20,0.047738743383975116,0.14974193174613537
20220112,243,49,242,10,0.10758596052093909,0.08335262756081005
20200227,57,16,458,7,0.045111187741109685,0.11248185385286341
20250414,110,50,943,13,0.04964856883606422,0.06236028605177597
20250902,329,43,304,8,0.09282429543747504,0.12453185600152708
20150127,355,37,652,8,0.03555707957736324,0.13844907085689825
20160411,96,15,356,3,0.107224071500256,0.14440760641183625
20240422,89,4,393,5,0.037203324993943715,0.08960345322615323
20170909,239,40,573,4,0.11956936588949513,0.06662713021606385
20191109,429,9,598,15,0.12441159079294647,0.11641451802366283
20190811,28,22,951,13,0.04376120126119683,0.09297908549679165
20170820,61,32,70,1,0.032802715181129025,0.06655366400122806
20220622,154,44,107,19,0.12390357095493812,0.056576188760120306
20211212,312,46,341,17,0.02612942211307927,0.10240013360566097
20230901,327,19,555,16,0.07553355653121584,0.10155659062421343
20231006,288,43,501,15,0.10713439436703373,0.12369314696341285
20150725,219,37,326,6,0.13069649414582768,0.13464481798252426
20251022,52,29,865,8,0.05139090645102086,0.14033693051239118
20241027,9,48,474,11,0.04119006590874203,0.09217948076851455
20180803,442,28,203,6,0.06624662547052469,0.11852412241035824
20250514,152,39,939,8,0.05025858973084574,0.10320998477467966
20231213,401,35,790,18,0.10513590175153459,0.07367055401493701
20170417,386,19,635,13,0.07500246002753173,0.08790001321983985
20240621,489,35,820,6,0.05234825136764999,0.07934213872830975
20160331,155,48,960,14,0.07080694660518179,0.14893911137703772
20210920,181,8,504,9,0.07139955910710197,0.09276107992537952
20231206,59,38,588,11,0.14966064069780752,0.09331770264762237
20201013,42,17,212,13,0.09025674389877682,0.06609542686540258
20170819,173,8,33,2,0.12038801637279813,0.08880662241890694
20250907,143,19,296,5,0.10266427076605765,0.09062229050819408
20201010,173,15,641,2,0.04915553056327764,0.08340608306394376
20161222,66,32,790,5,0.056196174786970476,0.14648812144635948
20171018,254,38,355,3,0.09948363149949518,0.06718402256409689
20180331,271,21,184,19,0.10906305837123675,0.06591805171502081
20250805,342,40,251,7,0.037162877025442125,0.11209313731522344
20200507,378,18,74,9,0.04408212419571088,0.1057701290680991
20150315,311,14,644,4,0.030221849328837095,0.09807132249684969
20211002,342,30,609,13,0.0474608093120409,0.09797427157821564
20150623,89,20,733,3,0.030321461845889706,0.11660113774842983
20250113,152,48,61,11,0.07256762693118465,0.06384116734644582
20220306,364,45,865,15,0.10376067561202117,0.11536272465839524
20250918,72,2,609,3,0.09903439394932524,0.11670733811724322
20150219,185,31,986,4,0.14480641790064314,0.12613668795565708
20170916,280,33,371,7,0.043609120362552614,0.1494196613730595
20250604,26,14,198,2,0.09937790538899259,0.13129889114444465
20180716,86,50,310,15,0.10123758612075942,0.08605173147442488
20210224,467,42,72,15,0.060211757159997145,0.0842379339071326
20160212,442,42,320,9,0.026549657152866078,0.12884958484238096
20150518,378,39,695,4,0.11946406072933895,0.07817655639038136
20150602,354,41,368,15,0.1307100970761597,0.13263408292911733
20240826,36,29,836,2,0.11317675858421634,0.13868115943860565
20160303,99,13,637,11,0.09243381103109777,0.06647877300694119
20170716,312,23,243,10,0.14689836978549312,0.05445729007520461
20220114,240,11,28,18,0.121623398707899,0.1032807928593506
20240217,367,6,245,4,0.14367020003949185,0.057563054577344265
20180321,299,31,530,13,0.02679979167230592,0.10620838287091813
20230306,172,49,917,16,0.13870425037686354,0.12463283036050334
20250904,366,42,799,19,0.1478366802403948,0.0919743683428573
20251122,324,5,488,11,0.02405006010820344,0.06870057068201506
20220223,499,12,209,3,0.057513449200082514,0.13112816866449672
20160515,228,15,959,15,0.0631920922541956,0.1220906829661321
20170118,355,28,406,2,0.057681196403662774,0.06142044179571633
20170502,66,16,500,3,0.09027119813450579,0.14975806032354785
20150206,279,7,586,10,0.03624208426994972,0.11128232531975979
20180408,407,7,12,1,0.1415040676129614,0.06145122058384078
20190627,211,32,665,5,0.04971268423420982,0.14953624060292547
20200318,454,4,275,16,0.04375256006403561,0.0598072526850054
20220723,170,2,202,20,0.038110187518390445,0.0889756466669838
20160630,282,22,737,15,0.07628281850011845,0.05882429160530957
20180330,189,22,113,13,0.051020776180526084,0.14510809784589607
20210117,57,26,982,3,0.06587094951234569,0.06914365922729222
20241205,28,27,988,15,0.04310025282125543,0.11725245231025559
20250826,17,25,767,9,0.032435260738366896,0.055181341945462085
20161201,91,33,22,9,0.10706626396703722,0.0903858253385793
20240724,61,10,764,17,0.13220637027375856,0.08811336721439787
20150611,107,49,64,12,0.04690999316147715,0.05646669825982357
20160208,214,11,516,8,0.10177296474399236,0.05058594189299495
20151025,125,22,645,16,0.05934366926066405,0.09664517083297153
20200822,41,29,344,11,0.12527605030914157,0.09320738432908686
20191021,388,36,1,12,0.10157443166477037,0.12283813730185117
20250907,60,34,882,16,0.11421223584359862,0.08029855210501467
20171125,369,41,100,4,0.061747424603910944,0.05234774995567104
20150918,467,5,111,17,0.047835224044631586,0.14223011458993323
20210511,5,1,160,7,0.06325889381709421,0.1176078414272003
20180526,460,11,18,9,0.06997488435969353,0.06485666873801724
20220710,409,25,748,1,0.05922241306852828,0.098090044350852
20220726,139,40,427,15,0.13430048140074402,0.07786405391749088
20220614,170,26,545,9,0.09743581414598904,0.12655768856714783
20181214,135,11,690,14,0.13661145080256495,0.09470911370950663
20210219,188,21,848,5,0.06590724386371412,0.1126150823378528
20180209,392,29,85,1,0.1246381337000038,0.11470113720949981
20190210,480,20,310,18,0.14898283008349653,0.1209202079130376
20170704,59,14,872,8,0.05734155918221309,0.14318920643319522
20190206,442,43,590,10,0.06521428128573387,0.10151678889206556
20200208,317,46,266,7,0.04548797745485644,0.06976974321611461
20250529,377,28,607,17,0.12453768564254308,0.08763044522245107
20200124,423,41,802,11,0.051714873922940885,0.09144708007079036
20160808,222,40,423,13,0.06635726829600772,0.0554364237079558
20240719,459,13,422,5,0.08425173238970522,0.13330564548661272
20230314,97,27,614,18,0.0726892014942981,0.051924039971902924
20180716,335,15,949,19,0.10533251869079081,0.11454919263261738
20201008,260,31,45,13,0.05139609845946816,0.053700501068198216
20180622,217,20,32,1,0.03978808128699961,0.06602927077261081
20240801,81,38,568,4,0.02926608258101286,0.10083598623850515
20210703,38,41,100,4,0.10305842091016415,0.10438750705483545
20170911,150,32,482,12,0.035392208753480495,0.10951870178326475
20180331,345,19,317,20,0.03197961166971593,0.1185221847513834
20211225,357,31,620,15,0.07159067117605403,0.13473216125949383
20200126,444,28,854,5,0.07458540135100314,0.13176150550658228
20250929,248,30,96,3,0.12756063430867953,0.057957670892368446
20170821,77,24,494,9,0.09168855679813476,0.05419739318889141
20240402,45,12,621,2,0.11945478827440781,0.0766535800749105
20230807,325,39,901,20,0.05853240932542279,0.0831567127414847
20150704,303,33,405,10,0.09037658864098976,0.0749020074856346
20220411,201,29,477,12,0.09729043438463453,0.10629158832891716
20180319,91,5,514,20,0.023830595880697497,0.08208564531089804
20230717,36,21,686,18,0.07066496041417696,0.1383908496884311
20250213,10,41,523,2,0.06405143675736,0.1394979311062669
20211221,396,8,707,3,0.09168741313640245,0.053738916163835
20220711,434,14,477,19,0.109662302104327,0.09479518732498071
20230407,351,34,938,7,0.12732664346421885,0.05270032719359649
20211104,82,12,963,4,0.07331305270569038,0.09429023832368541
20150813,31,45,944,14,0.11661824127697329,0.06084992875438781
20181025,252,18,364,3,0.051417507355593195,0.08940084503600927
20160519,289,49,787,5,0.03411676545838339,0.11327768170659029
20190115,23,1,105,19,0.12860472070360784,0.13028399054501666
20230329,399,43,893,16,0.06829304516702753,0.06973691348825542
20170228,261,5,707,3,0.11367705558603426,0.08059345979764442
20240515,321,33,105,10,0.06899360345152344,0.13824229615272404
20180813,13,6,430,15,0.02411754228729279,0.0916984443773958
20160616,175,40,911,11,0.14267779508108977,0.1238755426679603
20191021,270,11,517,14,0.0886115049572963,0.10897368427746121
20151022,72,28,639,6,0.10882541946053431,0.0652145615544688
20191005,36,36,758,3,0.0559291304901882,0.09907105600238325
20161003,492,15,849,18,0.09983828054361552,0.05431328888197953
20220317,71,19,829,12,0.08045495719633416,0.1316130185216648
20200929,151,13,702,8,0.03415556246657879,0.09501540492120891
20180822,127,3,498,16,0.10782908492668009,0.1244550429617177
20240109,234,17,445,16,0.035586250769359756,0.10060773429207369
20150827,298,40,15,1,0.11607853842685319,0.07735230625543343
20240102,24,47,118,15,0.13121847666135017,0.1478467564635154
20190328,273,19,540,4,0.06505697825774191,0.1383928501976006
20250928,365,7,303,12,0.0960114472094228,0.13666351717354702
20210426,201,22,486,18,0.04266542461439996,0.09391510420365032
20151102,237,18,942,11,0.06528980226309311,0.0811009125363912
20250709,153,21,924,5,0.06422640797218761,0.054374320490682665
20171218,468,20,487,18,0.07708750561389437,0.13223248834196505
20160110,338,2,126,16,0.10781490827042992,0.11018488888212383
20150610,429,42,796,17,0.04094730962159678,0.05879262409904723
20220922,189,42,755,19,0.09766337419191197,0.07025966047620873
20190114,41,39,471,19,0.11153770115652865,0.07391902507706234
20190912,180,49,896,8,0.027271398900882524,0.07252048057636913
20160602,378,20,503,10,0.03740845461084463,0.14566385063468637
20190820,329,31,48,17,0.0345016134772732,0.06378330765818602
20240610,141,10,515,11,0.0634800829900783,0.13969899677617695
20250421,405,18,35,20,0.05697014033550167,0.06274599033262668
20180613,50,11,901,9,0.039803040735744956,0.06832140271132181
20190726,227,42,881,5,0.091784557550046,0.09902715181081939
20181220,118,39,827,20,0.14607412313388063,0.11831826350040071
20230902,174,37,510,1,0.14313754712672178,0.05433606771086296
20200601,111,3,201,15,0.13036675084913565,0.1237368527653025
20180205,298,8,726,8,0.09962224616718499,0.07436876811570374
20161125,387,7,244,5,0.07220054243840457,0.08080641236612739
20160111,321,31,379,10,0.042651494108601,0.07610018080397016
20200929,103,47,584,19,0.023520599427795268,0.10638741280062268
20151013,294,11,79,19,0.08850218099355912,0.06988609668530232
20250819,213,11,282,12,0.06661951139568242,0.14315489530709508
20200128,218,49,47,17,0.11135875892474721,0.05694255132190651
20150521,278,21,773,11,0.07932725105885521,0.07566597511784762
20190726,188,23,262,13,0.03618897318055818,0.055050437598935346
20190603,19,43,760,14,0.06838776232859786,0.10766789162288315
20200420,384,35,82,12,0.12433528525811362,0.12384358356037091
20190513,261,29,804,7,0.12919660078152856,0.10965111069442568
20200316,32,8,108,20,0.034001481053368005,0.07666659390578848
20150403,91,13,891,7,0.08936054458197944,0.06526380021038432
20151123,313,12,764,14,0.11653207160680923,0.11994275421870927
20240407,473,24,287,7,0.13518033337855984,0.11389505348173938
20200713,402,3,204,9,0.06280522065877954,0.11041036685689687
20210906,67,44,994,8,0.0635481097733468,0.1397415074485522
20210713,186,44,924,8,0.1370660397034865,0.05447509157659837
20190709,54,28,555,15,0.11853486842636908,0.07481719811454252
20170704,60,24,691,17,0.14877579342755934,0.07250959587377363
20171002,381,16,314,1,0.14593450240576006,0.08024841643949814
20220716,493,24,775,6,0.1477655127636753,0.10887002560200534
20200701,494,38,199,1,0.023134907550048198,0.05584815883784321
20160619,78,45,578,16,0.04282394727327903,0.07767300077451135
20230225,315,20,542,19,0.12780469870855823,0.0849694170928405
20160811,239,47,822,11,0.10758663265150012,0.08727406550077374
20160215,319,50,673,4,0.11564077107348801,0.10148330691188609
20230320,214,7,911,8,0.10358676820459513,0.09497053391800397
20200907,93,13,983,17,0.03293950243345663,0.08297918486082594
20201225,412,45,65,10,0.09268104397563136,0.10425114069487978
20190728,319,3,980,20,0.06503041062688014,0.0741617317651913
20231220,131,31,561,20,0.06407934788008916,0.05262513623837173
20171003,95,38,721,15,0.029958604118064704,0.06547720422776811
20220206,333,8,343,9,0.10154982279498254,0.14978430495182216
20231023,29,22,855,5,0.12492436001978845,0.05575925103400815
20181014,493,36,262,8,0.028255203373908303,0.1450429399048367
20230724,313,41,621,10,0.12297430210288422,0.13116326826330474
20200103,381,26,468,16,0.11214782605707524,0.08061011531016148
20210803,448,48,579,12,0.0342070712635951,0.1474565618671539
20230310,137,32,431,5,0.030480475771431533,0.09104986654630197
20221209,212,29,501,14,0.1141681140189069,0.08982315837183295
20240110,196,16,342,10,0.0741014046314219,0.11077564873260679
20231005,130,21,435,17,0.05166007581916855,0.06075522982291324
20160102,194,38,167,19,0.08782538223571217,0.119414010587688
20240426,318,48,712,3,0.14207610188393052,0.14445046150910962
20160113,285,42,149,9,0.06895075695543042,0.12035329151354124
20150502,338,3,435,12,0.11792362709851624,0.08173285506722575
20170821,221,14,439,18,0.09555966672662476,0.12613217354224082
20150417,380,11,775,2,0.05911259851693307,0.13036349631583435
20210629,101,48,939,19,0.05919723383584306,0.14077341089262468
20220320,115,6,376,16,0.14449545428166496,0.1357024200505289
20190104,113,49,902,14,0.14759126759359292,0.06971060070435
20180922,72,22,467,7,0.02857338720623876,0.0880034676452379
20170315,61,43,230,17,0.0426082886558771,0.07342859291269772
20200710,81,45,946,19,0.1281029395159213,0.1093129243452042
20150328,312,24,807,17,0.13439031062939671,0.09452742909423037
20161025,169,29,130,17,0.049727038814702765,0.07252208370180056
20151029,222,37,786,3,0.12343666698526763,0.1340259556833458
20241124,337,1,929,9,0.023990328228321176,0.13362238470313598
20180116,254,26,728,15,0.04596174251347282,0.1064716482385436
20161125,149,21,303,2,0.04030452447333063,0.12013358605343086
20150523,402,20,20,7,0.0438896730780565,0.1208595101364074
20161110,415,44,870,5,0.05808840596439922,0.05721952187469274
20230417,107,33,785,17,0.1239245436765564,0.0970899160720709
20180808,379,47,313,18,0.11376529656766321,0.09146853231680133
20190711,331,35,865,5,0.0781849638881319,0.10111417067731235
20240723,53,36,535,3,0.13805038412719206,0.13726390365649455
20221005,252,38,549,13,0.0362884716846801,0.06550980563540705
20240830,305,30,540,16,0.11909069740910753,0.10920278976980777
20200710,108,48,398,19,0.06109436631247245,0.05039504503491217
20150722,227,4,933,17,0.05995358538207571,0.11016727250256578
20201207,249,10,208,1,0.031201751079762384,0.08532955746082371
20211127,398,21,978,13,0.133855277007725,0.11662271217587368
20151209,14,34,905,6,0.09830989462444936,0.06968705148142161
20201215,276,32,661,14,0.0662729757308981,0.10951507557824192
20250522,28,40,269,3,0.022535936549924113,0.1246911422789347
20160310,287,21,227,7,0.06918040189458319,0.08030741267712721
20160920,410,24,801,5,0.044519781044140394,0.08241884469584213
20171102,432,30,894,3,0.12412879102540877,0.09873968752317673
20210703,441,36,570,16,0.08429292784402966,0.07585377857882335
20240624,41,18,385,12,0.12032866928475859,0.128627494570706
20170408,358,44,121,3,0.07891078253724089,0.13328875233281512
20160608,229,21,626,20,0.04653117049138117,0.11778504214143645
20160212,221,32,213,12,0.040067089890632145,0.14655596487883754
20220419,157,38,219,9,0.03454770335844913,0.08087071982190737
20230614,159,23,993,19,0.06702389997831859,0.09829339996643821
20241229,87,2,910,18,0.13909975688605142,0.09746045742652198
20150926,104,35,507,12,0.07057516520818952,0.11324909535833563
20180321,248,16,107,6,0.07289310899568544,0.09634595018220785
20221006,157,10,29,20,0.08671113374044735,0.11921572932915948
20250722,173,43,927,1,0.1142148290585703,0.06258049885203078
20150919,212,30,389,6,0.14294341698899446,0.13292850749049112
20231117,356,23,741,19,0.048468050048458694,0.06077312789408577
20230609,467,29,839,3,0.08081085733485101,0.13140188100965755
20180415,246,22,882,1,0.1475247677312773,0.13573709280244006
20241126,458,8,546,9,0.0831922650097358,0.11711538878332714
20220513,180,2,999,5,0.1213281833338224,0.07147236906928763
20250413,459,29,281,10,0.14694462315597773,0.10802410813202527
20200202,9,49,242,7,0.08990973453947643,0.1269446388153327
20190520,202,8,810,17,0.023217557704480755,0.10742481029581616
20250214,425,17,905,20,0.10425419444407966,0.10703485276822577
20220806,337,8,376,8,0.09599843269622975,0.07472874463635526
20231103,200,7,755,8,0.07270937464506841,0.12094491040816585
20230625,460,11,66,16,0.1058003437453512,0.07468346448771317
20180322,366,1,835,6,0.11141407633102236,0.11810979430968302
20170525,98,40,972,17,0.08168316899497431,0.050523784164304655
20180921,499,18,715,17,0.03373607145859158,0.11538890258512116
20200630,355,26,978,15,0.08047569382474708,0.1142422686258114
20230525,392,41,746,4,0.13345117605390178,0.09273466267395197
20210412,156,16,739,4,0.0850046270551822,0.0981591960171582
20250514,395,41,935,5,0.07638728759176372,0.08404453391205183
20190724,411,15,464,13,0.050814998823642404,0.1337243456433358
20190621,423,41,742,1,0.08428107149144368,0.059022864815185476
20150720,473,8,99,19,0.059548582903056674,0.05813833833494661
20150820,245,14,138,20,0.10416652340888669,0.08838945524853999
20230917,116,49,745,11,0.12571914978691404,0.10412335543247084
20161229,394,15,346,14,0.03567219513001463,0.09511937544143978
20181120,258,35,538,3,0.05562121670936597,0.07363833803525824
20190503,470,37,108,16,0.06944676159941741,0.1418867532312943
20190607,349,43,630,2,0.07939854797287205,0.109745123770433
20180923,29,46,936,4,0.105288856622472,0.133971041535763
20210712,97,47,406,13,0.08439548674408417,0.11283917554784885
20230602,365,45,925,8,0.09360277563379245,0.08042129066355383
20170220,150,15,118,19,0.08606030874630054,0.11407039804995114
20230905,213,18,363,18,0.053029993607150425,0.05933645482102691
20180117,385,49,656,11,0.06537269957928542,0.10211665339625584
20161013,403,3,457,19,0.13586980254321657,0.10007040213953193
20180401,70,32,694,8,0.03185352348005469,0.0765235289986802
20200222,49,26,521,19,0.14065461258851988,0.08467169676133345
20190204,329,10,686,11,0.08492206265443102,0.11354685497540302
20180323,268,18,522,19,0.0783519048369669,0.1262822663752426
20250424,231,37,597,16,0.05900789878886113,0.09543772972045747
20200916,234,14,42,7,0.0503144001614593,0.08387814183240835
20190813,166,39,251,14,0.031227300018854598,0.09061355844596389
20210508,76,18,931,8,0.10567061991366081,0.11401231885201119
20160322,77,15,867,19,0.14142983413792584,0.071179116197583
20240824,166,12,696,18,0.04384610356847383,0.12234007324683974
20241215,117,34,297,20,0.05041297734672644,0.12882719052517766
20240813,158,22,459,6,0.13241266923062167,0.1222407698200394
20160703,212,33,29,14,0.027859993729095298,0.07734053891662793
20201031,154,9,733,5,0.05992342023105751,0.06662975541422525
20160913,8,31,784,15,0.07558619900980242,0.1293301531449401
20201019,290,41,373,15,0.058628477638565185,0.07339176718604665
20200919,368,25,835,1,0.0910001502976459,0.11774739154870521
20150203,83,32,97,15,0.09678389903420843,0.13394836183895498
20230218,42,12,239,16,0.11192007560733191,0.09979962136454967
20230407,276,44,328,19,0.11402450795373541,0.12172249024719382
20220222,429,14,811,7,0.06283467425082749,0.07978024770032593
20230420,360,23,792,8,0.10836631375518185,0.14316545129580466
20181004,269,42,847,17,0.1292853988999124,0.05518437151591093
20230418,349,15,750,9,0.06875846601745172,0.14116140402287655
20150224,393,19,796,12,0.030468518041704966,0.09413898557913639
20190210,149,1,297,16,0.054670009665045705,0.12246162555469928
20250429,2,37,499,11,0.1319422565919957,0.0925267455443827
20190127,178,42,748,10,0.037700118785862394,0.11433328486322482
20211125,157,31,363,11,0.11775331714244083,0.05047223250634092
20220902,86,23,244,19,0.09585507836251098,0.06284408635338219
20250502,308,32,565,3,0.05438872403289999,0.11818375666813648
20180611,168,1,951,1,0.054714060807709256,0.1350586019366313
20230507,492,39,680,14,0.029839208183114353,0.09631848448695211
20171226,143,7,458,4,0.0724513710219349,0.08833755286147926
20170208,143,46,938,8,0.08280234030449521,0.13864564517773048
20181109,164,1,704,17,0.14701020244619237,0.0704929452215656
20230302,24,33,10,5,0.033224115873075,0.14458424150725693
20150127,54,4,54,6,0.03177357315094814,0.14655651862493818
20160123,218,35,647,10,0.09190839566775869,0.06138990246847893
20191223,353,23,697,14,0.08879833822435919,0.07040671790921707
20151011,408,2,237,1,0.03689437099781172,0.06227491251951506
20241218,372,37,444,3,0.09397572332485395,0.06188853688801134
20151104,235,2,871,3,0.04194114032643147,0.05391469467672542
20220301,80,46,984,16,0.0816482017636104,0.13355051681530564
20210730,422,34,296,15,0.043707897789263456,0.05702144875691983
20180713,214,8,888,9,0.05029541704166607,0.058511144596992685
20200611,428,44,812,19,0.07633780615576376,0.14988882504134865
20150210,75,23,825,2,0.08317105517921786,0.14991308788813884
20250622,334,9,343,19,0.12465574970541153,0.11002221303330831
20161126,374,46,755,19,0.11236021210565483,0.051394153097273104
20200112,214,18,3,2,0.07698804156365369,0.10702365403351388
20180124,413,10,634,7,0.021651100477933945,0.11964923924201831
20180317,323,27,836,1,0.13686825083198492,0.057234664229422166
20190927,392,1,457,19,0.1287897467186871,0.08831290687298647
20170907,406,25,113,14,0.10057310513308865,0.1424669974171807
20190216,389,24,73,10,0.05356317583604815,0.0701034037261563
20240104,327,25,298,19,0.11345151571614245,0.10986537734696272
20160704,215,11,875,14,0.12351868841774734,0.12579241388454765
20250107,116,35,293,6,0.07086073318516192,0.059235244987424863
20210414,57,17,448,17,0.05672001538928734,0.06373646106848631
20151122,378,5,373,17,0.041597106287935184,0.07085461961208742
20160523,193,19,690,18,0.13479128091708412,0.07967235849484736
20240224,136,13,137,10,0.09488375816443638,0.08399667063076414
20150610,166,14,433,14,0.09541130700106747,0.09240918560573477
20240524,194,19,849,20,0.06163471705917746,0.1359070147237538
20181226,229,5,595,20,0.06763122214288768,0.11599496111343045
20170714,240,16,79,1,0.12759519343685347,0.1421387832419814
20210731,271,1,129,12,0.06337135308729137,0.07708224002798322
20160501,169,3,669,6,0.04140980817696484,0.07351525589374222
20161028,305,18,134,12,0.09163027308361284,0.08853945373986097
20220220,331,48,537,8,0.08599825424525313,0.057856938588146035
20230302,158,29,769,10,0.0408222770945184,0.11842110050165669
20160927,399,9,678,10,0.05219617766525862,0.14274836736558166
20151103,389,19,347,20,0.034316567586961846,0.059484038839373414
20160411,484,27,719,2,0.02077213256284349,0.06958367141321052
20150201,415,30,471,8,0.1458605590766001,0.1255104350680124
20250618,311,47,393,12,0.022267618596179914,0.05764410282872295
20180923,314,15,676,16,0.06116839627649477,0.1274494409397417
20210905,255,21,549,10,0.08307997204553169,0.11230158450308769
20160815,363,35,230,6,0.13248281227342262,0.1287582192864677
20150829,390,36,86,18,0.1300253066280609,0.13717451281200438
20251208,10,41,223,18,0.0586303214949566,0.10494011103788972
20170404,124,45,166,14,0.04284466152652554,0.1368646914031743
20180811,17,46,552,18,0.11942603397823644,0.05683362889240637
20221104,170,40,849,14,0.11935094041926984,0.0714167019925541
20240201,145,38,549,2,0.04108724034053664,0.10549821892566041
20180516,97,40,858,9,0.05520751650065912,0.10609894194935343
20220425,390,16,818,16,0.14247805031739677,0.08455092006189865
20190927,489,12,344,6,0.036096434579476915,0.07032043237245973
20210402,15,26,575,11,0.09676602326535863,0.05353880242327021
20190313,324,17,743,15,0.14779383127304702,0.09628240625961984
20250327,288,36,114,2,0.0448816895603381,0.09441465892627049
20171119,340,27,140,12,0.10197901685157701,0.053205101890842266
20211208,169,46,86,18,0.13651343195767943,0.09704254827768835
20150525,204,19,759,14,0.12939986094617767,0.0814628865528205
20210503,331,2,144,11,0.05081286326026409,0.05098211480218198
20150131,10,15,439,1,0.042471512548944414,0.12330299238801674
20220403,422,45,222,13,0.09617328274130535,0.12543685499167861
20191129,55,40,161,4,0.1470256351715018,0.08418717518125188
20250708,178,41,370,17,0.14237867083294076,0.10091789251927397
20231213,352,24,678,7,0.04314321984332902,0.12692411278888688
20230516,429,48,926,5,0.13004574703254848,0.09733013164288087
20231203,469,34,48,8,0.0596657659499157,0.08202377320905527
20161203,375,10,238,20,0.08403301255651836,0.061674819072058774
20230114,43,46,995,1,0.14051776680445696,0.11934241532400003
20190723,166,27,901,7,0.10456785654391501,0.05343395696485295
20200820,316,48,217,17,0.1441822826706384,0.14932634697859773
20180611,172,47,992,3,0.07819924571633251,0.057277474924372775
20160418,285,24,73,13,0.13202793823138131,0.05339037350273401
20150613,206,34,122,6,0.024138388773668147,0.09261643511207113
20190106,395,17,736,11,0.13074155655889722,0.1399874238391618
20251224,88,1,416,5,0.08556950809447048,0.14936870291324839
20230402,56,3,551,15,0.03769534749561952,0.08291304668443497
20161221,330,22,413,13,0.12042116237366124,0.07522652752637393
20170227,209,32,376,7,0.05753717417276018,0.07069483323781313
20201112,31,6,904,18,0.043324956523738425,0.09732435604328449
20220505,53,38,163,20,0.03497133869716215,0.1306041311919146
20240102,8,23,564,20,0.13819425753490125,0.09104186160973114
20211102,376,2,494,11,0.025803992016261684,0.09152182404635541
20161019,239,24,203,10,0.03199942879781954,0.13005210953209972
20240429,276,17,320,16,0.02212527394842616,0.06319900040657414
20161107,375,50,89,3,0.03684623236877921,0.14159877156323541
20240208,110,14,318,14,0.048733117952143176,0.12174033093338803
20241002,152,19,652,17,0.06974521920908192,0.11678791866212572
20160824,267,25,987,16,0.05562268104514624,0.05733815438298439
20201029,358,32,494,13,0.08802695334335663,0.06787109305420914
20171202,94,46,748,11,0.06857412889936144,0.09243087550442516
20171027,275,34,63,9,0.14807366180541673,0.07805164739979144
20200605,220,41,107,11,0.13376606099367355,0.09845418285605233
20191012,361,47,612,20,0.10151685381747527,0.06509804999786409
20170402,252,31,620,12,0.024394971938575982,0.13923126483580567
20170325,407,24,447,19,0.12488340461149551,0.10754352340202494
20220908,39,30,517,20,0.07981927798744198,0.11967715454343389
20151212,329,18,261,19,0.13769393384708306,0.050291776146836165
20211218,280,25,910,5,0.12589461657991385,0.14007588225371076
20180923,411,30,415,20,0.14209923137051444,0.07048429527698813
20220217,464,12,791,18,0.14005733689481065,0.05612322644739978
20151026,241,5,527,6,0.0402262389250352,0.11699436269670711
20250314,292,34,333,3,0.13719310436484902,0.11127918189542726
20240612,56,48,170,6,0.07013079996133596,0.08953457117767245
20210730,410,24,628,6,0.09078669270277538,0.13540280126961446
20240422,382,22,596,17,0.028273343843808793,0.14345379963768262
20191013,164,11,246,20,0.12105501283751467,0.06977565864142933
20190729,477,24,724,12,0.12596642002422154,0.061627738483401265
20210702,53,17,132,9,0.12140168264008441,0.08277662273981007
20181225,64,26,624,3,0.03847850127872625,0.1404714525506961
20181216,392,10,248,6,0.13531421870548185,0.12099407875484128
20250928,488,5,1000,11,0.030332361937432724,0.0805659413932186
20170324,436,28,746,1,0.1246283247312893,0.1451990129434621
20241103,436,18,247,4,0.021056098084757197,0.14202531511373356
20180827,393,48,829,19,0.03515888986542396,0.13359306033653945
20160603,312,40,248,19,0.12141075953783254,0.14218460685970025
20150725,465,13,721,17,0.11236911070657044,0.1110374710708266
20180402,72,27,371,13,0.11685335533650568,0.11328864427641001
20231030,398,3,769,3,0.08725522893959388,0.06787551741468624
20190927,155,18,349,11,0.05699836587094513,0.1097582569770438
20201019,451,37,764,9,0.050042561777951584,0.06928271941608857
20181109,47,12,426,12,0.07672774746599084,0.07343069617193833
20240628,374,32,331,8,0.12296855447629532,0.12627142339204123
20250404,390,9,341,20,0.1261859943818921,0.05538453878145479
20250909,30,25,310,12,0.03708575850651073,0.08527454823681832
20210607,252,24,82,4,0.062071785629386436,0.12182559744199019
20250709,117,17,324,12,0.10590587475134729,0.12676385163375214
20160419,496,12,753,10,0.06601466770710947,0.09217377617091016
20230713,2,48,968,3,0.07010324248410518,0.06263467105914544
20250825,264,47,370,20,0.11114784583242963,0.13031925022547963
20240624,352,44,56,20,0.09607557628246609,0.14524783007504194
20160729,346,36,611,15,0.07314729801852872,0.1312634581903606
20161019,168,45,881,15,0.06288655764876849,0.09758528683709226
20211203,298,21,524,11,0.05923700700029487,0.08485721258534998
20250405,266,47,442,6,0.1351174516186739,0.05677169996959565
20200730,295,11,695,1,0.0366514897175179,0.12312759213246202
20250214,316,4,420,5,0.03631134733748577,0.10967476721755529
20250406,496,15,147,1,0.09689794194958452,0.05904580013172305
20150124,366,25,620,19,0.07814595521915614,0.14292964954642512
20220716,3,36,898,7,0.045537807444420916,0.13439691245961008
20230918,257,49,302,11,0.022977432026070308,0.08894112481523851
20160805,89,23,160,12,0.11636536384546259,0.12663845218465353
20150505,79,33,983,10,0.0428617300635942,0.0847477393486661
20220612,96,1,772,14,0.064727447342009,0.13026176502826176
20171207,188,18,634,19,0.06096282252565183,0.06020694697204593
20191020,182,15,75,12,0.03398748098145498,0.08719107097534427
20191025,86,47,153,13,0.06661672637047292,0.12891639942338187
20240403,168,5,849,10,0.044357558114242246,0.1149702093402158
20171202,263,15,842,10,0.020095126881776258,0.10540941596683123
20150606,299,47,421,8,0.06698158580361857,0.10370419490231235
20210907,147,16,755,12,0.04731005685209447,0.13679011759271215
20240415,234,12,568,1,0.12636798446870243,0.11140448413354476
20210208,282,43,19,7,0.11094062224059832,0.09059589225432543
20170519,482,20,87,8,0.058250836530084116,0.0807544519860428
20250317,326,34,723,8,0.05330878985074601,0.0786679835576175
20190607,86,39,37,18,0.07201130518717026,0.10850767966724688
20200520,317,17,487,11,0.13833076523234886,0.07336235527358892
20250729,409,28,700,3,0.06043527203197946,0.1113836626538883
20171007,303,2,890,10,0.08078763016995961,0.05762523291900375
20181031,176,46,659,5,0.12344203440242513,0.12244444061433155
20250508,387,39,359,1,0.03511835862092333,0.14124936703050872
20150527,357,16,324,11,0.04810708798549413,0.12283455761271948
20180524,444,12,990,4,0.08354936367872902,0.14500367677598175
20240226,431,45,212,7,0.061972054378688704,0.059781181319601084
20240810,430,48,642,8,0.14952667311225132,0.09703958204477733
20160406,419,48,887,12,0.107829055950571,0.07000377054355392
20200826,152,29,255,19,0.028500658160321646,0.14451378194529008
20220825,335,27,414,3,0.08976896480354403,0.1315560801281096
20160428,135,21,169,8,0.054228644664813794,0.10033443389525887
20171106,86,38,397,19,0.04828647179317279,0.05578368907474458
20250325,403,13,788,1,0.102313268917884,0.05915168033260512
20150426,428,7,869,20,0.07377790069835866,0.10623101677667085
20200822,424,49,270,14,0.11174022159767527,0.10858535453690608
20170913,403,33,91,2,0.10737959316153677,0.11632974217500841
20150916,297,47,451,12,0.11829650131074315,0.10089764878932755
20211028,336,8,778,3,0.102703107632656,0.14284521368936554
20240326,123,14,477,5,0.022055629642750013,0.11747750488117416
20150602,385,42,125,18,0.1429469053330198,0.07360544097794444
20220625,461,50,372,10,0.07827504297195435,0.06610583544321665
20181128,396,12,78,17,0.041600856440052555,0.09273481357426488
20220320,258,22,739,13,0.06540539804238758,0.1125830270465771
20240328,146,9,215,1,0.13203904365284924,0.0921035075093427
20190817,36,21,815,9,0.14212316502901676,0.12352858159509317
20230904,470,22,665,5,0.043820279925436884,0.13646647874082035
20170915,426,25,144,7,0.11455425569224219,0.06660610457925642
20190803,280,15,753,2,0.10508635085327148,0.07403679273867768
20210827,180,46,762,14,0.08363347672477674,0.10236704073329453
20180406,276,43,855,16,0.11885995934118561,0.05777611591473725
20240114,332,26,179,5,0.03022546479187177,0.09185900866791416
20150605,389,24,95,16,0.11605780532132787,0.11238496818301949
20230115,4,32,960,4,0.13204455374073307,0.06213088384766701
20150719,43,21,379,4,0.11410706375049236,0.11677169366711346
20240416,264,2,808,7,0.12057026609326783,0.11789651041471765
20181124,470,48,480,5,0.07978333244804099,0.14679726229544707
20200806,166,27,303,5,0.14824514171667694,0.0630398466367693
20200408,141,19,200,10,0.09537969982964853,0.062297452788779586
20160312,294,33,226,7,0.06299790829264129,0.06007212874665935
20160525,256,41,403,2,0.037543463917798475,0.09178934731866323
20150108,452,49,274,4,0.09402731014981051,0.1317301279960023
20210905,278,12,538,15,0.06858914523258898,0.09304326822022368
20170503,390,33,857,16,0.06283962012348952,0.09539222556866742
20201223,283,32,814,15,0.07351842528270189,0.07360281719789416
20220315,386,3,707,14,0.06065540640270235,0.07674486954992467
20150209,77,48,26,1,0.10302375312454672,0.10784597306415844
20201225,77,37,644,11,0.09996738891865792,0.05395296104668317
20200310,157,13,388,1,0.1304051027663795,0.12899108096960488
20200223,495,38,243,2,0.050502128286877834,0.08341602377830248
20240201,366,36,32,20,0.05684899584418514,0.13800468873081587
20180802,99,26,383,16,0.14702652123341636,0.10769897144864832
20251123,405,15,626,3,0.06120832559631072,0.13492461432078273
20251110,349,36,970,11,0.08717684721096437,0.11077144216256428
20240720,323,13,427,11,0.05873791896309126,0.12376997186230006
20191202,288,39,50,8,0.14445622620800308,0.1314627963217793
20150203,441,6,89,3,0.1312283780117258,0.1348465493444539
20200607,383,27,733,8,0.020363783965581198,0.1009501082618508
20221025,101,44,317,13,0.08070810375737553,0.10720571932759558
20210827,439,11,962,16,0.02642286443676755,0.14203849552714226
20191020,468,27,383,16,0.11516768258215294,0.07265485543893416
20150916,276,12,504,20,0.08554148841769581,0.14231881432870241
20150225,162,37,599,9,0.09442553505633053,0.12448745695148627
20200526,2,34,793,6,0.08281548554502079,0.11370328501179224
20181207,204,1,871,8,0.02623774120910482,0.10131945044675011
20220504,366,49,31,4,0.11893480892360918,0.055429946611340444
20240213,446,2,679,18,0.1451453736423923,0.13716920788631543
20201204,7,24,253,4,0.13640397880351343,0.0683317704799479
20220226,298,26,386,14,0.06286074001403867,0.10023711764688131
20230625,257,39,745,9,0.041836393667092645,0.13990518539589997
20220216,64,38,174,17,0.10720316504091801,0.055569904360728443
20241212,25,35,844,12,0.07363220717695597,0.09756832224506656
20251103,164,31,468,4,0.04264880221807529,0.08993730707055156
20231129,250,50,26,7,0.03713413715773197,0.08781736292602868
20170210,415,12,449,15,0.07612362107699004,0.09377663127286262
20150713,360,49,801,9,0.08221269653016007,0.1283275146455397
20160812,272,26,5,20,0.12579895911485425,0.09208878712046119
20250210,351,39,791,20,0.08855069593047363,0.0516678459875498
20150421,399,37,599,2,0.09341610383046621,0.06329540904294201
20240305,158,47,855,10,0.08719028045764735,0.06651401421224803
20170524,351,21,330,18,0.11008232377936503,0.07017979604589923
20240416,396,5,419,8,0.04583214921419721,0.06002314660406077
20180221,324,9,397,2,0.03983660030512957,0.14528576399190507
20180925,266,41,518,17,0.020675064361704867,0.1453251905372443
20230815,134,44,564,2,0.05233578507921806,0.12805502041522854
20220201,216,43,612,16,0.051145376115567895,0.10998674761400343
20190917,494,5,1,13,0.030964095386121736,0.10581918627737812
20170314,264,2,189,10,0.020752759047399084,0.0664598682392472
20171027,282,9,267,15,0.04565323130725775,0.13232491302120272
20250623,460,31,25,9,0.11023294214211947,0.12786226359029007
20190924,45,21,728,10,0.020663373411076318,0.1129403118883039
20180508,307,6,236,4,0.08206391221947185,0.11117289229463007
20210307,49,23,377,17,0.04394668864206601,0.05657612030179017
20180501,271,27,855,8,0.021774292824868487,0.07378014618085704
20210923,135,42,443,1,0.03234403925124775,0.1389611188051352
20180723,139,6,178,20,0.14858038808907859,0.0613595976954311
20150205,280,13,11,7,0.09027296469633193,0.13940066759623876
20201201,454,1,366,16,0.13891193591637294,0.11175003800304134
20190321,241,17,804,12,0.11562702028778397,0.14459470334329352
20170722,364,1,128,12,0.09304514739084939,0.08940967214295273
20250428,107,45,796,14,0.09214841398206422,0.11145353884006734
20250215,377,8,694,14,0.03807439411217697,0.125118907324754
20191228,139,3,60,20,0.0885357895935456,0.1003380380730528
20180817,440,37,104,16,0.12013161587591874,0.13938816772141122
20180210,64,22,837,17,0.0585900575614388,0.14808522864393214
20240702,273,22,461,18,0.08257302499115471,0.056143184481998114
20210604,123,48,429,6,0.1212313848431013,0.05554205861417483
20250504,131,45,181,2,0.11921893314088641,0.0841800188720296
20180420,28,2,347,16,0.04381462947660561,0.10476118828602374
20170615,302,22,417,1,0.1350393951279182,0.11392326825554307
20200323,275,17,205,15,0.1441813237202877,0.12848408049155174
20160410,490,10,629,19,0.06385823790717136,0.10186145649226946
20210519,356,3,955,3,0.12015549341001013,0.07622831492090856
20251224,400,26,822,19,0.1418682645091363,0.12400135161624122
20210428,496,18,580,4,0.12450545990553612,0.09393072908292392
20250428,100,24,455,5,0.10155449712467336,0.11937628708710335
20250908,111,46,91,8,0.03161631344979542,0.1372032903833822
20240712,221,9,725,20,0.04354668912813195,0.10854150972376884
20181220,33,18,637,15,0.03337919037202876,0.06120207942452543
20240223,56,50,373,4,0.10619013898217203,0.06529778309960362
20150929,149,47,251,16,0.14354645990965376,0.08778816530918318
20230124,290,36,950,1,0.051901930296516505,0.07689216857553838
20170916,313,43,111,4,0.11045345641716571,0.10495459137928019
20151127,309,49,865,18,0.09882335864447124,0.11641285192505026
20190826,424,5,647,3,0.07914445856280024,0.06283953630680565
20171109,239,30,692,16,0.029732103762146758,0.14250585717485678
20230714,110,38,490,6,0.1207388280398009,0.05333468160811242
20211223,1,42,540,6,0.05558105829206483,0.11625279874302978
20221019,22,42,769,18,0.04682187664640747,0.0873720262862059
20180304,352,11,419,15,0.08260601447726164,0.12218495579722567
20190918,434,11,581,4,0.11862209047987698,0.10126137498029372
20200807,225,29,561,14,0.04291738126972752,0.0938274934559623
20220927,457,2,966,15,0.06600372991712995,0.12961999767997684
20211021,367,49,978,13,0.11622786034169176,0.1018329368975783
20240225,400,3,247,8,0.10400089714607878,0.12881902021075503
20150209,31,40,161,13,0.13378741481458192,0.08741780496948694
20150222,374,31,159,2,0.04683134650103633,0.06806955059094588
20171106,5,24,12,16,0.1334723447224368,0.10099637798319774
20181019,305,31,979,10,0.10489353091749791,0.09483149694143947
20241004,415,11,913,12,0.022063682471274743,0.1455843828007775
20150829,118,44,359,5,0.1421762249414137,0.1048153413382033
20221011,381,17,408,2,0.051265522777747735,0.1482938693224059
20210512,314,6,663,13,0.1002384367549815,0.14166411968822024
20221020,357,33,670,13,0.08782104534025385,0.14311327971280963
20250807,432,4,688,16,0.11016942349307925,0.1417574357436674
20180823,47,24,700,11,0.12429903365590556,0.0805471427831039
20200102,250,31,331,2,0.02573091621003365,0.05012474104902496
20180418,334,11,368,11,0.08306025945840524,0.12808525277051316
20160501,126,14,620,6,0.14246032910587336,0.10384994028075531
20200302,191,2,700,18,0.0713916784634098,0.11199016712035356
20220619,403,10,487,12,0.03624290417089038,0.06138958560295426
20240812,289,14,778,8,0.09310973297378138,0.060306712898979556
20230928,342,7,139,16,0.1488039669642643,0.1087409031802623
20181014,179,21,184,17,0.09984859784674588,0.06750096948889031
20240328,205,33,957,13,0.06700648092391653,0.1067432552246714
20211122,205,13,638,3,0.07140845980186768,0.10640057139435644
20241018,55,29,794,14,0.028609522069781367,0.12131387617208124
20250612,223,31,268,7,0.05401468407607614,0.09691982330865909
20210205,400,15,758,5,0.1026989778040357,0.05976666442029508
20250526,66,1,82,13,0.04212221700969045,0.08644949729329839
20161122,333,31,531,14,0.14465720418569503,0.08496715632839333
20150513,342,9,394,2,0.14143252550237476,0.09252364750800633
20150610,264,7,590,18,0.03685424851950758,0.07755014800108069
20240906,81,10,150,10,0.02086419357022023,0.07097309147742192
20170531,268,31,240,1,0.08901359066873539,0.0829116835010591
20250103,308,12,818,18,0.10604857733669039,0.06306948264782752
20250512,19,14,713,9,0.043444935934978966,0.09333503288894462
20181219,467,15,864,16,0.03941470755716604,0.061176804688202115
20251109,96,14,591,16,0.03132831860782612,0.1095564119519207
20181104,323,17,3,13,0.09387479555453457,0.0905793500726075
20190927,196,48,867,14,0.09239612348402916,0.10010910729921149
20200412,461,18,820,9,0.0897316449602858,0.0701611812066117
20200126,190,38,167,2,0.09902367619747898,0.0915627792416921
20220808,487,37,850,12,0.06001429717713076,0.12480115323006381
20250923,476,36,792,5,0.1009883637427003,0.12097137129401099
20250921,67,35,898,17,0.14619485762546522,0.07829972676461851
20200714,353,19,616,19,0.14216394263516022,0.0791302937323849
20250220,300,36,628,14,0.023444540965149974,0.12910041536297434
20150326,119,46,803,14,0.11094868313966323,0.1192204313977712
20200717,293,22,88,19,0.09298578410568456,0.11732238998012458
20221001,184,18,838,12,0.035922325307187995,0.07712201670143898
20210305,428,22,909,10,0.04680329511082465,0.11054958695064424
20181028,482,4,625,7,0.1429890457397866,0.07140885451045662
20160203,163,16,343,13,0.08565397014531423,0.11580431142838321
20231206,330,36,15,3,0.05043372557870168,0.11558336476445576
20240821,164,50,338,1,0.08625234784355124,0.09101202337587651
20240713,251,41,327,2,0.07188143009232811,0.09204603717878884
20200831,141,1,958,12,0.12403643766908411,0.1372429413443415
20180608,152,3,2,9,0.059891954081401466,0.05041632546262934
20241003,311,38,530,7,0.0995978629142716,0.06338412319795085
20210206,230,18,362,7,0.08004646755548923,0.09408495797307417
20160121,64,9,282,12,0.11439729259938973,0.1326430969538662
20210830,338,27,354,18,0.06360548058077277,0.11317691443781132
20210917,472,30,409,16,0.10915933327211007,0.050042834784463565
20240325,269,46,962,8,0.09064504806101287,0.12819431708139212
20200816,32,41,250,16,0.12957634442666957,0.13764367638011932
20160925,212,36,828,7,0.04716580195393655,0.07089979318608916
20240510,155,48,158,13,0.021963267345211757,0.14234717903984356
20180126,477,11,54,9,0.14704804399462745,0.12594168243673493
20200224,152,5,799,2,0.047543315667574,0.06287575738035045
20240501,341,19,654,11,0.04832701187831687,0.09589342400561716
20250609,269,17,242,4,0.08114489704196266,0.13372700478871907
20230126,419,50,13,7,0.06776051638720107,0.05142950602524635
20251026,302,46,125,1,0.055345134487133144,0.14021206196147817
20201204,120,17,136,17,0.10268038109745897,0.08159072736051991
20190919,475,34,103,12,0.05262427665213207,0.13228157985128036
20200707,499,30,784,13,0.11751826832122444,0.09789171286496005
20240519,164,26,950,5,0.06008281116672182,0.06654971636631729
20221018,231,44,245,11,0.05640439286902352,0.0765626111174513
20151124,248,50,457,11,0.06455838574885796,0.057262336838833444
20190724,291,5,867,6,0.03803758219187401,0.10929499389875946
20210611,357,7,817,3,0.04486169295360422,0.09232145029401193
20221004,67,7,62,9,0.02784123260443708,0.05302695166913553
20170802,45,11,473,2,0.07866182016454358,0.14348852090115144
20200404,108,36,825,18,0.060015118208231286,0.11547942903143078
20160818,373,29,536,5,0.08940145948119034,0.10106284558307455
20250117,52,30,696,14,0.03676806305763364,0.08472108350865995
20211026,193,5,726,9,0.032570511163388556,0.1228243310604405
20161112,453,9,421,4,0.09818294959375544,0.09423598824166937
20240201,491,47,566,17,0.11568040444180329,0.12616127440830974
20171231,76,7,875,9,0.09884619036690899,0.14349568294743553
20230523,444,34,702,12,0.05570030076584588,0.13059475404280618
20190405,191,18,969,17,0.0735747321097225,0.10181411926253961
20240619,114,42,247,12,0.11127591743925154,0.14558701668088708
20180828,113,8,186,10,0.06769780837900508,0.10734051907001839
20200725,268,21,373,20,0.0713269323998759,0.12936487348549486
20170721,479,36,735,1,0.04914576167648713,0.14001079431767016
20210526,105,19,783,4,0.10834367210411676,0.07787387036650881
20200706,261,8,706,16,0.036064434277460304,0.06974521311713261
20170202,426,3,542,19,0.03576423463289463,0.07324472804930751
20221011,177,6,388,16,0.1292914235294754,0.14543569073131624
20160221,192,40,685,18,0.09476022029647924,0.13727752936885987
20170119,51,23,187,1,0.035990930156317644,0.12494592419267626
20210818,380,16,86,13,0.053529940946081725,0.06998237195061383
20220220,242,3,454,6,0.10525795288053638,0.1230517468617837
20200517,26,3,934,7,0.03172151229091637,0.08409990968085417
20210718,401,19,435,15,0.0829920826571658,0.07839648859431611
20210610,496,43,723,4,0.0501306026451044,0.07087633148259903
20220718,429,23,983,18,0.09131776781693862,0.08221238999549892
20250507,82,43,634,15,0.04118325348989087,0.14865501953576243
20230707,428,10,382,20,0.08082048347292681,0.1310496166457798
20170925,416,24,883,5,0.02096298632465059,0.09402127143327454
20151003,94,5,876,1,0.08753173982146635,0.13217188623117926
20180810,450,46,711,17,0.06584914554304651,0.06401710745106479
20230413,259,42,795,16,0.13754086400851884,0.11833709165444284
20190607,70,39,468,10,0.028450899231591623,0.050954761764090334
20180731,213,47,186,19,0.13849158873821937,0.09556639037882572
20250612,227,18,850,11,0.0744682864207295,0.08704177881033796
20180221,292,35,540,7,0.08091669327142155,0.06441041852235772
20220701,255,5,206,3,0.09248009460990303,0.11802685040496026
20220520,207,40,872,12,0.03199168201550753,0.1277759185187632
20230407,36,6,341,10,0.0635333168528379,0.13545823617233582
20171003,84,12,575,11,0.13832578984200178,0.050838787213602576
20170409,488,34,314,10,0.02769775593303321,0.13764742228244395
20170828,162,19,115,1,0.06990120612052977,0.12419644223734802
20230924,443,20,721,10,0.09125798004536054,0.14442200330666666
20150102,286,2,11,17,0.08529234140336096,0.11654165281991037
20150906,446,20,402,20,0.10652613338230449,0.09051743179866019
20180621,409,49,702,11,0.11353930447238998,0.07938484415111302
20171104,234,37,663,11,0.13319791108850504,0.06880138320087706
20151119,391,28,969,14,0.10695519105513897,0.10030374796766514
20160814,205,26,138,16,0.10123707475995666,0.10982406421899919
20151023,81,33,935,9,0.03133687317009151,0.06813584862996724
20150408,476,38,557,12,0.1065162188072978,0.08433846249050568
20160108,384,27,120,13,0.0816261087858632,0.14302067966925636
20170423,298,38,655,13,0.1433805940978733,0.11966266207449307
20190212,64,1,492,19,0.11482971179102273,0.1447220481605469
20190503,145,16,933,2,0.05983232266689972,0.14061752295947583
20220820,285,10,868,14,0.08152887662454553,0.14225890692394128
20240305,32,25,650,11,0.0837672607237947,0.1113306802282227
20180214,408,27,456,10,0.03486008472474207,0.11678317338898835
20201022,300,23,672,17,0.08609848212243285,0.0707158740018853
20250817,84,49,558,16,0.045485210293111415,0.10337957883340915
20150216,130,4,605,20,0.0221199484471735,0.05127454737335096
20230322,422,38,418,18,0.09743408226257545,0.10261449571013852
20171218,158,48,144,8,0.06117229021067748,0.1426183836361058
20160621,244,35,963,12,0.03979962437983943,0.1425678547813048
20230208,415,21,514,5,0.1390067580777672,0.14210982207574216
20200918,149,45,141,4,0.08762375669936029,0.05708864717174248
20161127,156,33,359,11,0.1359828704888702,0.11220768699622527
20240816,396,42,380,1,0.05961299378895871,0.09946050147304747
20201117,406,34,671,15,0.09008750261808098,0.11588343629925951
20240317,32,10,600,1,0.06813142573747094,0.10301805061132067
20231110,135,39,918,10,0.0819157017504198,0.09963998982944731
20230126,201,49,366,11,0.040491908354047645,0.054401792177371004
20170213,72,28,77,2,0.11147869827110699,0.06246449714217744
20210511,56,43,281,4,0.14101402588941434,0.06150283847554142
20190310,140,29,418,9,0.09894351070564576,0.060437751062480616
20150217,358,23,640,11,0.04180695541909157,0.07617651776261844
20240324,340,4,105,3,0.07522563766221299,0.14211670037843216
20220827,214,12,88,16,0.1258281193277451,0.1318004923587534
20171228,387,19,633,7,0.12137389266062784,0.11152969207931346
20160517,240,50,220,17,0.12994769415509955,0.05631005051969995
20180518,322,16,487,12,0.14035053421319182,0.13495978320106095
20240421,133,46,363,14,0.056287722071565086,0.10905269981326575
20150528,381,2,908,6,0.06499263761199328,0.08484127652847043
20240917,427,28,848,20,0.10848863265860993,0.08540708212248037
20230922,460,13,349,5,0.1067191878908127,0.09324851619424551
20180328,437,31,531,18,0.11936139768450973,0.05385198429487945
20240702,95,7,930,7,0.030124985327796783,0.08814125698591141
20240129,254,26,112,1,0.08923013742433565,0.05359014568086726
20251216,407,19,748,13,0.03763051971748686,0.1363721193154096
20160728,202,32,250,19,0.10136682416274752,0.06204834449709965
20200408,309,48,223,8,0.06361549186004521,0.07483834568552669
20150224,411,24,592,8,0.04667712494570502,0.13824444916851275
20250418,238,19,374,2,0.05703082666029989,0.11736292640805289
20240506,342,15,839,20,0.09705121025095183,0.14674999161660696
20151201,208,9,536,6,0.07399676266920786,0.08178578412897253
20240606,472,39,591,14,0.052238697549012086,0.13653618526293929
20180413,276,50,631,9,0.0885782482837531,0.09340601635252749
20150323,118,46,501,1,0.10446138655816184,0.06534201097658929
20160404,158,28,208,10,0.0314058050162333,0.0837701520140753
20200406,234,48,576,10,0.030615781557853376,0.13826212893153916
20251021,403,28,232,15,0.06975807949575799,0.10386702825927893
20180213,121,4,622,20,0.10256040308807968,0.10150567649055353
20180708,260,19,763,20,0.023379067477822393,0.06987197035068933
20250107,133,25,181,13,0.11872294355550322,0.14940375017594787
20180722,355,34,962,18,0.06351610699780431,0.09702823113253671
20150216,333,43,292,11,0.06567460140751276,0.1308470006288867
20190701,187,21,260,5,0.07525371307264074,0.059283506725864
20150630,180,44,727,8,0.09675446514015267,0.13096403250998515
20170928,414,38,897,1,0.034103916681142,0.1072323838240527
20230205,184,31,857,10,0.1329563841522441,0.13259656776448486
20201231,350,13,59,20,0.05282333740989846,0.06226212612757675
20240730,388,21,771,11,0.11162784512878422,0.09954017129638082
20230414,333,9,503,13,0.027373039276035502,0.08598343023846093
20180606,113,14,394,20,0.061565932850472765,0.05758503406682022
20190911,284,29,112,11,0.04078987700270216,0.14745179634304906
20210502,115,36,755,19,0.09754466249774621,0.08020919009547511
20210321,159,36,636,20,0.021466207814512323,0.05741719692654073
20220916,87,9,948,4,0.13514433838916556,0.10019968940934512
20180305,284,42,637,1,0.09946149121669334,0.0524098872191594
20210722,479,43,511,16,0.06344243421381068,0.10315215625901818
20241025,332,20,617,14,0.10307982003045703,0.13653565117184419
20200420,331,15,552,20,0.06861150893497954,0.10826305505822861
20190810,33,15,154,5,0.09725472179952814,0.14461343854082312
20240529,64,9,790,1,0.05157142746280827,0.09775667427156343
20150529,383,49,237,2,0.07961326403433565,0.14061858896286777
20200131,495,26,43,9,0.05226199163127118,0.08264210703262302
20251105,156,8,925,4,0.03378611467928815,0.09043066941781712
20250908,84,27,790,16,0.1276364021770045,0.1399497118656418
20211204,231,44,689,17,0.14434872009583724,0.14720123076445374
20231213,495,45,990,3,0.04381499679040231,0.1128962398873007
20180420,40,34,142,3,0.09238600758214191,0.12838968851200983
20240319,54,9,154,2,0.12064243686265165,0.11021597849757475
20210209,233,26,254,17,0.12065852443479103,0.13376834890737738
20240516,27,3,987,9,0.033758064888300895,0.13462860239300817
20240903,117,23,905,20,0.0645960080603933,0.14025555133252124
20220506,153,49,448,2,0.137222080034587,0.14469814221326965
20200728,96,30,747,15,0.05654000862947885,0.07413774264690436
20200106,493,34,143,5,0.09798985374017233,0.11686307234636215
20170219,440,38,984,20,0.1209160290094359,0.1356010155837054
20201115,497,36,810,3,0.13420741250941232,0.08051803867904488
20151122,466,17,97,10,0.1411367843581842,0.06845708626832087
20160705,498,6,166,6,0.1425245660547769,0.08211738157414113
20200830,25,5,767,3,0.022644769481267,0.10303871974561007
20191213,262,10,867,8,0.09063010974446929,0.1237684729438002
20231215,122,46,565,11,0.04928903153543418,0.08313879140752797
20201203,80,37,363,1,0.031010241999683285,0.12721087760594477
20230220,464,45,430,16,0.026485037126261372,0.10107117762794993
20170727,265,6,114,16,0.09754774305220511,0.05601351533974785
20200509,31,39,910,13,0.06336396246569817,0.10878409689055933
20241008,83,18,547,2,0.12492116652926671,0.11720242226410328
20250602,88,39,249,18,0.07068551563666496,0.08786080718088696
20231120,463,32,202,5,0.025143410430412124,0.1474185599355489
20210330,387,28,218,16,0.09055623245515773,0.10118245653596074
20230925,345,36,745,4,0.027563115631919793,0.08485866863483897
20190822,334,18,453,16,0.06369951820806773,0.09967234783569168
20230510,325,1,793,10,0.0844409192274348,0.06047049911985968
20181204,385,38,672,7,0.03860361061283285,0.13071692220920322
20160702,319,45,544,1,0.12065436088474132,0.08589879886570699
20220518,293,14,984,13,0.023109181186973825,0.09815956953463177
20200201,414,16,848,5,0.09302219028637214,0.06151048048849216
20220519,394,13,867,9,0.06962016569850865,0.08969655526988193
20160425,268,39,453,11,0.148170784675159,0.1099927063560622
20180613,44,23,984,6,0.05066591711236898,0.1164107305734254
20210922,85,15,711,19,0.06422188936812087,0.14904352600804505
20190814,491,3,183,1,0.1488431344791292,0.07871423862550112
20250410,202,34,412,8,0.056661481482387435,0.09930409829846115
20220318,177,35,573,4,0.14051916161197145,0.07372527183839443
20160725,449,15,628,14,0.035552368820704686,0.13038257107768997
20230115,218,25,663,17,0.02646901231078609,0.09426408579343624
20231116,39,4,738,5,0.14781994656501693,0.1400041253378012
20220320,242,28,597,8,0.0887427360273968,0.08777874842935743
20220720,408,19,464,10,0.05575435845613136,0.0775629435663022
20150215,356,22,953,11,0.0762758068137778,0.1165030416727075
20241010,223,13,354,2,0.14439617083653214,0.12284786509475434
20170707,50,39,173,4,0.07811582671696897,0.11381288238839939
20170618,204,20,952,17,0.038884559431415736,0.11303602893443289
20150606,450,23,784,14,0.11235958939906358,0.1445640775021581
20211203,159,29,468,19,0.05517683694131413,0.08738796375274646
20210403,458,16,291,20,0.06521824162511394,0.11074244449827417
20240712,428,4,966,2,0.12595364143652057,0.13145843378598732
20150220,336,5,496,8,0.06261625336653368,0.08706779429854103
20171212,32,3,121,13,0.1391374016588798,0.06122986297537735
20211207,279,38,12,12,0.13949158401663642,0.0783688058127863
20240129,427,32,851,12,0.08963115848473185,0.12710690243171202
20150908,161,23,365,11,0.0875833499030888,0.11839353832765388
20241115,368,42,868,17,0.0827268971757911,0.08666610577763208
20220812,56,18,604,1,0.05878297487629504,0.07760292658770908
20250121,363,2,32,14,0.09169824185871384,0.05497082027888997
20150210,330,48,648,11,0.061853749223152704,0.08184076962543627
20240302,12,34,788,15,0.1404858207230631,0.14359292896481274
20170910,76,30,713,17,0.07994334030784563,0.1388742636751929
20160107,181,7,207,20,0.10554892938267685,0.14858993124815706
20150520,9,14,255,14,0.06816172884247515,0.05710289453329579
20250314,129,25,668,17,0.04882779793274037,0.09220760033227925
20240715,487,14,302,18,0.1132278621391417,0.10382055380530118
20230126,400,39,927,19,0.13774343008961767,0.08115452805564134
20150417,478,24,452,14,0.0761282027241764,0.12438694792887338
20151227,445,25,228,10,0.11070392011768782,0.14342830715693744
20181221,307,43,246,19,0.06182909289347091,0.06361217805906536
20200618,382,28,721,6,0.06214527494107669,0.07802249254452995
20200809,360,29,630,2,0.0358852980497155,0.09152077266900828
20170211,294,34,973,1,0.13709958655663512,0.053264740825616747
20150917,141,39,898,15,0.09272064216745744,0.05949412719789343
20220629,498,33,906,10,0.1139875959095498,0.07927936293424408
20220428,300,23,820,3,0.07373403883117015,0.061753361154968295
20241112,351,39,223,3,0.03896694057769328,0.05764978399004994
20220829,48,15,264,16,0.028602523439482747,0.09163612263969721
20190524,107,22,120,12,0.02324906993142926,0.06672973548087784
20171028,339,45,56,7,0.09021962430392064,0.07629079578724206
20181219,244,47,625,5,0.04914914964867911,0.12881368372817387
20240909,118,11,308,14,0.04546581568617737,0.0949828426152681
20181020,366,21,519,8,0.08635452366298674,0.10168030156718094
20190407,356,11,383,5,0.11252577808376119,0.14431121761323257
20251012,174,16,47,16,0.10187131224422205,0.059236532089652384
20250706,426,3,891,15,0.04521574368919436,0.1307319375318714
20180422,376,12,191,16,0.04613212359447051,0.11768535212826559
20170517,225,37,669,3,0.023948475042256074,0.11455828821767203
20200925,78,23,984,14,0.05387414262046712,0.07340362879547044
20220224,350,29,986,16,0.09407795935565726,0.11811858464677233
20200925,295,30,456,7,0.04136533206341096,0.1461335240786954
20211203,492,33,863,13,0.1118304161345071,0.05975779338999229
20211017,357,2,689,4,0.04011685441029918,0.08033885098866107
20231002,219,4,586,8,0.14025778350061988,0.08344821668607544
20160824,407,48,485,10,0.0763678532297963,0.06160858101624639
20181020,167,35,617,3,0.11516723245174995,0.07412899735053159
20161205,288,8,99,19,0.1431535783393918,0.06837219649181421
20150408,153,13,571,12,0.03160425348067693,0.11184842289788008
20201208,150,17,796,2,0.06679696252021654,0.1002176439642638
20211119,279,10,930,6,0.06238335717480818,0.1278311447092514
20231204,347,39,10,9,0.057226648840354166,0.13633190382198537
20210317,399,29,406,20,0.029927583078109395,0.10590311003768599
20230527,495,6,84,2,0.057563345088536944,0.07644713121351565
20150422,419,10,902,18,0.09057299362214072,0.1123867437034761
20220131,136,43,963,12,0.14608255061181508,0.12304104199997691
20201027,300,12,694,3,0.06892849537563182,0.097216659469534
20160322,61,13,420,5,0.10401746345968443,0.1201476646638125
20210709,156,42,718,12,0.10405744554635939,0.0827527666150318
20151022,229,21,678,5,0.1003875324939118,0.07685533403749398
20210111,456,34,374,1,0.03604833817626738,0.09810326173623887
20250301,342,22,293,11,0.10294051445026278,0.08166711611680103
20171101,110,42,820,13,0.08012792379856563,0.1477265510759895
20220606,356,30,706,9,0.09126343019523794,0.1364599707890623
20180319,38,3,181,4,0.07089005178547426,0.10140850826666159
20231228,234,21,433,9,0.12612361591263804,0.05876189655327105
20250315,140,13,888,8,0.09310528753081161,0.06319593126795815
20251202,175,36,972,4,0.10112792395566328,0.05362320633326521
20220319,199,40,704,1,0.10059762528109382,0.11252897506967986
20210827,370,14,416,15,0.12377228834416963,0.08716598250403447
20171225,113,44,433,4,0.054941298031963404,0.1351798218425711
20190729,9,40,76,16,0.0807327474869064,0.08584164652478604
20150114,410,7,236,12,0.10133594879815444,0.1328104145235303
20180529,40,30,683,18,0.12022843816179166,0.08886856434044163
20240413,220,26,757,15,0.05721656742627866,0.13612482972832934
20171019,136,7,784,3,0.08233352610119447,0.1263877192532405
20220424,62,33,33,16,0.060604194000791256,0.07016114462040293
20150130,150,19,947,2,0.05561792525464364,0.14406804732806178
20221202,228,22,932,7,0.06560209519107635,0.11585160607910912
20210311,452,16,416,18,0.07361470893997374,0.061118367395787125
20211019,382,14,64,6,0.07977677028282569,0.13941267490281062
20210221,55,41,600,20,0.036742491883730924,0.1335382653949336
20190319,319,11,435,7,0.05617796735042223,0.054133687871848746
20220620,413,6,894,20,0.02582665147174991,0.09497114970783682
20210617,436,21,745,17,0.10917320749062043,0.10704778560739364
20170720,413,25,572,11,0.13878991588006537,0.13646777181739383
20230418,296,8,627,1,0.030093260753974352,0.05635887174104723
20200109,127,7,816,9,0.10925996828126429,0.1284674641372726
20190423,59,8,446,7,0.0494369917114775,0.08011068706701993
20180521,114,18,546,3,0.029340390109307266,0.14862499049833824
20190217,424,39,594,14,0.14998793369176125,0.13589889043534803
20211030,352,15,718,20,0.031852388635126364,0.10146468598689817
20250427,437,31,682,7,0.10546414286599567,0.11001145780778956
20150103,232,44,630,17,0.13729959073573253,0.0988755057883984
20161029,324,17,912,9,0.11734765041586008,0.1494659120328363
20210923,365,32,385,13,0.032422648371113444,0.08447111035817514
20180718,462,35,312,17,0.021730558115785614,0.11854375511404999
20211210,432,49,408,19,0.031165033073866942,0.1385010033780218
20230612,333,25,773,16,0.05708617750332737,0.06766831156276637
20240315,146,44,128,10,0.06093259807668479,0.09348075140037954
20210514,331,8,628,12,0.1401704807971289,0.10759327654785389
20220309,259,9,389,13,0.13954255928199488,0.10862432973591972
20181110,247,44,166,13,0.05392686757875188,0.08475147767467063
20230215,290,47,498,7,0.10264659682237572,0.06879307820142175
20240715,353,21,901,10,0.028069495557457354,0.13385925383903274
20180323,493,39,335,2,0.13043681959357403,0.13809044362361483
20220920,247,37,571,18,0.09672507566356477,0.1074442187087935
20240414,417,41,309,6,0.0703140575341182,0.11990361918422954
20230810,306,22,647,1,0.12555367851927693,0.09857960928244017
20180420,87,16,1,6,0.09851914309653055,0.09468006582858926
20240804,373,3,745,12,0.13670806938378732,0.1037382285210959
20230604,381,46,242,17,0.14776073075150184,0.06356197730337722
20211004,325,7,934,16,0.04676810713812851,0.050746089665390175
20150701,431,14,767,14,0.03809716661541543,0.11009032496668647
20180125,106,15,876,12,0.11460932355876599,0.05894461064693255
20200623,87,5,906,10,0.02633825051900649,0.05716120034765616
20241126,295,15,999,6,0.10766178139303485,0.13499273575392895
20180401,125,46,501,14,0.06599037095231,0.07743891738251171
20200805,242,50,131,7,0.041295783763308586,0.08698648800980918
20201113,494,13,255,20,0.0884755369317533,0.0980238241641127
20191109,236,27,594,17,0.13926608769443044,0.05930668075361169
20221225,125,14,988,16,0.06031670695415746,0.1347711642081677
20200626,326,43,95,12,0.04714614619363902,0.08562745818413434
20210908,288,36,973,16,0.1058107565349314,0.07557922592247839
20171120,14,39,314,11,0.14018727113722143,0.13573443262518714
20220303,307,12,667,18,0.12316041009015898,0.09154382169555883
20211228,201,11,380,6,0.03500148271513663,0.14497618248438776
20201112,350,2,2,7,0.06677228524399786,0.09478245355352988
20150115,117,40,261,15,0.028495781970429145,0.09988646153842204
20190106,260,26,709,6,0.09937552616378918,0.1407433077979807
20250712,293,25,719,17,0.1364960104815688,0.14879287371869276
20250405,33,11,684,8,0.025217913707904747,0.07943383495631848
20211028,250,21,712,9,0.0642105122031857,0.06476718346800983
20161031,444,48,921,1,0.1127870047337284,0.07341563524885723
20210429,352,20,966,15,0.09106057312153813,0.10084564609244645
20210615,355,30,26,1,0.03873787488275687,0.12160802778653301
20201202,436,31,733,9,0.049310451244205224,0.07497790997096751
20250226,284,41,444,10,0.08684325084834821,0.05569578900268174
20220604,64,35,520,19,0.11930221943012581,0.060481109320924514
20181101,29,6,408,9,0.06584172607287737,0.09960739745053268
20160518,366,27,894,3,0.1352794245246242,0.06317493764700512
20160627,101,23,617,6,0.14670308597734003,0.12515508205113918
20170125,108,49,627,4,0.10695986175386919,0.09960428305297506
20240120,119,31,261,15,0.13577055903135737,0.08699294069848987
20221217,18,40,810,1,0.14320176708884302,0.05991535645602955
20240424,266,19,66,11,0.06706610806397442,0.05746644887827577
20160907,150,5,531,5,0.14757361343203357,0.11156577493194883
20170208,255,4,308,18,0.03191485833547758,0.08107095661822836
20200110,448,27,74,3,0.12653424274481584,0.1491638006911894
20160104,294,5,58,14,0.02055871834347897,0.051280495509652926
20191111,261,1,707,3,0.1478543012085115,0.1295814546682551
20251224,262,25,503,7,0.09149840043668864,0.12217981678746873
20230915,291,14,393,11,0.030692079317613356,0.12160449881115136
20240607,382,40,477,16,0.11006437308913294,0.1280494424886498
20231113,235,29,775,7,0.028433288436116026,0.09815941462842634
20220120,265,7,579,4,0.1056472419205966,0.07844644738108686
20211004,135,15,814,11,0.09621985405970541,0.14541857835884214
20250425,118,9,272,14,0.08808424503746212,0.13502640886210526
20200625,219,36,349,2,0.026757335485777713,0.1336381532413984
20210713,355,6,78,15,0.05964474402507504,0.061174827526046506
20200731,498,48,156,3,0.049154404051162504,0.10057835768585636
20241220,295,50,75,18,0.0657004802877009,0.07886882093160255
20190125,303,5,474,10,0.14140956952387093,0.12443141921003613
20200415,152,2,497,5,0.10989693057627821,0.10929659529063755
20160525,202,23,311,14,0.08954981514680385,0.08250169779132563
20161231,208,31,217,17,0.07684996942303329,0.10544589586487185
20231119,284,4,871,12,0.1102004178373322,0.14196847792930767
20190409,241,40,246,15,0.07283819247101068,0.14205720612812656
20171116,302,50,972,14,0.14126428292778642,0.0864399913546216
20181008,136,39,309,17,0.13897701336536736,0.07840431155224314
20190907,18,47,301,18,0.14468981149357554,0.1190970106597464
20230705,193,27,922,15,0.05415305047269285,0.06029910504298616
20180512,493,5,216,14,0.0651921945432076,0.14545426314115895
20180622,382,18,412,8,0.07256462303019305,0.14939919560384796
20201220,459,25,716,13,0.11320864950127536,0.06645298540957004
20220111,228,35,791,19,0.037096134209255366,0.14152895160718246
20150713,184,35,65,17,0.030683276303114015,0.07233589817855238
20160126,454,31,695,2,0.053016769712315504,0.053905504621275996
20240502,488,18,744,10,0.10878660140405563,0.11918317154436521
20161116,496,34,50,20,0.08556119575932913,0.09647322473495176
20200918,423,30,854,17,0.06392525257425871,0.09459945362755473
20221102,81,40,165,16,0.059561212742609726,0.10571090519383423
20160518,367,36,194,2,0.03842761307204447,0.13576467719127117
20171013,107,20,307,5,0.0378127516365841,0.05788241188301893
20230528,198,11,476,4,0.14336492891482794,0.11922011142079643
20241217,82,20,184,14,0.1417817367819167,0.061908344982317176
20180304,13,5,255,10,0.029549166040778247,0.10514157118648504
20160229,371,39,97,14,0.05208248200009774,0.12149093094729249
20201112,351,22,169,6,0.08781429488537465,0.06489551349198225
20200217,372,48,948,20,0.09628389959630679,0.11415103487248147
20230711,350,13,332,1,0.14391528497216116,0.11781780663808818
20230828,111,30,14,12,0.14992202706744998,0.07846593683547176
20190517,382,11,690,13,0.13570952888198579,0.06433474317625934
20240607,263,21,531,17,0.14088139581336398,0.0882929055444325
20150827,191,47,231,12,0.06637546672986548,0.05162736383141664
20240826,442,11,730,13,0.027488331250560796,0.10453076936556294
20230407,230,8,956,14,0.1046676738140633,0.05453718748584059
20220723,344,4,383,18,0.09637976678454958,0.05343260475982747
20180613,294,39,961,12,0.1024114788513925,0.09593132960637712
20170729,458,40,581,4,0.04177935968722971,0.1322860513678279
20160811,418,2,979,14,0.10980957336301124,0.123024788478817
20240615,397,6,353,12,0.06852565702943436,0.10545589572676577
20151003,265,1,154,10,0.13723248101735191,0.13276106141134386
20221224,376,5,451,7,0.09816860581086728,0.07421840554907515
20160604,368,44,702,11,0.1347689167038004,0.09544022034785424
20160827,205,43,314,9,0.07291192949792123,0.055508336421117854
20230323,208,11,339,3,0.05172082053607663,0.07417611035950969
20150809,453,20,927,10,0.1125831129067751,0.12712078821300643
20250820,302,14,815,15,0.13702778378003375,0.1060496330149868
20150308,230,37,95,5,0.07494390853733869,0.09248694003089869
20210927,104,29,770,17,0.14015920392541248,0.1076598410371724
20200813,82,42,145,16,0.10743987424002191,0.07753536910793059
20161104,89,18,754,8,0.07626423293806309,0.08181655245846071
20240116,365,47,608,10,0.07448234704329283,0.08967000445423842
20210528,492,33,595,6,0.10768258648185894,0.09120360863342246
20230711,457,19,423,2,0.14539717770711919,0.05926525106272532
20201212,100,41,563,16,0.14397763570619418,0.05935948548452899
20190215,400,47,833,5,0.1223269116415567,0.12852336902690198
20241012,431,7,103,12,0.11809995448839158,0.12880191052051235
20150722,308,42,892,10,0.03391305278776818,0.1302453811493846
20170819,461,27,810,5,0.10784239113312617,0.11295732024759121
20150824,217,41,787,6,0.04123958909102858,0.12017342934821591
20220525,373,35,857,20,0.10737741453488706,0.12930894454938258
20150919,171,32,722,11,0.06339066883664529,0.05052695494326527
20190222,388,42,146,8,0.03755542713620129,0.0569802518115388
20210605,444,27,42,5,0.0957706331460031,0.11385178455692217
20220522,321,34,332,7,0.06349497963693197,0.12240022975517893
20250813,166,42,197,5,0.05346609153998699,0.10060734589341269
20160515,94,33,886,16,0.07463051082709478,0.11209844566894422
20150821,469,42,209,20,0.11040657533386981,0.10313205908477427
20241216,384,28,205,11,0.12891088127220704,0.08661216885390545
20161006,71,43,759,12,0.08685997305130826,0.06709703410552503
20211129,211,20,624,9,0.13402709595314669,0.11824730020236214
20240810,193,2,2,16,0.029148410114135156,0.14435945610056633
20220222,311,15,344,8,0.08102913070224411,0.13609711610779238
20251113,110,28,540,18,0.11929946862687912,0.09785357025750491
20240911,192,17,536,5,0.11990544382666204,0.07427988658335181
20250530,62,43,813,15,0.03450057120328909,0.12127147516843327
20190911,370,10,808,20,0.03186866906345912,0.0916434098173887
20211202,429,36,825,19,0.09879058412454896,0.12437107389422992
20240401,486,9,519,9,0.11254755382495353,0.09488248720514647
20230827,326,16,539,20,0.09869622960742057,0.08152169088652486
20241114,50,29,94,7,0.1156134188123099,0.14225958253776555
20240329,391,30,732,4,0.04796918863446574,0.09997054259643949
20220415,238,43,151,10,0.11911819579986775,0.07000794237209977
20241005,416,49,268,13,0.11546866711314022,0.0806227928506115
20190601,71,38,587,5,0.0534104476448361,0.1328965926004057
20180928,21,32,981,17,0.040370198991536335,0.0638471792512528
20210310,476,43,581,13,0.04584180644896245,0.11023988456323655
20181009,175,12,985,3,0.1177418113460631,0.1291076632474491
20181228,360,5,987,10,0.030167771043296238,0.06739673251487883
20250403,343,48,496,6,0.03880996243359006,0.060004580580032364
20230923,104,48,43,11,0.11739400138249699,0.1252219947850745
20160407,81,39,496,16,0.06937762525313373,0.12291147656941678
20180321,264,37,110,10,0.03311425865695999,0.05965067738729091
20180130,125,41,583,10,0.06371666304556724,0.1113320425781166
20220713,298,20,264,19,0.02688748937490481,0.09160628822067561
20191119,75,7,886,17,0.12670812438522808,0.1097247249907635
20181118,198,33,395,15,0.10746256835546221,0.09657223089161653
20170212,148,15,278,20,0.07530352621085917,0.09361726060422265
20190924,483,26,974,9,0.12431073674765077,0.1322155858313396
20170316,440,9,796,13,0.13750230963878846,0.08312490752378046
20160909,150,43,36,7,0.08309908046919796,0.07441253914121336
20200221,128,36,484,6,0.03280836584849899,0.0960944219855665
20200706,203,16,249,11,0.14239578413588552,0.07791652286860355
20230416,288,35,740,4,0.09951307948204037,0.07165381333436538
20220129,224,13,189,17,0.053156602832803726,0.13316913340130326
20250915,380,30,171,20,0.09874933522095787,0.05162762514919777
20200905,383,2,622,11,0.11170658734889677,0.05738409892847234
20210426,500,28,711,6,0.07374565855192809,0.13511064437918707
20170602,269,12,223,2,0.0402240476787048,0.08653765449816522
20180727,163,16,548,12,0.1415997638089033,0.12017675556100071
20240212,418,44,142,16,0.05730697828122175,0.06302224022479844
20211009,225,35,677,7,0.047786802739301915,0.12311582721571415
20180603,271,47,63,12,0.09037115580666277,0.0742985797086996
20180206,417,5,736,18,0.07428864745412316,0.11977338430995542
20201110,11,21,684,8,0.08889718582128237,0.05786022500188506
20231223,349,46,968,4,0.13728492945605641,0.09427943523802468
20250912,67,29,58,5,0.09353504159599094,0.052629832644508295
20160105,172,20,861,9,0.07489875014007155,0.07691185087795949
20180318,208,35,501,10,0.09567810153015384,0.13139074038522738
20160824,168,39,641,17,0.03921536655807245,0.13756552401413924
20170614,223,50,815,20,0.07179537027340405,0.1285867261976152
20220226,174,19,718,16,0.040877161193569156,0.0636265757326984
20190414,409,14,451,19,0.14958540452760727,0.09427309447343588
20160416,273,1,492,11,0.1468163884066431,0.09169972906477228
20251101,317,14,544,17,0.10326508423151495,0.14684545340424854
20201114,266,10,178,9,0.13136906279234922,0.14451223882623387
20220813,351,7,171,19,0.049470885541975866,0.06956637244057082
20220812,22,43,407,17,0.06941371967520103,0.07873312525911327
20191127,418,4,592,1,0.10800885322136405,0.08124437500830159
20240314,124,30,99,11,0.0753157304101065,0.09240894395475932
20250311,127,26,858,6,0.09779751059505928,0.1490750907068349
20250405,327,34,847,14,0.03501422183813672,0.09676110313269115
20231012,364,24,209,20,0.0349848713334605,0.11910840733690571
20150203,28,34,882,17,0.0767015667824375,0.11689006985090296
20190827,144,48,787,17,0.043415966379104665,0.11472330051884662
20220523,295,38,658,6,0.14789308900215947,0.11109660635414045
20180319,140,36,792,16,0.027905647833317462,0.1296098557053076
20180728,128,41,143,7,0.09135190538783944,0.051958354218600136
20171005,270,30,63,10,0.0518768624129686,0.05719602411393815
20191209,321,38,67,14,0.11425748426720574,0.11626171734364078
20190524,329,44,618,2,0.032976123705212294,0.0971603939909553
20180712,209,36,183,2,0.02100090669575366,0.14585553358537556
20200710,92,28,742,1,0.09716429308198953,0.08016414606096066
20190826,400,12,281,2,0.02026976137681088,0.1416099536646559
20180130,490,25,529,16,0.13111093433110632,0.110613159099275
20230325,157,21,250,8,0.1403269619552105,0.11984717094138575
20231005,178,47,598,14,0.031092502128482066,0.08985946546701104
20200229,235,37,908,12,0.04846387961511363,0.07011872019915291
20221016,68,34,542,20,0.10197070682068192,0.1400371510835614
20151031,85,23,523,12,0.041236664464477144,0.1319812324106215
20221211,82,48,999,3,0.13221935373665822,0.13133472491351617
20230515,108,3,838,6,0.08023342603349966,0.08980123457996411
20230529,93,37,777,5,0.09333435630582233,0.14963935564398867
20240411,435,2,937,5,0.10185149885047719,0.13164055057869506
20210310,300,43,869,11,0.035704371176775135,0.0620978858585389
20250218,391,5,130,17,0.14156041069725595,0.07703882680466762
20201118,480,15,35,9,0.11644849046708247,0.09796861299267456
20190726,248,13,874,4,0.08599659818022341,0.1222096876527702
20250830,300,19,927,4,0.10335545618333151,0.1348605455679007
20170225,271,50,403,1,0.13973384773371866,0.06626314089305863
20240119,85,4,936,2,0.045774568531252086,0.14771717949127275
20170728,145,1,854,8,0.05343137375670354,0.06855306058870404
20190909,129,40,114,15,0.11853545413471153,0.1440222724598056
20171217,220,9,896,20,0.1421821773564859,0.1101673999273026
20160713,134,35,626,7,0.06005758892784041,0.14271410718954453
20210309,393,30,424,12,0.14437966156980545,0.09219640570106688
20241017,306,39,834,13,0.06532228821896699,0.1251582002658309
20240311,133,40,208,2,0.03069698125476924,0.08674868248734291
20150303,182,17,400,19,0.09950417306722122,0.10527174910559059
20150210,385,39,749,1,0.026682246570573213,0.06865768829863751
20151104,181,22,425,12,0.04354420964067196,0.13126738835607635
20160802,382,31,421,6,0.10651475482166484,0.053992738871083815
20230528,460,20,311,16,0.10956047246138613,0.10373029538056025
20210305,12,1,93,14,0.03187725173009211,0.09084381261698028
20160402,14,26,987,1,0.07400714610781922,0.14176406796502328
20250828,281,18,664,19,0.1303189492121194,0.0630942614768326
20230402,236,4,563,3,0.11809489063402641,0.06642857753170824
20190427,416,18,576,2,0.040781346352724304,0.10021913512104694
20240304,398,38,555,15,0.046193218087396216,0.07459590691159661
20240929,317,1,924,17,0.12986700013176264,0.13968830767599255
20150626,481,39,634,5,0.0883569613802476,0.13768166868337012
20250414,298,7,487,2,0.14460331559915868,0.09454996552163002
20220713,240,11,977,3,0.029463789371432958,0.05213620224113749
20220911,347,32,563,8,0.12212382165560219,0.10879624725789197
20170724,496,8,212,6,0.050668654338858546,0.14052252262047554
20230301,126,15,426,15,0.1286003942828509,0.0814085346892348
20200325,87,48,970,9,0.033290611368979706,0.09795448203911426
20190515,155,11,436,14,0.12319862435200095,0.1385960862517624
20211223,31,27,838,10,0.035226825716255405,0.06773421848777328
20230312,256,49,986,17,0.06035842888433893,0.060704375687112566
20191116,328,32,736,11,0.12927140185355407,0.07108200069486037
20190817,406,1,905,9,0.09434887948811249,0.08445264920416573
20240308,193,31,162,4,0.09763574485230522,0.06919538164489736
20190305,264,26,977,13,0.11826122072858532,0.07502673201570893
20230408,416,8,832,16,0.0387893860868245,0.12628437793896372
20250423,468,28,893,1,0.14209027307851377,0.12129482635803603
20221031,258,33,190,6,0.0479183496860303,0.08123334359634207
20200705,488,24,226,11,0.035292136079341854,0.10925481214707565
20210218,381,48,879,2,0.07834548617915292,0.09050216502793705
20190808,459,8,15,17,0.097495077681829,0.09269949087403927
20220802,97,43,979,20,0.057001880780028144,0.13167482549876935
20230414,275,13,878,20,0.10013318537396156,0.08702582519325149
20211014,85,18,405,16,0.12427860747598925,0.13020334414605128
20210722,294,39,461,18,0.08034196715815349,0.12526138814350682
20250130,386,37,371,2,0.1496147899934734,0.09600079510611434
20221130,469,19,955,8,0.06615959002971689,0.13171719148181893
20251108,500,38,503,19,0.025888973497814095,0.0616745018125809
20251020,309,26,338,17,0.08499852791200006,0.07026953113658702
20150718,455,2,191,8,0.11821357403382546,0.13417572782583145
20250725,449,11,605,4,0.05579817046719286,0.10083429101339486
20230724,413,2,377,18,0.14227175470390518,0.14953569765171276
20240120,439,47,380,2,0.05323069887157811,0.07592155289152265
20221104,41,33,353,15,0.029505181669659354,0.0836579393106515
20251108,50,17,319,16,0.0827505056411264,0.08925320811933245
20190110,110,41,517,7,0.1292095812270797,0.08667777934404057
20210608,95,6,801,6,0.09419800477518114,0.09848096466583803
20190922,81,25,558,10,0.04669209550431598,0.07581494801837493
20181224,474,47,956,6,0.1188954708948018,0.06858471561230728
20191129,54,9,497,10,0.12515493318958418,0.1051737497007815
20220226,14,48,699,14,0.05026556445981621,0.13895733883832
20170331,149,4,780,19,0.1223303718365182,0.14325682911558857
20211010,238,20,142,19,0.12858044953947134,0.05315485132197113
20220207,391,6,454,13,0.029983081908781566,0.0926338900617038
20251007,167,9,99,8,0.1460199651412384,0.11325648869646322
20210218,250,16,610,15,0.06355237297124926,0.07042314855631729
20231202,421,43,824,12,0.08788176568429262,0.1483453867572519
20230415,4,38,765,15,0.0814867706836006,0.08533400829978559
20171227,205,19,876,13,0.032734989951138445,0.14900250382028307
20210709,447,27,270,14,0.03980256809662623,0.10201861588326504
20221219,230,19,743,13,0.020108839799397933,0.11217395075489117
20220804,317,1,943,9,0.07787244784466513,0.05171385889108269
20251204,298,46,477,4,0.08171170222121305,0.11298393666673034
20200522,409,32,257,6,0.14442743859569993,0.09401890789140364
20230105,435,50,963,18,0.08418742798128946,0.14444325077984344
20250521,199,30,717,17,0.040567812964766164,0.08805925034789755
20250912,500,8,154,1,0.08189795428746612,0.12408094651631511
20170528,238,30,188,13,0.1393664390300091,0.13459165117530827
20170827,154,29,529,19,0.039647816713199294,0.0718661265833162
20170524,365,39,347,18,0.10190333052611565,0.08971610509771757
20150530,104,39,608,3,0.1141804723569625,0.09893261631205345
20230120,54,2,108,14,0.13530339384289677,0.1278885908044356
20250624,425,1,765,17,0.09266846028650633,0.05481549424901586
20201126,264,44,381,10,0.033620441253091334,0.0700957671588601
20250128,280,28,605,18,0.10604659285423856,0.10321243574224681
20220530,152,2,755,7,0.10647764509369184,0.13326748243454314
20150204,185,3,188,19,0.08358177347990883,0.07446230283220831
20220202,105,45,739,18,0.14278579024264337,0.05510280173411052
20250404,29,40,746,12,0.04744919250110438,0.09123425333613275
20160921,293,50,62,12,0.11993378799386112,0.10667265704900838
20190326,2,19,694,12,0.1479027749194745,0.14610253152306057
20190614,342,11,408,10,0.12375558250188057,0.14488463084046746
20190619,376,23,175,14,0.0991821038751424,0.0869279526798472
20170403,191,28,838,15,0.02254447946126908,0.1342684910332439
20171111,14,34,31,20,0.03280247503867771,0.08885701528492676
20230206,188,34,908,6,0.031002876927259476,0.10685266769012636
20251204,449,15,733,20,0.05742968113275372,0.12699012368423312
20210222,324,25,862,9,0.09558131521173402,0.1168998797293974
20210311,296,39,746,16,0.07669133614106878,0.07233087093818553
20220118,147,35,6,5,0.1084419338679936,0.1461546416801154
20150815,396,2,41,5,0.10808976061860294,0.08652433783743997
20240929,285,48,156,6,0.10825534914571977,0.10446340000926288
20211019,375,4,2,13,0.059136157647746934,0.1265318473856008
20250619,499,39,903,9,0.024440541494736512,0.05531838244030313
20170805,256,14,220,5,0.12190772495167128,0.10317913904846285
20250929,44,40,544,20,0.020173313920862343,0.1185920457375313
20200406,341,45,305,5,0.08368403542912807,0.12733897909504058
20250828,91,41,940,17,0.05359208907666642,0.07567825384264015
20230911,338,35,377,11,0.05305861415789649,0.10999754108618992
20241018,260,45,788,19,0.11602346078700877,0.1089571435411536
20221112,227,43,844,2,0.05624481908114011,0.08749495488702788
20200519,468,9,580,19,0.041225519764955976,0.12064046732622351
20231231,199,2,674,8,0.05338634180809049,0.1255737267056909
20151119,497,43,993,2,0.13090652807426836,0.1263252268148144
20230918,423,34,87,15,0.06111856891216817,0.10852964525157288
20150222,224,7,304,2,0.11508961500367877,0.10794334931133678
20180128,88,9,383,14,0.0655103517336186,0.051929522451165666
20210428,41,36,706,14,0.08572797577570015,0.13985204089446768
20160219,185,25,296,5,0.04166820682649659,0.08714045715047353
20180818,214,7,269,5,0.08222303753538301,0.1460995373155814
20190108,111,30,937,9,0.06232411766643561,0.05649489641087886
20180316,376,8,15,2,0.04318763821246459,0.13012713722474278
20160114,239,19,486,7,0.11357777728095206,0.09133973418977762
20161213,354,36,789,10,0.026943910434467963,0.13265362771214573
20151115,114,41,243,19,0.1462679043034229,0.14834019374489776
20180913,334,16,949,13,0.10595307321133411,0.12173939860126519
20170312,456,48,337,4,0.04854109376270771,0.08263050336784501
20250422,291,45,747,3,0.06410038173046063,0.07411431143447868
20231128,186,20,855,6,0.07708302790581187,0.06914184666758419
20171115,497,24,737,15,0.08330207243596745,0.14217488303465506
20160422,162,38,87,13,0.043720297977670214,0.1188261188005438
20170709,301,37,705,2,0.08096644701419883,0.07219633700083543
20190815,333,2,773,11,0.02814638814417212,0.0555933377807217
20241021,212,17,38,14,0.06007857829274381,0.14872923472694435
20221004,223,34,126,14,0.08505431322712081,0.13295280123192066
20210801,178,18,633,18,0.04705554833415911,0.0881254402124673
20151127,151,10,346,2,0.040854045086255265,0.12996290437877384
20230311,269,25,510,18,0.09226244753214627,0.10733728971523687
20161126,445,8,801,5,0.0922044943963843,0.05970304547590541
20161104,188,1,252,18,0.06952997870303317,0.1418562866889471
20221117,60,29,193,14,0.026602553149446533,0.11037708735163843
20231104,293,4,223,14,0.06419423732991256,0.13089719579930065
20161026,94,41,14,6,0.04337399681609777,0.13772885952956615
20230604,230,44,610,11,0.14212731844913024,0.11984187572840899
20250115,251,32,665,3,0.14325696660210294,0.1112899285086903
20171031,480,9,362,17,0.1464190302852223,0.06752343912546387
20210116,32,30,64,10,0.14182841914788966,0.12302846691674883
20240407,414,3,807,6,0.14236275625695322,0.060221805431275914
20190219,366,39,184,13,0.038987757816078716,0.06082417863978112
20160110,230,28,988,15,0.1132463297422704,0.11113316696026354
20240108,330,20,194,14,0.09703363100448459,0.10225013240054426
20160912,473,5,569,17,0.13704976009290848,0.09413534626753939
20200901,254,12,955,3,0.05805750514830049,0.09474336013721349
20230810,228,42,130,17,0.09083981709280811,0.14757506734907616
20180410,16,2,886,20,0.06759118786862961,0.10262300647441705
20231201,247,34,599,7,0.07298228732249175,0.09271975580940467
20190412,104,34,966,19,0.07709541629684459,0.13692678540120387
20160228,295,21,418,14,0.07743293739177483,0.09884303970318545
20171231,305,37,233,11,0.10997581590450407,0.055526599508178134
20181128,98,27,64,19,0.08397006333578282,0.1442413738735633
20200923,403,2,610,15,0.05986231174619458,0.08245344112058967
20230830,5,9,358,4,0.0629584781683604,0.1065239206757532
20240131,406,35,875,16,0.11449233553130275,0.1204887457563793
20210224,62,2,310,3,0.028629408253542685,0.09152058589476311
20150715,460,15,899,17,0.1017693294770758,0.0648615655196887
20170807,342,45,333,6,0.022039207396335032,0.08715138109177566
20201126,437,12,921,15,0.12202531617287284,0.12120940722048003
20180309,428,38,24,4,0.07689693006440239,0.11192626461372701
20211129,481,11,62,20,0.023181356613177627,0.12979698206921708
20221202,416,7,280,16,0.12538301024756465,0.14504302870093339
20220929,331,3,442,16,0.12517396980703033,0.08045459616396934
20210131,496,42,695,14,0.11578809333181839,0.05679756925229329
20190524,265,43,203,9,0.053716170154882045,0.12849989414290047
20150101,369,16,104,11,0.05826282174158966,0.10407283885895233
20170217,241,3,561,19,0.03331755657386132,0.12598737608955932
20150305,348,42,326,15,0.12316700470840378,0.08936144387240483
20230609,379,30,131,13,0.05071350542797097,0.08596621870815653
20230803,100,50,199,18,0.08649191351772562,0.13732572915753255
20181118,289,38,491,7,0.08440449938420529,0.13460790699331018
20160330,286,5,789,12,0.040929883060023695,0.09955316561940136
20250518,205,43,713,7,0.0700095901904419,0.0809904219030862
20210921,74,7,366,8,0.12896895373014883,0.1001077986094657
20201025,283,19,740,5,0.12466214010956533,0.12560538365955476
20190117,131,50,453,9,0.14968143135219683,0.10155163582734053
20180205,420,41,205,20,0.05510742083375707,0.08717152190473784
20231126,29,30,770,11,0.1406501270853342,0.05331290718162002
20191225,103,49,848,13,0.05221688048689112,0.11396824344914348
20191214,250,48,892,18,0.09978327862938378,0.06370398017675134
20200922,477,6,614,5,0.06637343983420044,0.14807604586681067
20201016,434,3,497,16,0.0947995468727677,0.07376364170302299
20240907,332,47,194,10,0.07672770139820229,0.1400752948465419
20160622,253,3,997,1,0.09461449398865894,0.11668545318235396
20240926,460,22,951,12,0.1188864467038108,0.10375995906497029
20200914,278,7,836,11,0.044937061924078786,0.06095594840890977
20161119,28,46,817,19,0.13048344418715763,0.10482620243652782
20180312,438,19,901,17,0.13533675472112344,0.09815935433072101
20231224,299,5,164,4,0.1210773582052105,0.13739446281712725
20230204,424,28,265,9,0.055428059265825266,0.0871980215202296
20231218,120,31,3,12,0.06082866147129097,0.0880710222029772
20170705,302,4,914,19,0.0648988603234932,0.09035659896988332
20231130,198,27,87,19,0.06405581247323101,0.09589596114617283
20230904,194,25,912,7,0.10722711872410365,0.10757670504725694
20190801,53,43,190,19,0.0428498822942852,0.05524428467567697
20240305,471,37,922,4,0.1124288256899608,0.10681807207675517
20160106,401,26,225,18,0.07775756107762122,0.08014666781183523
20171203,23,11,736,1,0.09597188015296937,0.11166716780703842
20180919,192,34,675,14,0.07283026573355977,0.07874163239179212
20210319,91,11,377,4,0.11265913856779118,0.10795023001916734
20220120,118,13,284,4,0.05965205699195433,0.1003259953963141
20200718,382,1,697,5,0.12501591510122534,0.14349318571961803
20170225,424,47,150,6,0.09080674347738601,0.1418063018312748
20230107,110,4,307,4,0.027223133887657812,0.09966271750319006
20240129,21,44,76,1,0.11758565533845657,0.07466871254744374
20150903,151,17,421,10,0.14747573073268075,0.13591619645952868
20160222,257,41,291,20,0.12436670300746894,0.05451025805471175
20230519,323,12,835,20,0.0981763851966187,0.0997560815578079
20180405,201,5,857,3,0.045348418803322,0.08923224577102612
20200203,196,18,237,3,0.02993348259849757,0.05698357076480444
20170319,242,9,516,7,0.021511482514852718,0.0679281421577381
20210607,457,24,310,5,0.1336169675505472,0.0869498215953595
20170915,351,48,312,13,0.12331350842162267,0.12546504914360188
20240330,96,32,31,5,0.08292510757663213,0.11377084144760002
20161122,173,20,657,12,0.03707391880386472,0.11485159127652328
20240201,44,15,634,5,0.11390665632163009,0.07411070579112668
20240531,258,22,793,10,0.05511060386094886,0.1365276593491042
20241103,474,31,676,15,0.09227405688896592,0.11726340400045418
20181220,291,32,604,14,0.13572211689395455,0.12186569296181389
20170316,173,11,351,19,0.07581772365740792,0.10950142505621385
20220703,148,8,231,14,0.07784769934393236,0.11911540818195566
20250109,265,33,60,6,0.041862058708431335,0.0552673636534029
20170802,38,48,229,20,0.13552448597810735,0.05343218824538981
20250910,76,21,136,3,0.07280523537901422,0.07698331359882206
20160211,95,15,71,10,0.11939313255580862,0.12008776736145854
20171222,90,29,771,4,0.13579424545067248,0.13401399797497518
20161119,122,38,960,9,0.04029977502905822,0.0985142872893724
20171219,400,37,757,10,0.07702606500144378,0.11666953789945855
20180328,331,9,38,8,0.14332374158243608,0.11910692091797465
20171124,93,44,147,14,0.14485459204726314,0.09057226318958696
20241005,459,29,866,9,0.10671738871874259,0.1243177741944134
20240505,184,15,511,14,0.09925500326713209,0.097256481262284
20211026,377,10,120,13,0.08530354111075567,0.07572928804786272
20160615,353,42,603,11,0.1414455981475966,0.12161731957960166
20200926,181,3,656,7,0.11349158132837057,0.1062929307731659
20230731,11,12,957,20,0.03748767456003141,0.054623461815650635
20210418,2,21,158,16,0.04783953390859171,0.12177714284649836
20170210,122,4,839,17,0.10238837640027035,0.13627443981744358
20230208,249,47,551,10,0.09269512233630978,0.14555306376707255
20150227,293,42,174,18,0.0966069725052465,0.1335118413327268
20190103,67,25,355,4,0.03805113736635744,0.12085024331897973
20161116,163,20,68,5,0.13970575251962836,0.09188730101629264
20200105,298,4,130,12,0.029522037524151737,0.06791118265217384
20200901,94,31,68,12,0.0805683387573502,0.13315387658548777
20150614,73,30,130,7,0.08742831011526374,0.1289031286519523
20181220,344,14,197,18,0.023512876670148182,0.07011692198675634
20210518,5,46,781,11,0.02323209003278413,0.053536441526662926
20250107,187,33,117,8,0.12409227622861647,0.074705823859022
20240706,464,5,549,1,0.036459624463353504,0.10991932131904181
20171119,83,38,514,15,0.12185678598990281,0.0952544197688223
20200401,63,37,157,11,0.09107956999417406,0.08027175976096362
20231211,43,4,338,15,0.021332687405126154,0.07408428681921894
20151102,362,3,1000,1,0.027951768070447545,0.11593957084538173
20181216,68,40,869,12,0.1282785393292136,0.0632981690924165
20200419,333,49,81,1,0.04352793741795778,0.08366242876363154
20240708,449,38,763,3,0.11906099221905857,0.10325678006235921
20150202,212,12,996,2,0.13403489372978927,0.11040757379385457
20241013,120,30,256,6,0.09577806317199213,0.05736702396464967
20220410,90,39,181,1,0.10079558592677411,0.10845199107343309
20150531,180,19,816,18,0.032539967011169534,0.14701517451096086
20220829,241,22,728,14,0.04953363947297951,0.067302202378117
20250325,112,17,815,7,0.1243783631304212,0.140122056569418
20200926,158,27,187,5,0.08547173413791657,0.14571573358232398
20190215,155,16,845,5,0.021754952118211508,0.13237807634892565
20200620,361,21,145,3,0.02184701580361396,0.13568574471867656
20201030,42,19,354,12,0.032719848498245566,0.08864270889630835
20200508,411,30,709,16,0.1147070472422298,0.14270095710471395
20201005,244,20,175,9,0.12521706135485822,0.06469198755592052
20210804,188,27,798,7,0.02582413189668406,0.060405331754296014
20210927,136,28,946,13,0.09495566708897997,0.1362692043397869
20150829,158,35,938,13,0.10997193410469647,0.09454658591070125
20160814,246,25,247,10,0.023947456524783584,0.13808592458355315
20220724,36,32,958,12,0.07647818320281057,0.08862943391159998
20180210,425,19,15,18,0.1108399449033188,0.1405146837856141
20180817,500,15,370,6,0.05204555105146555,0.0866456731928838
20240101,279,38,497,4,0.09141542973532485,0.11849020622350005
20160327,398,13,954,15,0.14008289960041875,0.07573881254947207
20240306,240,37,358,20,0.08031165898035296,0.14074892123089217
20160413,312,5,77,3,0.11693928683225362,0.14003807566800175
20150204,470,12,24,4,0.09389351090705673,0.052591165389710016
20150629,20,22,456,11,0.1196006581009557,0.14217082417392057
20180303,414,3,360,4,0.04734245076733018,0.14277465695302605
20251029,70,38,440,10,0.06057732378182891,0.05422474992814263
20251116,474,43,620,14,0.0875282261950397,0.0551625515953034
20251205,366,27,414,9,0.09496920055711593,0.11489069230242141
20161206,178,7,774,13,0.12317703825070812,0.14940482184240456
20191122,449,8,285,12,0.13836388779267536,0.08681873204979679
20221007,285,20,24,2,0.1021050658679972,0.07793132528337919
20150128,423,14,254,18,0.1487149128439783,0.1445651059277982
20161118,50,11,390,11,0.14215739962340804,0.051626281905410465
20160904,241,26,464,17,0.040138221848714836,0.07480800948802162
20181118,57,34,757,17,0.021462678005186312,0.12066338231159009
20190518,146,44,435,14,0.03776441649348522,0.05589647619114672
20181208,341,41,139,17,0.13406475880401178,0.13214941229589944
20151010,17,46,846,10,0.14931613716775702,0.11874000126741431
20210905,150,33,741,18,0.14918223926316354,0.09023244156757418
20190414,336,41,974,2,0.12021918710664029,0.05153828778211389
20250815,219,13,781,17,0.05795872087716586,0.14062256800570747
20220616,305,33,164,7,0.0596732270750127,0.14261826731313423
20220801,85,20,535,10,0.06971274996873296,0.08459176681675848
20230109,155,46,72,20,0.10816068645266062,0.11846430229718771
20150916,216,9,719,12,0.06333600352285824,0.0658159798972093
20170520,99,10,633,2,0.022506743768382576,0.1451632889836706
20200825,1,18,948,20,0.1461867048203554,0.10530585831576278
20250605,122,40,218,16,0.1272568254265943,0.09038635504285833
20160521,326,19,678,7,0.053642335306494024,0.06616721187383677
20250410,20,49,424,6,0.05304874369962988,0.12167649843340667
20200702,404,36,502,15,0.08468524937996841,0.07595211740673917
20170907,157,22,335,18,0.1413442013830618,0.05395842945582146
20220828,51,47,404,19,0.11382385729313091,0.13605654299404105
20190925,278,42,449,7,0.13666809632977292,0.08195205507991499
20230107,482,42,96,2,0.1182181873140826,0.14638591079251667
20231127,230,13,325,12,0.13098265796206426,0.07318321926118712
20170904,29,46,127,5,0.0846898875772837,0.12834799016743498
20191218,243,12,430,20,0.12470835061781883,0.05927570016734227
20230613,387,2,221,20,0.0950602311317653,0.08334463091386571
20220514,216,25,958,16,0.11089362507484062,0.11722721138571626
20200217,489,30,67,9,0.10387077420493293,0.14485398791964987
20200328,142,44,457,19,0.12110053740658744,0.11141773462385829
20200812,478,1,646,9,0.12908647790508385,0.06882583077947688
20181019,451,11,60,20,0.04963536065225774,0.10848541282422275
20200425,485,28,40,16,0.07479275374484834,0.12924644746290292
20151229,56,31,193,20,0.12875677809428787,0.13507493982521926
20190917,30,48,713,13,0.041167540257615,0.07745418951728557
20240904,472,5,741,17,0.05886753553055686,0.05325429322943766
20220128,159,22,871,17,0.07980219185145242,0.1468022044564724
20180817,256,25,198,4,0.09293562074384361,0.0712435262933004
20221004,420,45,412,4,0.1332725085750565,0.0507954826950547
20220805,2,6,725,4,0.14786836621998656,0.06268078309338657
20230627,347,14,451,16,0.13931953797114346,0.08729779202109736
20190531,419,21,776,1,0.047953261685477665,0.10319044930922411
20190219,121,30,494,10,0.06927367861693917,0.05831545741317421
20240709,88,39,910,15,0.10914427428725355,0.10527714296887036
20170820,85,10,449,10,0.023398907336394083,0.1433861412100203
20191108,93,21,81,6,0.06001882794107091,0.14177338622300167
20221017,47,1,939,14,0.07607355289862984,0.056894746731070325
20211111,79,26,73,18,0.05200494643123979,0.06698137344284522
20211030,196,19,256,16,0.08442405334106473,0.05569179650310098
20230506,471,15,503,13,0.04371722109876065,0.11879987447347869
20250726,13,11,673,16,0.043148848350819474,0.14227853926784423
20210220,89,10,920,12,0.1207658272839713,0.05405182453703399
20230722,200,43,859,8,0.10957040089789467,0.1456006558842149
20231229,81,40,21,5,0.11279998078598667,0.08286001124896455
20200229,244,20,73,11,0.05653169808333669,0.14224248301389836
20170608,163,43,130,19,0.07209215829175389,0.0697938602864788
20250624,310,37,412,20,0.1127049363297097,0.06634171704061094
20201219,208,3,835,14,0.10665205975316645,0.1031514648927632
20160601,177,13,323,9,0.136442546285994,0.11205998555496965
20150912,328,23,857,9,0.04739924368459465,0.0642778749303582
20201126,280,11,965,14,0.11787193979938752,0.11508857968832749
20150612,280,3,842,20,0.03463856417879457,0.07321532173878166
20151208,155,42,943,2,0.148861677342216,0.13861983815362738
20210425,36,29,936,20,0.04860929335009197,0.1421861434617094
20210103,233,39,606,4,0.030266524943819963,0.05998064663595148
20251104,450,25,691,9,0.023181997685825573,0.13990957705315282
20250215,477,25,335,11,0.08892953137622132,0.12700560059555127
20180728,386,31,448,14,0.14246476898167126,0.09520824614129719
20200116,15,11,716,18,0.10528140117953362,0.14560897321804606
20210517,185,29,495,15,0.10678621871837804,0.13353074107829938
20240419,370,2,377,20,0.06416518557879253,0.10669460913959242
20170520,454,29,215,2,0.10995856643422962,0.0846384376249748
20171027,357,33,865,6,0.13695748163306865,0.14592679998540503
20171201,126,7,823,19,0.04275499822704281,0.0985390449123249
20251114,412,24,495,18,0.07471702444504781,0.1014612856946355
20180429,283,31,349,4,0.09737528850900033,0.11029861127540913
20250731,99,8,155,17,0.07772511159586853,0.08989602824857355
20200820,477,32,170,15,0.035092265847132,0.13407696505779837
20231108,272,30,292,1,0.08011619525606031,0.13881069604263596
20221130,136,2,43,19,0.12673904603747158,0.14685064018773353
20160722,365,27,605,8,0.10644334321924775,0.11412300548371489
20170203,77,49,645,13,0.06079784443011735,0.11018943953300969
20241030,153,42,810,15,0.11373642099380951,0.13821363470459497
20160918,227,39,292,18,0.1377523301562697,0.11660024080122472
20190107,252,17,752,4,0.10397536061479032,0.06110577935442692
20241215,111,28,632,12,0.09444116623350837,0.09830138523166412
20220616,299,39,21,7,0.02565098995643322,0.11055178050451718
20240824,133,44,228,15,0.14619983564363734,0.09026841946534783
20150902,409,25,607,11,0.10386878287429496,0.12859589225667106
20231113,48,33,275,5,0.08495360664633254,0.05933617624431747
20191106,216,39,800,1,0.07704990762041003,0.14704344465201086
20161024,175,31,695,6,0.09481441840748353,0.07732145943728354
20220825,336,12,343,8,0.11560869381196434,0.12757731678918852
20250815,92,35,491,3,0.09118948907043471,0.052046876791371266
20180325,119,3,907,17,0.13258886024700522,0.1438345838520325
20190502,220,3,480,14,0.036742909620805286,0.13384829999553885
20250118,329,18,927,19,0.09846716527449949,0.08749209321119741
20240716,166,10,352,18,0.024507413905808868,0.06832013139386972
20230406,237,41,952,20,0.148570054315341,0.055548681383575604
20150221,249,27,773,18,0.12327510027072709,0.06547154057869477
20180527,266,41,122,20,0.056521095308575145,0.13748237525848112
20210611,265,21,779,6,0.06980106431750081,0.1269028295261056
20220505,325,46,484,14,0.031301247311220304,0.054020019072974726
20181130,270,16,178,19,0.07187538639534326,0.06018576293517243
20220916,137,16,372,20,0.059530832972188086,0.10008068469530959
20220910,341,36,75,16,0.11513685212127589,0.06368087376596697
20160123,302,14,341,12,0.10100214572125117,0.1265266311148869
20200906,164,20,360,11,0.07549021915345513,0.12355494124609365
20250418,48,25,211,18,0.11214694137977875,0.13837414507243212
20220730,359,1,543,4,0.09810963735594383,0.1363216573034678
20230427,197,34,858,6,0.02699985754624117,0.06749844161774338
20151024,163,48,16,6,0.020300058524817945,0.12933044490093082
20220102,166,41,94,17,0.13255062529693085,0.05823263300232463
20210124,235,23,834,4,0.12160795085530753,0.0647133395784171
20240201,20,25,12,13,0.033554137131219575,0.09715769223456014
20210120,451,20,3,12,0.12783298788116546,0.10065377283796756
20230202,496,27,494,7,0.10287359510949845,0.07723526682311649
20180825,164,45,771,3,0.07624849601419674,0.11292879540628442
20221219,426,31,690,1,0.1358229409225781,0.1208614067339161
20180726,404,14,922,8,0.12688826684751045,0.1368025717679608
20160517,239,35,585,10,0.026266282642798965,0.14948180985830353
20180916,8,40,938,13,0.09904358967766387,0.14250950425639802
20190929,397,24,92,10,0.07352986441695777,0.1223155031837901
20160728,190,12,426,18,0.12918674416856252,0.08133360844514313
20171010,48,9,830,9,0.030815208963499922,0.06557196129870531
20240407,375,35,797,8,0.09063265040980925,0.12713172869426592
20200625,173,2,791,10,0.055240326505441806,0.06789677958535756
20170903,293,9,605,9,0.08726552499405964,0.10670672071423093
20220729,281,3,519,7,0.10773215238273379,0.1447698938776673
20211020,440,4,643,5,0.04622440007687071,0.10460752188157772
20240311,360,3,734,18,0.06382653131626216,0.12569594903812975
20150826,390,4,213,3,0.03409418015400267,0.06375923023938272
20230124,353,49,83,14,0.12422433874930515,0.12086141712770126
20241030,480,9,81,5,0.08466004488826524,0.13748196039878519
20250712,182,23,813,20,0.10276218938588533,0.09013985851399918
20240908,40,3,285,1,0.05660515985107793,0.12407432284773232
20200922,83,33,653,9,0.06509403933921483,0.07973472588844752
20250717,475,11,449,20,0.06130847738444145,0.07543983933544177
20150317,295,23,294,4,0.13992652037541584,0.0670233357348793
20180817,89,5,896,12,0.08312154980910325,0.08557434507419945
20230423,79,35,339,9,0.07496160984111845,0.13927153708878523
20150924,219,15,581,15,0.054123728198420845,0.052121151795767956
20190722,453,44,100,14,0.034013013051799115,0.08166697212917386
20200708,334,14,977,8,0.023587884517456803,0.1394579536604305
20161217,272,20,223,7,0.04984220817685095,0.14030092716460346
20170211,418,25,519,11,0.13437644176668906,0.12608691628151103
20190509,254,41,870,7,0.06788130790664228,0.13203146437501856
20220406,400,41,609,18,0.03505523285221456,0.08798700923269222
20231206,468,45,494,13,0.08364974373899449,0.08842404349256625
20150929,258,7,748,3,0.06643306145670556,0.10089190399663765
20240729,100,11,835,12,0.0647274164624332,0.12043457534160752
20170302,99,28,877,7,0.12779063248535763,0.05969356496014917
20201114,34,49,412,17,0.055594433180354175,0.10802093910108487
20150615,63,13,987,1,0.037365207093100386,0.06758861218657444
20240524,242,3,5,11,0.14173330200425005,0.058961795547630064
20251119,483,43,287,15,0.08121152436230956,0.07225941978687242
20181117,74,48,786,6,0.021035794356472536,0.11756821189036903
20160125,400,16,478,10,0.03832151687606285,0.1375961035075226
20201012,6,7,591,5,0.02502503658293489,0.06353570108481055
20190420,476,34,1,8,0.132546098091237,0.10910728824329291
20191221,237,26,584,4,0.03145528537657104,0.06601822438429197
20210215,221,5,215,20,0.11496376119823051,0.11352550944390749
20171014,446,45,317,16,0.08727110670683948,0.13748908067510834
20170923,260,3,761,3,0.02070488101681593,0.08914498729762375
20180224,217,43,608,16,0.1450435005498334,0.12731404024785747
20220828,63,26,553,16,0.026106991607191966,0.12659662222925597
20181218,278,48,527,10,0.023423844777095554,0.13723479992374343
20161101,302,32,640,13,0.07286298923643102,0.07599859379703416
20230507,437,41,820,15,0.0648620614382785,0.06635891281350034
20180924,68,42,575,9,0.13048336570586658,0.09871943423897978
20231024,410,6,255,20,0.12004410124589367,0.10693295215023894
20180504,155,10,536,7,0.03886038344239656,0.0546155712195881
20160425,37,46,529,1,0.027443291303694016,0.050845233186455764
20210721,321,32,572,13,0.036131250284127794,0.09999434513499325
20170717,426,38,34,16,0.1366975536339193,0.13940087985136462
20190216,56,33,869,17,0.03117634848316945,0.07660736771695202
20190523,427,24,783,18,0.09348064309631877,0.09308464085532991
20170117,125,2,798,4,0.06488380573788001,0.10047225449723438
20200227,374,3,117,5,0.10794590568540925,0.10061475758354041
20230305,174,26,886,7,0.148104847700841,0.09465477931206134
20151103,337,16,970,16,0.0843027339150376,0.0911712647128086
20150315,8,1,554,9,0.07783082117341172,0.07371268234285985
20150506,80,6,653,4,0.14866459553810646,0.0911010579063384
20171113,187,27,203,17,0.12934157566206006,0.053647508427033974
20201224,288,28,854,15,0.08592752539640766,0.08213044040660498
20180420,1,3,530,2,0.0647292300318708,0.07851686334320493
20190423,477,38,951,19,0.06337748386183777,0.12176170523571837
20250620,178,38,42,14,0.1002381695879089,0.13658865962074518
20190811,266,19,371,14,0.051954169885411655,0.14872154675385948
20240106,279,50,173,15,0.1272837040700117,0.1294198186738737
20230716,97,11,971,3,0.13473226213994477,0.06922855212921505
20170611,14,30,983,14,0.06111330630864291,0.13213473005776674
20151013,257,37,686,19,0.1324938461992963,0.12693887355306777
20160209,323,5,239,1,0.09697575251684669,0.0911640457752808
20210307,87,33,812,2,0.04434551787774761,0.06117479965752856
20240709,116,14,169,16,0.061658362801362124,0.11141345968769364
20220520,157,32,850,5,0.1377878671575968,0.052318920803080274
20180922,289,38,714,9,0.10403197322171388,0.11211717421718358
20230701,17,18,17,3,0.06875753017138703,0.06338589158698517
20151009,182,11,885,2,0.11439100667398887,0.13653353606070007
20170310,120,49,40,14,0.04245778944832131,0.110577912302013
20230401,411,4,861,7,0.04075446342854631,0.09119141851499742
20211217,97,23,457,14,0.06895265045378807,0.14284770338793115
20170607,94,33,997,5,0.04227913986395173,0.14671206123238462
20250819,404,7,759,13,0.0527561510392021,0.090254806808888
20180514,492,42,354,6,0.10478951884557651,0.05477248300302721
20181007,164,36,906,18,0.04411749696807675,0.055236437369346636
20160925,397,38,302,3,0.1241001253776207,0.11224664746102245
20231010,138,26,461,5,0.12530467417476754,0.1404115438378967
20200728,311,5,952,17,0.07669596080492158,0.0683441012900417
20180811,415,26,26,8,0.09375784204971133,0.07505848491136047
20160604,436,39,241,1,0.08318380148817169,0.10205682540352111
20170909,168,40,304,14,0.10601670068185036,0.13155492000110075
20210203,1,23,772,8,0.054089554732985115,0.11983238255132302
20201108,414,16,311,8,0.06892251317773146,0.05571586821485818
20211204,229,15,893,9,0.020125246923596893,0.07377493352036152
20221020,253,8,576,11,0.09714392991227778,0.14543975191460712
20220630,328,30,847,18,0.11471792719745441,0.11175551461186836
20170331,191,25,106,6,0.051319683975051156,0.10876886138240144
20180528,358,22,194,20,0.06741505765660666,0.12651840023457278
20210916,151,12,824,11,0.05377174090761243,0.1458679265261641
20160102,84,10,715,20,0.144812746078917,0.10782667727863504
20200918,447,9,338,17,0.04276579802201104,0.07732378193624159
20230111,139,4,630,19,0.1101921850520543,0.09035095573783639
20250104,67,10,58,3,0.13138868529687484,0.08377971903200335
20191010,174,17,666,6,0.0546527295833258,0.10135095294621019
20210209,334,41,793,18,0.1071808793328063,0.07062630744470369
20201205,201,47,40,13,0.041528535555515084,0.05078198289777594
20230202,472,11,137,9,0.13305030216087876,0.06665558984190124
20160616,104,22,418,7,0.1050906161766084,0.13842929040383695
20191029,338,34,647,16,0.1300275840641573,0.13383218908948097
20210409,21,14,102,19,0.062245612665730504,0.13551013903375064
20171026,300,13,262,6,0.021176830434137737,0.09023905560044929
20250407,356,50,644,12,0.12575349545016873,0.08024040020032791
20220206,388,50,774,19,0.10214386889675751,0.10572121298886555
20150808,288,1,728,20,0.10021301385197118,0.08969500439307607
20170705,343,30,907,17,0.1474688718806587,0.11148934718624226
20180410,418,43,704,1,0.059935494807354994,0.07511884326340454
20150514,392,17,781,17,0.05103323518264554,0.12313206015761777
20210421,252,49,794,10,0.10386157605891788,0.12746335488130398
20240313,304,10,852,11,0.05594153505855402,0.14910964006029698
20171104,402,34,176,6,0.06676433136191298,0.10616414182560252
20210909,150,8,882,15,0.06993126377719296,0.05523618890423026
20190822,124,24,771,1,0.08733675546039393,0.13587601568226892
20180316,263,3,342,5,0.10325499091021716,0.12269250123418791
20180325,107,25,162,5,0.14405141165527344,0.055180999485081164
20180123,344,29,579,8,0.07552347349043115,0.12151764617104077
20240716,396,41,474,20,0.14789880275774514,0.11136641677817931
20161030,414,50,875,11,0.11538191909280152,0.07619961338892699
20191010,320,6,639,17,0.12113582771359781,0.11615633651687841
20160929,30,41,63,4,0.05643926687672521,0.14116104484194
20201215,445,42,51,18,0.11434542059557155,0.08317299732242874
20180818,192,33,742,9,0.09751724450557563,0.12387273441653016
20220324,148,20,514,2,0.08252489322455718,0.05445406675083369
20160816,383,28,827,12,0.04753013460832766,0.09435662003495453
20181017,158,43,96,14,0.041189545774483305,0.10487748408885976
20250318,426,7,554,12,0.1475797849397491,0.1469150925133356
20200811,217,6,602,10,0.12684372883357575,0.12433831200878194
20210627,92,29,283,20,0.0531343023802307,0.05015479100275038
20171219,302,39,229,7,0.07280231085350167,0.10117998256984659
20231124,420,21,61,12,0.0917064742473278,0.05790274180807177
20200118,91,43,261,3,0.10607813690070354,0.0841608696892854
20160926,29,34,601,19,0.02225908523951368,0.12827011758780826
20251026,325,3,968,14,0.032329355186992224,0.05112954000289166
20181206,15,50,950,17,0.06659038627078005,0.11267519825641908
20220326,61,28,58,9,0.10076852260579477,0.05000484500942187
20160804,323,3,515,14,0.03293376484354263,0.14707892800379613
20160416,460,41,232,11,0.0855535252069674,0.1110914077699166
20210621,356,30,88,17,0.11353407940895197,0.05045245528849838
20221207,427,44,293,15,0.02970170769678884,0.06363678096484814
20240911,122,36,1000,18,0.05144585890413621,0.13815758279894336
20220107,55,21,152,16,0.11737527322477943,0.05777786041986195
20150224,111,33,467,1,0.12385658729395717,0.0933590533005868
20201221,348,9,660,18,0.10210546670305351,0.13553143507110585
20171124,235,46,749,7,0.12530624942651727,0.11623651113065973
20211201,281,24,284,19,0.10243577030086402,0.0538885439234869
20170928,59,23,430,10,0.04549324635936852,0.051297553588733384
20220509,21,35,799,14,0.06970912166479927,0.10222577706764284
20150927,246,35,587,2,0.024464111764575504,0.14642497506738034
20180302,292,44,921,1,0.026909104845395968,0.12072261877384259
20221212,107,11,482,11,0.12333687568698035,0.1490194745038555
20230327,275,47,50,10,0.027837023244232893,0.13412751774345985
20250516,157,25,496,14,0.10271126733770192,0.056585996345226236
20160106,265,32,803,15,0.14720359165722804,0.06702146549376836
20201103,258,29,235,1,0.056658785449028526,0.14395354011315925
20180717,472,12,965,12,0.12755174705945158,0.06411145705941476
20200224,338,16,796,14,0.10688071091543164,0.12402979181985951
20160229,115,9,969,18,0.09291476308067323,0.10777360341551566
20171214,6,46,397,6,0.08932222368343054,0.07265281388700345
20180205,72,47,667,6,0.030498881149053678,0.09262193636865061
20230715,172,28,231,19,0.034036368342884274,0.14723401326406382
20191130,200,14,361,7,0.1347920902064236,0.11005740004137746
20190411,204,33,400,14,0.12396875767442771,0.10847559960988074
20211207,187,30,166,13,0.1278692429528819,0.12073617291277501
20231221,91,46,358,19,0.13762103122623673,0.1253871691896964
20200717,155,35,54,15,0.13420576300891612,0.08819427091869392
20250309,231,12,272,9,0.12308467355702397,0.11589568529907783
20150408,427,21,584,18,0.12902689006927023,0.14707039886011664
20230517,25,1,299,5,0.12523695510763058,0.07449406625431663
20210324,247,17,712,15,0.11818870405347222,0.05088323708183349
20240824,364,3,343,16,0.13372978156919343,0.11469831308917885
20180829,390,50,823,17,0.10067277695141741,0.08195770855393217
20251001,145,46,633,17,0.14691351527495305,0.1344082262723979
20230127,464,7,239,8,0.05736836557493699,0.12087273045962531
20241204,409,14,28,5,0.1469912867586247,0.08261079753540604
20250315,89,34,730,13,0.083991997131759,0.13827066853468448
20210802,291,36,179,16,0.08741807121070179,0.12405586772737236
20200308,39,20,446,14,0.13830073744172283,0.14883722502657615
20180712,146,46,607,10,0.04589222354838812,0.14243467865178794
20250108,277,19,278,2,0.059844597751696385,0.10949018187721543
20230417,239,28,691,16,0.067267655697833,0.055534497317328374
20250222,158,17,639,2,0.057031058208742325,0.08678792302332451
20250311,338,30,118,1,0.03771267204481696,0.10661115356454845
20221116,408,37,308,12,0.14150624751335086,0.11730977923755122
20230419,175,44,273,20,0.14046461063236282,0.13990621292507827
20240416,209,42,517,14,0.11171755889938333,0.1347689726244314
20150720,42,31,707,3,0.031244760719071805,0.07609381495020419
20231207,452,25,106,6,0.1421057562836739,0.12290420908982487
20201109,430,27,209,11,0.09254673269324683,0.11181421674005104
20180724,472,29,667,4,0.0637741086761001,0.08089112656025353
20200411,104,28,307,9,0.047907162651264726,0.07649813685469914
20200124,181,40,695,15,0.07513218020025493,0.058032726981496835
20170723,473,2,198,1,0.12133842027142087,0.13075841139472796
20150118,422,44,279,9,0.08238678049295978,0.10237237368862989
20180728,246,26,568,20,0.0971610042296518,0.12062323442986296
20171208,60,5,506,1,0.031886708479479414,0.06885028637215396
20230822,15,49,705,3,0.08157722938505721,0.12352566129451595
20200216,61,48,182,2,0.04466129212977972,0.10125292385735801
20210521,213,40,103,2,0.05968226303304541,0.0972906088457259
20160609,404,26,282,13,0.025141212808095455,0.08476233420475723
20241017,241,43,282,12,0.07920113445069425,0.07652786638619861
20201025,381,43,193,3,0.09063146984775705,0.05230642350801865
20160815,19,33,531,15,0.055157551739890606,0.0775701223763728
20230225,165,30,720,12,0.058737066777288835,0.13232426036929645
20221116,427,19,648,12,0.12858386423251325,0.13642705339423208
20160327,220,23,669,1,0.10629545080900892,0.13879671407517297
20170312,469,24,489,6,0.12882311403747757,0.0832764617970345
20170113,433,8,70,3,0.06389206883867402,0.09519583756289146
20211004,407,31,887,16,0.07721289316777845,0.14101474492391408
20210701,91,13,708,17,0.1228174803439191,0.09196350421676297
20251008,120,24,509,16,0.06796526705227184,0.07742545634227285
20181109,444,26,412,14,0.06786216761558622,0.0956787395888633
20160626,139,48,699,10,0.049037496689439325,0.11647523936551617
20160410,179,47,537,7,0.10172929047989457,0.09329073871437829
20160428,469,38,155,18,0.04054352604432461,0.06636136908261364
20230222,150,19,726,4,0.024376526042527734,0.07781907128926671
20180104,48,48,367,5,0.13346359455405926,0.1333770026716526
20161107,496,34,793,8,0.056206848851147545,0.12279386435767772
20190824,166,2,306,2,0.03306480771806363,0.11292700814834863
20190207,211,12,61,4,0.13332148194101817,0.10963980153245109
20241025,295,47,474,20,0.05840136518646749,0.11523073329150298
20160426,248,36,362,16,0.10414062777456487,0.10792838985211743
20180205,357,43,609,7,0.030290858435045812,0.12060537152441454
20170106,188,21,557,19,0.1376252452248595,0.10911212788923647
20190322,201,19,867,5,0.12033548507417104,0.06710997169031545
20150122,315,4,841,20,0.054073460078439356,0.05231825048482382
20170324,216,40,762,1,0.06882371791841661,0.13386551422793816
20221102,113,36,206,7,0.05037595193796627,0.12083894522675465
20200111,268,34,231,4,0.044690585513249934,0.09098834375790041
20251106,59,10,58,15,0.03482217407603906,0.07541653899825715
20170208,215,5,143,14,0.09467635087919923,0.06844974045539116
20151222,15,7,780,17,0.1023961016990356,0.08113730581698056
20220826,242,14,523,6,0.1385995458329446,0.09749951519647596
20250521,164,40,541,9,0.10033362835605143,0.07317844683512231
20150611,385,24,948,10,0.14540672479349537,0.07816473082239159
20200213,459,3,350,3,0.13433651523758935,0.09046764581268613
20160529,68,39,41,13,0.08411697944735236,0.0794127438725374
20240321,462,10,655,15,0.03446585898883235,0.06868706338804956
20180116,185,33,96,16,0.1286438519121721,0.1269538118167708
20200206,390,34,27,10,0.10048665241152491,0.06007998145077478
20180520,295,12,501,3,0.02135140435793109,0.0777023958187353
20230401,333,48,655,4,0.03943892382746893,0.05189734920998538
20211107,183,32,181,6,0.06233188787160622,0.12011952371217936
20210305,198,4,340,18,0.02465289355773177,0.08651162257342097
20201221,43,9,516,13,0.06868330119964397,0.05108424959236133
20180204,93,5,104,12,0.06991916491620495,0.09027870708262423
20251225,495,5,54,10,0.08809583110375238,0.11790829618008801
20220622,495,30,580,15,0.07556534795917744,0.0702184358709449
20170315,311,1,761,6,0.05069657718956387,0.09080576037409008
20151021,55,46,78,8,0.13834983718547697,0.09267080393998076
20200729,294,21,991,12,0.09702612739249905,0.0639388957404796
20190811,52,16,396,17,0.06867603977844051,0.0800521075409085
20170514,398,11,678,6,0.12359516440916102,0.11889280689246158
20220818,428,33,935,14,0.14124291820047793,0.09531691051625801
20180114,21,22,844,5,0.117010317597973,0.10898706695353998
20171102,185,7,445,6,0.04701998022133501,0.11575174195086893
20240531,175,18,662,5,0.1184029621057996,0.09865988865687367
20251114,450,17,194,6,0.02524084524420799,0.08356068868244451
20250121,197,26,55,12,0.10420785741823564,0.09611398772813673
20210126,256,50,239,3,0.1255784125472046,0.10125463241631605
20240111,364,3,25,14,0.1369675317867667,0.07774683684398666
20240819,219,18,16,4,0.07001012642294746,0.12233615023141209
20220630,111,33,874,20,0.022825317880802696,0.059660485379097454
20170509,109,2,109,18,0.04143125916751765,0.08867458601591076
20211121,144,7,713,11,0.0555139263016602,0.14947754669562313
20180817,124,35,112,13,0.05628955446578311,0.05616997822606329
20210704,255,32,200,11,0.0447581955671786,0.1344558675313559
20220508,396,7,186,15,0.07486529927542311,0.12097746527258055
20230103,316,2,922,3,0.09890643930011116,0.0935670071971893
20210309,150,12,997,1,0.04322287667566305,0.14697723429199275
20241207,137,34,752,7,0.03393655090290393,0.13731723593253575
20240804,227,7,240,13,0.14063441539277133,0.14139631206945386
20160714,11,49,601,10,0.04551566909559501,0.07720387773132026
20230709,155,17,986,1,0.09743260885809472,0.0846905547421524
20170718,229,34,672,5,0.08156745794044959,0.10157835207885471
20161109,360,36,102,14,0.02773558408514927,0.11925504383066164
20250425,88,31,674,4,0.08768468090094465,0.1113701801757253
20220615,476,33,454,14,0.0956095394048983,0.1403120348383957
20220523,419,10,654,20,0.08918251720661106,0.05909300389134081
20210731,275,26,432,9,0.07099144072938735,0.07127007753463332
20250531,37,38,291,18,0.14707711824697967,0.07254162632912822
20210703,437,34,391,14,0.0578745306563606,0.06496062497874047
20240708,271,12,609,15,0.07767545618324709,0.09140506171398358
20240904,68,33,614,12,0.05765350463792206,0.09708659794355712
20241012,383,37,82,12,0.04410614515568815,0.1333513715834002
20180619,11,9,711,11,0.10716347125645159,0.09344438549256183
20200725,357,6,229,19,0.031655346451151894,0.095539187504661
20150906,368,32,891,4,0.10765683002144236,0.1116594213488719
20251025,127,35,858,8,0.08523285147007655,0.05865738470204898
20160524,352,3,345,4,0.09451316675816776,0.1339129837850071
20160229,360,23,269,15,0.0924357173987911,0.06161326756540028
20211227,146,36,385,11,0.023240804758620465,0.10805865977597237
20220827,157,17,269,6,0.08755614463245344,0.058122262422416915
20220927,450,22,125,4,0.11547687076955687,0.0808694596667914
20160219,298,10,926,16,0.10470291230224793,0.07521302513033934
20250505,490,26,446,19,0.09231970200921132,0.08068603070369898
20220608,112,7,899,16,0.05551368249931543,0.1445196335552629
20211021,77,7,38,13,0.024204418055004336,0.08606641348287009
20221218,266,22,506,8,0.08226275758189734,0.1467928938981805
20250722,274,41,479,20,0.13603698926011049,0.07530458704502643
20251127,87,33,412,16,0.04001282197702916,0.06484153463053911
20181126,298,33,741,20,0.03604645756179163,0.0868842642573793
20160829,220,49,229,13,0.07854920628051991,0.06029327965004181
20201119,124,32,418,5,0.06702841212152348,0.13813329941620733
20230217,222,46,923,10,0.1416770032028217,0.06853244618668733
20160723,344,48,176,10,0.14838134286154847,0.14239967991091218
20240112,347,36,859,16,0.03359244631530633,0.09111028129353832
20211206,355,2,429,7,0.1302970621410887,0.07069124664510454
20190715,218,45,854,7,0.14768256728542256,0.09936137810221513
20170411,286,20,370,1,0.1255644237479628,0.0933868438092679
20251007,188,39,770,11,0.11839039057025555,0.12366818265266445
20180211,120,13,594,12,0.02431564275167466,0.06632096146742592
20220102,393,8,778,20,0.027008795973983847,0.1476360171222056
20241226,355,39,202,7,0.039059880272084915,0.07751437761378957
20210217,293,31,57,20,0.021985826228909534,0.051828352046701776
20170620,499,36,276,11,0.05091101388761489,0.10792723339519764
20211102,28,38,614,11,0.03558631854974845,0.06418405333252644
20250426,209,41,700,6,0.07877357061351736,0.11446499926161637
20230208,254,20,606,2,0.07140345855851558,0.058480771077129456
20180606,457,38,360,3,0.021474711371038034,0.14873794128852147
20180926,344,48,437,9,0.09228449910221147,0.07528446776397571
20240120,351,45,280,20,0.07718217432178753,0.05675162149316607
20170319,399,14,83,6,0.039503463366756184,0.13731708979499327
20230817,324,19,321,18,0.08059186484708729,0.08361834454891826
20190726,222,5,215,19,0.13355664581367419,0.11769823725251168
20190513,139,16,60,7,0.10862433243390983,0.1098979151890841
20160817,192,44,268,12,0.03760906709346494,0.05805326728169555
20150819,273,3,294,6,0.12498489975370704,0.07808472315491788
20231029,387,46,746,9,0.0838104435050904,0.09976146623163255
20201101,332,1,385,15,0.042028335295524334,0.14063718894673505
20161013,420,17,412,4,0.055819036047458165,0.1265995471556462
20210408,157,14,73,20,0.12210113464654326,0.10182009906007541
20200521,233,29,8,4,0.13071036766429836,0.12305821264869851
20200612,102,34,852,10,0.10023922325730202,0.054362372460370983
20210203,221,13,534,6,0.0720955278525996,0.09822848146488572
20210717,269,38,582,10,0.03429667985204753,0.10163757794611425
20150715,107,21,158,4,0.10656531522244393,0.08093359589665261
20150513,295,42,868,8,0.14296955351204838,0.09192148975775687
20240904,302,49,787,6,0.14982103407832706,0.06648815574882802
20230119,99,33,712,17,0.10052579355944397,0.10230233127448513
20180402,304,37,753,20,0.027084228558483227,0.08464985102906106
20201008,204,31,396,5,0.0640681368267431,0.13191417997544547
20251029,365,11,829,18,0.11812636565055626,0.13611514787224616
20180519,188,21,870,1,0.09744523543134873,0.10367149547404159
20210804,338,42,27,14,0.10496432379533938,0.07017713059885711
20180124,379,47,628,2,0.0779315801960736,0.10853046132017599
20240416,427,3,237,3,0.08936301693066756,0.06751699374423778
20250417,144,15,358,7,0.09136552960258529,0.05056881024475515
20170318,309,42,499,5,0.06950122589585442,0.09195232023016392
20231209,69,3,343,9,0.08412844598153463,0.1298924115271185
20191217,497,17,747,19,0.12448383950296979,0.054513569887808214
20181029,109,48,893,2,0.14179438775885497,0.07213357036961855
20230719,208,38,543,12,0.13626094059677785,0.13680924051287147
20230130,250,34,578,20,0.14082344261620697,0.14874099726174797
20251105,111,31,343,11,0.067043377172509,0.06611802907433928
20240326,15,46,510,13,0.09298376396252687,0.07413622548906504
20190217,18,7,936,6,0.08274339512781574,0.11928741488519683
20161028,493,36,517,6,0.05529753827684879,0.13416747311115962
20161115,358,26,598,4,0.08603947815317503,0.09939273718636174
20200908,401,26,714,14,0.04615010051597418,0.12243188185211147
20191028,275,49,774,13,0.04994041369190089,0.05615417694011591
20220814,350,6,916,2,0.10273511838761598,0.05903176013030769
20240625,187,13,135,14,0.08633014237449084,0.10911581591297242
20220729,461,13,220,19,0.03619046103266939,0.08401446727372455
20220318,28,1,926,10,0.08871975575303483,0.09694756774573407
20240526,52,45,916,6,0.06803048918938796,0.13988035559378034
20181217,478,27,82,8,0.07624811197661643,0.08774674949020365
20240120,50,7,444,7,0.09452305036867427,0.10636828661763126
20160429,21,28,838,18,0.117212410390722,0.1365074762048489
20161130,402,7,436,3,0.06942028291240336,0.05035788307239582
20250829,284,50,642,12,0.02185826432524002,0.12873822665199097
20151003,7,8,912,7,0.13406766469346687,0.10532945084224801
20220104,9,17,7,16,0.11360081142889274,0.08616143135826272
20250612,97,37,134,9,0.13558349772914294,0.09239864420330013
20190514,59,18,125,20,0.05437783571427875,0.11056976959777803
20190705,44,40,694,5,0.09504382533038869,0.08414486813521253
20191128,477,21,329,9,0.14554335776037647,0.06324732374594733
20170709,56,7,411,5,0.021340162005055053,0.0899489816081183
20221112,203,16,121,4,0.04387595466573213,0.10817973166904875
20160118,135,16,731,15,0.032382936582650144,0.059785214398934465
20220325,23,36,294,19,0.06783788933161093,0.147109553067288
20170525,17,38,420,3,0.02862817022902437,0.1395148402203445
20160629,302,43,544,16,0.08046974122712199,0.08473563141805082
20180322,273,4,413,6,0.08981474455360834,0.12534314762256638
20180725,67,28,987,2,0.07355792089518406,0.10080650002639557
20150917,117,46,380,9,0.08158921288024346,0.10257712292052566
20200502,261,15,595,10,0.1069810579754392,0.14868950680567133
20170811,301,46,120,12,0.14176908113386807,0.06848583136982203
20150620,263,46,184,12,0.14482611209922713,0.06886373809590568
20201024,444,26,155,20,0.0917573356156841,0.09282454180487762
20211225,437,24,804,9,0.14885403662698476,0.12223527200485682
20200311,93,45,110,13,0.044762274502959915,0.10273860555180442
20200326,401,21,385,6,0.04345540877035699,0.08354650631153197
20230509,238,31,191,8,0.09649132802109409,0.07434171121348465
20150814,190,5,795,14,0.09935723767408426,0.14517444843775557
20220930,12,48,606,13,0.03069469179981294,0.13254828829103807
20250215,164,32,874,7,0.030783025595612613,0.14239182891549385
20250125,169,14,416,17,0.08401102114387392,0.10215025946561926
20191128,26,38,474,10,0.12315440895182994,0.07996887703494497
20170323,257,40,596,14,0.1438441298895951,0.11295135106936882
20171230,237,29,760,2,0.021332856660443822,0.062101667118397846
20190613,88,37,972,13,0.08473929103301739,0.09883742036284154
20150721,214,47,439,19,0.12118278835645377,0.14037188567739334
20230627,26,4,91,9,0.12328906815778647,0.1283471127181832
20210321,145,29,437,7,0.02779112861841144,0.10061548933944785
20191220,33,44,658,20,0.028626659610707567,0.1053013233102362
20190408,126,21,444,14,0.12218675369568534,0.14483792136745882
20250907,294,7,225,9,0.13957914398276977,0.09670181151339954
20180503,1,2,790,14,0.08821864035676145,0.11639873728786747
20220420,338,24,379,11,0.1309664349160596,0.05507244068537442
20190818,282,8,234,13,0.09539177507703754,0.11049271933666605
20150316,106,32,163,4,0.07746651700272711,0.14713347340366306
20240607,463,7,942,5,0.08237460699893723,0.10622579748532363
20181105,270,25,958,4,0.04259375190009958,0.09699957779671184
20230413,392,24,473,14,0.0342869184720457,0.1337990656444556
20230802,191,34,379,7,0.03157642632789036,0.13247316334961634
20170129,106,16,867,8,0.09928586158805372,0.09521699479453204
20200918,358,33,841,5,0.027461223022128424,0.11374448224241587
20160130,298,30,90,10,0.09732538615645046,0.10260869575483961
20180626,42,7,773,12,0.04350231477482276,0.10327317921623524
20151102,223,29,933,19,0.11058983203215436,0.11203489290983995
20161127,258,14,845,12,0.12455275787116521,0.06852175981217737
20171211,23,20,177,18,0.06220013032379701,0.09728253656573108
20151102,485,46,38,2,0.05650704288324468,0.08244331101375871
20190706,298,9,294,15,0.12800334654302728,0.14000936940682052
20221004,385,43,772,17,0.1480208405468624,0.1414035397890291
20251014,402,28,870,15,0.0931832577948844,0.06078959558823828
20220105,217,30,48,8,0.04418293122257201,0.11525238005726846
20240817,4,48,658,14,0.06101350861865826,0.06394262466082068
20160620,223,49,163,8,0.026634536473586566,0.1439321664230296
20160731,63,6,734,10,0.03063035216358812,0.12813738419184337
20200818,443,48,670,4,0.08807604879255973,0.06024216547620066
20220321,185,23,102,3,0.0543054060220895,0.1284099356481445
20150702,109,46,307,2,0.1384487203414969,0.11940023437409115
20230522,92,4,845,5,0.14755045965311553,0.13946003703691684
20250515,137,20,985,2,0.059578815849262765,0.1171488589141823
20170910,338,47,198,7,0.05468746871711591,0.09392213685012157
20230720,374,23,214,14,0.13773402948785218,0.12377611490386924
20231003,149,37,411,19,0.03987599581993882,0.06438272475233381
20190805,11,17,332,1,0.1110951352255127,0.07729163919941473
20230906,138,44,885,9,0.07892580951273068,0.08511612823591314
20230101,380,43,717,13,0.08834187347707155,0.07956500379425001
20220701,460,32,551,12,0.07733096773632385,0.10468523165064075
20190428,70,33,867,19,0.03909333535510457,0.10503576552754477
20160619,328,13,190,2,0.07467831894893026,0.09306765162456798
20160323,339,36,127,3,0.1117824132314274,0.11486435808778576
20240705,208,22,576,6,0.055270360359961454,0.11445517364216559
20211030,330,50,335,17,0.12655103279121122,0.08889428874616159
20230531,177,43,755,3,0.1328914218104504,0.13222812622099436
20240520,228,13,588,17,0.0714234381124489,0.11446201553267872
20171106,72,22,162,15,0.03573224523648732,0.12495355346411402
20190711,473,49,439,16,0.06646837391057557,0.1438614204454916
20230302,106,1,38,14,0.11942165355192959,0.08494943127779477
20190427,130,19,211,18,0.13905628279651486,0.10466575183108609
20221111,415,12,932,3,0.06746085729087846,0.14922314222837998
20241124,360,12,171,8,0.12732417173685434,0.11239014327786806
20200729,303,29,445,3,0.07368390565010252,0.1429025455598255
20230128,386,13,510,4,0.0701618773195733,0.09912795780310399
20150109,163,32,434,20,0.09149128427647095,0.1278865872531918
20230716,222,43,708,7,0.04523696753198145,0.11025195231151441
20181126,474,28,836,16,0.06429282811855408,0.06083848157716059
20200305,122,43,385,14,0.10168979246133898,0.14049756406838676
20231031,287,19,896,12,0.09956788160413192,0.05406640394998851
20150422,487,21,752,4,0.11359432525471758,0.08946767228150235
20200406,157,17,114,19,0.10440866745414733,0.10164968481361435
20210512,266,7,883,2,0.052275426841256925,0.054789753819809044
20160525,143,24,699,20,0.06090705690452533,0.09965604022051769
20170915,280,37,825,13,0.10643541136811853,0.06299835825937741
20210917,49,28,119,6,0.1302576308910756,0.131007932906976
20170717,393,48,73,9,0.06557951034951855,0.140183204000065
20150107,132,20,559,2,0.06835308470684746,0.12557176336343678
20251024,421,38,94,7,0.034505875211863477,0.14756019691490452
20220703,213,9,219,14,0.09931905990116427,0.10692467369250212
20240918,45,32,545,17,0.06357847106916109,0.07352267254636496
20160827,297,45,133,9,0.08038156903028477,0.054174102623320744
20240620,134,23,436,4,0.10632247467133978,0.11636410216750383
20180713,113,1,743,15,0.028275066284421897,0.07790974827977042
20180907,34,3,864,13,0.046784022621377055,0.07562107065372783
20190330,157,45,409,17,0.10609900171881599,0.07113375729987867
20230418,104,12,607,7,0.14608813040297178,0.1352903761857623
20250723,105,4,960,6,0.08385567257269112,0.111120329851257
20200731,284,26,393,19,0.08448136298099386,0.09366020181376083
20160614,349,23,239,17,0.046098543749471935,0.07743219428036699
20181105,120,34,558,9,0.10278121630092202,0.1106804120874833
20211005,137,45,723,10,0.05978275611406436,0.1366419195701702
20250625,295,9,710,10,0.14482495226377093,0.13143814118480207
20170607,72,46,231,12,0.13218390928756296,0.06631386939941177
20231221,311,45,946,7,0.1015533210981851,0.12878428834774458
20200901,347,16,782,10,0.1447826943128218,0.13606466817845284
20241124,372,46,777,20,0.11962651739484914,0.07773353452039233
20170613,241,10,38,8,0.0657131106534231,0.0915385586324587
20180706,275,22,83,18,0.10887435055508747,0.10553759259178684
20230407,367,31,63,15,0.05353969419815137,0.10132657905816705
20210211,317,37,897,15,0.07525314108599644,0.05656149846088848
20250630,397,28,482,13,0.05941322711870277,0.05303791601195998
20151216,112,8,455,15,0.11913512605412098,0.07730174362224126
20180630,153,16,634,19,0.14445085734901783,0.05742106537737318
20230118,68,46,161,11,0.046974158568433816,0.1193136666126356
20170106,295,8,458,11,0.056011339615434294,0.08959777212366646
20180415,61,9,520,13,0.1302509960984841,0.06611547832530097
20230106,431,40,25,3,0.09958201055489477,0.06754696743976803
20160125,4,12,404,18,0.033178093286517,0.052516695871644294
20240301,33,17,153,5,0.06853010329594954,0.10843803280096614
20170302,78,14,562,17,0.12002259162436801,0.09571709359201869
20230219,35,20,852,9,0.09639591982815514,0.14198157442256337
20210505,38,25,212,18,0.027401633809992616,0.07752451610580945
20170131,359,18,257,7,0.12729221475705646,0.06107525776038898
20201120,454,10,311,14,0.07398303563489901,0.06989508200236508
20201004,140,22,198,15,0.03345022321110275,0.0750754341187326
20220421,125,41,961,10,0.11125061797122832,0.08298367261360903
20150804,366,3,897,7,0.12668233720580485,0.10178063553971273
20150803,397,3,366,2,0.14798871095680258,0.10309107333001125
20151121,464,49,818,4,0.061587520913074095,0.08960605847189457
20250322,280,8,769,6,0.10568629210941989,0.13527556843029406
20190413,53,48,946,5,0.08041762567904631,0.11417055355044732
20150101,423,24,811,10,0.1459378294459616,0.11316347906129472
20151001,40,10,840,5,0.06494255045161317,0.11577025427921496
20190803,311,42,546,12,0.04221200167666217,0.09789741596096417
20200523,41,3,445,7,0.1120490719755803,0.1415335467223808
20180224,138,42,832,4,0.06964768133339284,0.12410253158944055
20170831,156,5,233,14,0.05037914848077714,0.06983389347874026
20250509,450,43,755,13,0.04531052953027044,0.08706271349723987
20241018,105,10,377,4,0.0792680909077222,0.08328257437207097
20150624,249,45,435,14,0.09894331621077593,0.06935029582591586
20161127,329,21,243,20,0.023965697525466862,0.07570113370897766
20221130,429,33,603,8,0.1324982043458135,0.07525656132401558
20200412,304,45,258,1,0.10803257582769664,0.07309375549559295
20201219,474,11,927,4,0.10058011995345018,0.12833467994413839
20160402,165,42,90,10,0.12569310103732556,0.1131156822902779
20230325,468,29,299,17,0.056572287826642295,0.11956547149008519
20150609,428,47,581,19,0.1498006639228441,0.1096966144920142
20170414,194,50,136,16,0.12319788698333305,0.0732816974719821
20190712,147,2,446,2,0.08589438960152469,0.10574998855774924
20150918,37,28,624,19,0.05257418984481625,0.11518810838475618
20210829,341,29,333,19,0.13032507446489902,0.10652501534725904
20150203,68,2,615,5,0.10712864594295025,0.06633815408752772
20220111,251,18,399,3,0.06637209270745588,0.11697991138574562
20180122,229,26,796,15,0.0911901945831368,0.09831275436317646
20210101,340,43,658,3,0.13578663323750398,0.12676359891181868
20191031,377,24,380,11,0.13367862594783125,0.09390739436007792
20180603,171,21,932,3,0.13419113612742997,0.13439383926099424
20200828,368,20,484,16,0.13728105497109294,0.1141685637686156
20160728,237,38,947,11,0.05382884785286396,0.12936907002378434
20150202,372,17,834,2,0.021129722363241427,0.08589481982296143
20231210,364,25,668,4,0.14913249667474096,0.12100842839407122
20231008,459,29,107,2,0.12900787250021087,0.057379232996173236
20231031,120,44,268,6,0.03799734094693606,0.08334664565159151
20150327,461,13,49,4,0.1417277688800141,0.051233537423356346
20180821,209,24,210,2,0.09593408478885211,0.06961195498429665
20200614,144,39,194,16,0.08541783993864116,0.1417363737089295
20151114,123,39,132,17,0.13757831849504917,0.14108272426856394
20181228,155,27,872,11,0.034433933184185736,0.06414554269546152
20221227,433,28,477,19,0.03119682621216427,0.08259318294135684
20190117,249,18,281,6,0.06556640727630014,0.1033179855456845
20180906,28,35,345,2,0.10527230723157416,0.1376761184720483
20250728,36,30,392,9,0.11508191482226543,0.0595165323936952
20210812,272,14,30,12,0.12735801283845677,0.09973339956030379
20150126,400,15,60,3,0.023117418405447725,0.12039253757199193
20240603,415,28,127,15,0.1297763560651927,0.136091773171592
20241104,373,38,739,8,0.02112660359382174,0.11507375720920698
20180507,328,32,713,2,0.025872738215235287,0.06766558724558538
20150924,65,8,678,11,0.08293772321778574,0.14632718165268582
20220507,322,9,643,3,0.12261250913412149,0.0734408498077759
20230130,135,44,133,10,0.12243805466346325,0.13823744998923193
20200924,112,24,82,9,0.06938426668189931,0.1216036169280676
20170602,315,23,991,9,0.12628385250461877,0.05037774351878536
20200828,99,21,578,1,0.05041887571101056,0.10716244595288843
20181125,16,27,160,3,0.02501867056366721,0.1133432734678913
20150826,381,25,413,12,0.14935589385279296,0.14181446209490822
20161224,157,4,468,4,0.08499874348389029,0.08171807069152284
20231105,79,35,420,10,0.11420405830558873,0.1447606964593834
20220124,249,35,108,10,0.08487291329508985,0.11095547897114404
20231116,151,34,56,6,0.11707242295486295,0.12337203934333092
20150615,170,46,156,10,0.108873067441265,0.07045107270444481
20200203,478,10,971,14,0.10363149707645367,0.09036590941257915
20150213,400,15,112,3,0.1209301309879371,0.1234749999517741
20180531,419,20,443,5,0.1342036669995652,0.12313921312977484
20190418,409,45,987,15,0.05443088625077096,0.13497695787085517
20240415,99,19,342,3,0.06459189980221422,0.12992773153464726
20240110,343,26,209,2,0.04656643425958329,0.11191184992293363
20201027,277,5,614,11,0.06639262303178978,0.08660940659142666
20210528,165,36,360,8,0.06927255806762601,0.08537443284036166
20231021,474,44,297,12,0.06409456591205213,0.06562774780694386
20220927,478,7,144,8,0.0870968163829617,0.05125242057834726
20200329,147,47,854,10,0.033813529368127884,0.1323061844139508
20221009,370,40,275,19,0.058915333911163395,0.125692946143795
20201015,256,33,122,5,0.068246702681917,0.059475403204017646
20161122,417,45,369,5,0.07821311871652815,0.0654420888545282
20191016,209,38,194,6,0.07236337280050086,0.11455015048916205
20240509,173,32,966,19,0.0845208396370941,0.1346714731619597
20180827,327,21,351,19,0.05868375814234916,0.0653899838278398
20170827,330,36,173,4,0.05972758257997418,0.08584066773515694
20210913,309,18,654,19,0.10939764574414504,0.053035022604739815
20240307,432,9,108,14,0.03865852211962005,0.11180241511665714
20180205,388,30,978,20,0.026177102741517848,0.12145514704437434
20210313,61,48,580,13,0.02584180676218787,0.06323907252653618
20221204,159,33,710,12,0.04169233784650317,0.09891397939085397
20160304,178,34,34,11,0.023713039642068473,0.06618904397560296
20250116,267,35,512,17,0.05757889579132927,0.1368927758895493
20160323,356,15,919,2,0.03495365323935609,0.12788297115794206
20231020,271,15,949,11,0.07745335388580331,0.07691967250946129
20190519,124,1,15,16,0.02551480625572289,0.057044385146733184
20180726,291,28,679,6,0.026514319019708483,0.05883881789665488
20210421,42,10,769,4,0.04822922705274489,0.05948404007074222
20150729,471,45,168,3,0.10935658432802411,0.07489275815347904
20161207,275,31,105,7,0.08846908055574582,0.09303246841655036
20190824,187,5,643,9,0.06905039739208868,0.10714454861842856
20170321,404,23,695,9,0.12875352403482815,0.1338293438192326
20240830,66,13,306,19,0.12745846468152858,0.11505184602230158
20211219,419,27,989,3,0.09618193811254325,0.06560466559185574
20241123,412,4,63,14,0.026991561696640576,0.1053920068726171
20150420,446,41,738,5,0.034750035901029,0.1413942709779118
20171018,330,34,833,3,0.09941337773303682,0.06788311799296233
20180828,493,31,754,1,0.03998952327866537,0.07033622559742855
20150226,410,41,997,15,0.12182574585653247,0.09403769749907412
20160725,28,42,838,13,0.041529419438695175,0.05402090095268677
20250608,70,38,850,2,0.14862774184477595,0.11287416710963023
20230401,481,19,604,6,0.09869818867907226,0.13354545066192713
20231116,99,31,901,2,0.03861118832697531,0.1144535068452723
20170714,312,48,937,9,0.05084641472272952,0.09573281669471512
20150804,341,3,112,18,0.09446900625703858,0.05680663816019608
20190514,247,46,277,11,0.0525189100051886,0.08422272914959228
20150914,53,16,151,1,0.04204350779027412,0.1413301599923194
20160628,79,33,760,9,0.04413318548239035,0.05746090265974962
20210204,108,22,538,12,0.07767586148099928,0.13791990950104133
20240309,450,1,901,1,0.08053950349941932,0.07187593700297681
20150104,99,18,610,10,0.12090165989661773,0.12478029504921646
20180314,18,3,995,3,0.04938797049326724,0.0807268151164531
20200517,396,43,407,11,0.1411124172839042,0.11357610785790306
20240610,241,35,904,9,0.053846110817824505,0.08659366518984488
20240117,376,23,910,19,0.1404210536744905,0.09551302953446472
20251020,46,28,497,7,0.12740124190448257,0.07991326725064292
20200816,226,45,874,16,0.09396766200054103,0.14902042176975477
20181007,384,16,123,20,0.03346316274707751,0.10313340911386373
20170721,335,27,963,11,0.11149937132479001,0.09188802388477771
20170226,407,9,72,12,0.1406828947444427,0.13751298603665874
20190725,255,43,402,17,0.10889447886162106,0.08706360016145609
20220630,451,35,790,7,0.11789358033761642,0.1324689898549307
20191231,417,20,342,5,0.13514233294540798,0.053101046854027105
20151216,213,8,175,4,0.11028612690323436,0.1310427623243181
20230704,340,2,926,13,0.029543129522662512,0.06704711806624389
20191007,44,50,793,8,0.14941066319590526,0.08072985657653793
20230609,75,24,477,13,0.09593123912173977,0.06644717142513551
20220721,18,49,479,2,0.13230910783146632,0.14637197651800632
20160525,115,50,271,7,0.05504627856583463,0.06931121522262915
20181010,195,11,242,17,0.10346022230191396,0.07816686841914801
20240424,184,36,965,10,0.12862672576024717,0.13016154971655647
20170206,459,49,393,18,0.07273702174430287,0.12453458978178358
20191102,46,26,156,11,0.10247832938426596,0.10288158411214546
20190404,432,42,257,5,0.07510531324589012,0.09950243917636173
20180412,444,31,459,6,0.059761717148896706,0.14500999971468762
20180413,167,42,947,1,0.14876357839913787,0.11474455917517747
20190116,338,23,320,6,0.05692186280829113,0.12318666060822932
20180206,302,46,317,9,0.1449173008365088,0.07661087076016806
20230327,148,8,602,2,0.12209731346952662,0.1039177538252673
20181111,450,38,77,2,0.04624050147223205,0.14727241212797165
20171129,380,16,997,7,0.12678977927830368,0.1193469709777864
20220825,471,45,53,8,0.13876601266584265,0.1111826312142643
20210630,487,38,220,7,0.1225648292917303,0.08336276565195641
20221111,469,9,275,3,0.04246752113795112,0.09978693282656156
20230527,426,34,491,10,0.05901189335473431,0.11339326848797099
20170122,202,17,558,6,0.1465944108129417,0.11396395677400638
20200926,232,12,509,16,0.0684039792490564,0.14536262307129955
20150322,280,39,707,2,0.07910287863642103,0.10347409689623538
20230529,206,48,70,11,0.1418066852319332,0.12391757838236948
20240129,11,8,113,13,0.06331575421592064,0.11889436006641575
20190425,494,26,18,17,0.09748593535950949,0.08228929573918799
20221031,138,4,127,5,0.05999700298529902,0.12815358194499257
20150223,298,43,940,12,0.05827696026639505,0.07966143204711898
20210605,241,15,548,12,0.06619622364674771,0.07291694667308168
20251009,121,20,928,15,0.1393521678684832,0.08535808862206465
20160625,191,2,302,9,0.07035079605455116,0.13513082866445023
20200529,126,16,837,5,0.051326480228155155,0.1370649864214451
20170311,318,23,435,10,0.02884178710599237,0.08279755268061
20220224,297,20,672,20,0.07041976966789325,0.11586520468242216
20220417,279,38,784,3,0.05563901076362522,0.13129183284641932
20220327,426,4,456,20,0.13309664217900985,0.09619966791721787
20180819,240,7,536,14,0.028967184623757896,0.1375942906416126
20240703,415,33,407,10,0.03680154196778895,0.10569375253744298
20211221,87,45,313,12,0.12774960434684687,0.07935381366919972
20180401,40,10,525,17,0.039890552891328764,0.09619397403029994
20160815,357,33,715,16,0.11473196995877985,0.0841358930685869
20250330,10,1,500,1,0.05771390379120288,0.11619711438632202
20231127,65,2,695,14,0.09692544963514967,0.14346233512885392
20221028,487,29,36,4,0.11481401896287108,0.07979474433818108
20170228,329,4,117,20,0.0627787178302968,0.0654396625321951
20150919,412,49,730,2,0.11107289190227866,0.1252204425277823
20250903,364,8,521,19,0.03086543827443931,0.12090991979734103
20151014,257,10,845,19,0.05604353073554316,0.1459049353923484
20250905,222,30,618,9,0.049601911030122514,0.1462711295691999
20211025,46,26,665,17,0.06752793344530811,0.05181858379892236
20240706,103,26,938,16,0.04238441964027279,0.08578741709470769
20151109,302,37,266,10,0.11267750068868397,0.1293655463768915
20170201,6,39,976,14,0.08329831728551801,0.10976471271113951
20220115,209,27,825,13,0.13872195694838768,0.06177263999115401
20240227,367,13,493,9,0.0718574276512141,0.11057954429737288
20180111,71,19,872,10,0.11890367047293517,0.11215323466939647
20180927,70,47,983,8,0.08813370747395742,0.12196949629031299
20220119,437,7,853,15,0.12176205178046162,0.05223482505332064
20161024,216,50,461,19,0.14602876842781315,0.14932873682943876
20200508,458,33,619,11,0.04996615975607156,0.06544179047961682
20170718,262,18,326,20,0.12069463938724248,0.12627333080074649
20201227,319,49,806,15,0.027689078587775584,0.1253452671720678
20190914,417,44,953,9,0.1423423536302041,0.08210978828645242
20151212,475,47,926,9,0.07678699972534801,0.14506306812223996
20230228,53,26,291,15,0.048729833037442216,0.12299939595506922
20250114,329,43,83,11,0.08944976991368538,0.14799911924605427
20200716,217,30,580,20,0.13269718524373425,0.13519920419479736
20201112,199,41,724,3,0.07112446108481103,0.09232898296691894
20160312,172,44,20,18,0.1356768450105623,0.08291649222081401
20170113,313,28,747,15,0.060267089647114774,0.05260340763372343
20190330,343,25,28,17,0.13870845123624415,0.09621877189830383
20240830,324,28,851,15,0.11626264043579644,0.0523298748895335
20250323,470,22,498,8,0.11511953225241583,0.08902458575524202
20180302,114,37,952,18,0.022496754794944573,0.13123034278873458
20220621,350,37,746,13,0.10442561241388308,0.10448148604125906
20150822,283,11,996,16,0.09579482571496166,0.08559486782500283
20201221,105,20,236,11,0.04500027858904903,0.13602218334192367
20250707,190,26,65,12,0.05970306547032567,0.12025697197968567
20230729,205,39,95,9,0.024896814350065473,0.12138614516031408
20180722,215,23,736,14,0.021480728064332974,0.09154615757415498
20230514,464,11,367,7,0.12800020706127332,0.09161029542950941
20171115,229,20,779,13,0.10756659694267051,0.07181496165362536
20220621,56,43,247,3,0.14130985340625626,0.07624585848755597
20150126,99,3,791,15,0.02457511470264575,0.08183133781164026
20170912,363,37,985,10,0.08755994020710159,0.08173884300149334
20191205,443,17,482,19,0.03828132858263144,0.13237246225944999
20251108,480,44,351,2,0.02555349712226791,0.07359930724874233
20231230,476,19,662,7,0.051521350801002994,0.10176741249818709
20150109,43,28,453,16,0.13391904868172336,0.1073529299451674
20210729,90,48,916,6,0.1303939687461116,0.10675160811759843
20230211,250,14,436,18,0.07046864634258365,0.059736815993311945
20210121,57,3,565,5,0.0867124411152345,0.11346435967256298
20161107,216,3,307,4,0.10239709215707953,0.08910262382835575
20230220,315,31,680,3,0.07995559458926141,0.14386442625309342
20171011,197,6,482,13,0.1467176728727093,0.06370971108446065
20200427,288,22,830,17,0.1336539097773316,0.05514273667126797
20171112,316,16,705,16,0.04585188664022066,0.06597479076479222
20250315,325,44,655,9,0.03362591241483161,0.10336130718640961
20151103,357,41,202,9,0.08752116535390432,0.06061404187650509
20180128,485,21,633,17,0.03251823777963484,0.14205690028250567
20180623,67,9,389,17,0.04048102100717666,0.06150916872275828
20180607,239,23,511,16,0.1480397025962388,0.12091075784284268
20210502,109,46,120,11,0.14646191370922673,0.12851938132266505
20170211,45,37,344,16,0.1398736952505201,0.09281855560203145
20160426,252,4,632,19,0.042392293915400434,0.1453032891256758
20180118,123,32,245,20,0.13961705784305317,0.0980346646411965
20190102,20,14,926,17,0.12245473881991478,0.14520416992236826
20160325,239,27,912,16,0.0926592137330569,0.14525513828203696
20220330,426,34,270,17,0.02657976837683556,0.10520611141332209
20231026,147,25,708,12,0.09131935428493766,0.062459782162487903
20240913,481,26,74,9,0.09837260188200858,0.13297022276996795
20250731,491,22,425,6,0.10003179028816547,0.0588411736682353
20221013,158,42,648,5,0.023075748670363043,0.1467301178578303
20170814,239,42,964,12,0.09688192983789819,0.05314352370221631
20150522,189,38,968,3,0.0905163717421991,0.13332968796690772
20211201,238,21,24,7,0.13570221172003147,0.10896900822240738
20230630,416,45,873,15,0.11016159499794807,0.14834285200426595
20201024,382,21,663,11,0.10521260013476443,0.06740783353081443
20180324,404,20,669,12,0.0764807818940234,0.13783367502206742
20200605,429,39,627,2,0.029298085733251662,0.05288418799114867
20171203,36,27,869,2,0.050208341404615525,0.054015978385490264
20190719,408,11,290,19,0.08377668624045637,0.116553795896039
20240313,145,17,305,16,0.07266672585498384,0.0961760268951902
20240201,220,50,744,1,0.04115145403601821,0.12039990777414623
20150107,30,37,446,15,0.12267639448789407,0.10896910111184249
20150308,145,28,846,20,0.057588973495669216,0.11161605856078013
20171031,90,20,187,18,0.12846788145124516,0.05993853069664456
20180305,321,23,173,10,0.10443357565384367,0.10540629649416737
20171001,37,27,248,4,0.04630807467039373,0.12189918011528612
20180617,457,37,340,7,0.13937581539621338,0.0860426195028356
20180314,214,48,152,2,0.10401298209716511,0.1417480972153463
20190204,314,37,404,18,0.12167588543829706,0.11787765428441081
20150403,454,41,328,15,0.04177484144743679,0.10216249314165346
20200103,341,33,612,19,0.1318950935816983,0.07446029498017707
20250128,37,31,976,14,0.0955078252614391,0.08566840667549065
20170116,153,46,19,9,0.037975997566607474,0.12513891370063468
20251002,287,17,339,9,0.0974813129290871,0.11269669486696528
20210427,410,46,823,3,0.13782316122761426,0.09997621092445597
20150715,125,45,944,3,0.13026578919487267,0.07414667920973836
20190921,415,15,614,8,0.1110506136977824,0.07997928118252268
20251007,421,50,113,9,0.11313455645070097,0.07225595318393582
20170817,304,33,751,7,0.09286784041757322,0.0874541217852594
20150107,401,37,386,16,0.038731558416491965,0.05991417314100064
20190315,258,30,582,17,0.056111728218280435,0.08647929318241573
20210509,64,2,191,12,0.03681133145046653,0.07993601024335287
20251215,249,7,602,2,0.12682385573971386,0.06068749247496226
20170609,28,15,282,20,0.11466962697508283,0.12840402490936953
20170120,258,7,571,17,0.08618424996072685,0.11974346474119235
20201129,436,8,528,15,0.03444184742051773,0.10841723247194551
20180527,333,27,94,17,0.12548034023230004,0.06832761488912105
20200303,461,2,310,11,0.07083910911059393,0.07969984231873167
20200621,1,47,807,19,0.035849914078509154,0.07370065091649189
20150418,88,32,924,9,0.029509518067276745,0.059089863646761456
20240323,413,13,818,2,0.1434488234016041,0.10083314357750582
20230612,379,44,688,5,0.1464726326899654,0.06931281293817515
20190312,184,38,681,1,0.07727176981342886,0.09566928209840007
20150121,234,17,944,11,0.020659622796514045,0.09230508729661466
20230513,4,8,730,16,0.11038955354184772,0.12836228722917015
20210203,135,49,348,16,0.07190061864459397,0.1382283889964785
20170515,57,47,372,18,0.0917016512207082,0.12195443134838024
20200526,459,43,541,8,0.10944130730149636,0.13104042915377523
20160506,98,31,171,7,0.11802833727843727,0.05507657829725046
20171016,262,15,151,9,0.1477685835353338,0.14227534755829335
20220518,33,41,390,9,0.07337186247668336,0.08447725014933308
20200402,162,36,473,3,0.0758162378106839,0.07769697900511796
20160619,365,11,532,7,0.13169385533965258,0.11438302328263272
20231118,369,10,793,3,0.046383243544171976,0.08163738806666762
20150106,283,43,393,1,0.1006846517356051,0.08300475161476675
20170618,102,42,612,1,0.05551645372565474,0.12661060635565702
20220814,445,17,976,1,0.07548126238653638,0.14076859446557113
20230530,61,38,697,19,0.04516736396968061,0.13265687726746173
20190421,212,19,450,13,0.10730525495973162,0.0945479303794322
20250801,49,10,20,7,0.09095997692292192,0.07824080086818816
20250302,383,30,825,10,0.05675854973336808,0.08620974919450429
20150210,492,2,289,12,0.14478686861381632,0.08452655028712076
20240729,20,28,127,2,0.03837207148370971,0.07980171199242607
20210816,478,3,952,17,0.13853650220054323,0.12708162243974686
20230721,210,42,851,12,0.14391791450351393,0.08906860284190618
20210816,404,29,857,19,0.13664034456957017,0.08968222963181542
20210305,138,24,847,4,0.13492195715156657,0.07027344074091138
20150418,495,28,337,15,0.05350856317401283,0.08009205871612798
20150608,129,29,976,7,0.09302072481771007,0.11185123391030086
20190226,405,42,518,8,0.0359399222795952,0.11620555798037048
20210406,399,49,223,11,0.09867992049395655,0.06605815434600168
20200327,182,1,474,4,0.06870011369180781,0.14125181711692558
20201220,170,36,724,20,0.14485961599894578,0.05802467034409168
20210512,40,2,977,4,0.032424335688603166,0.05417858737050743
20240408,200,30,639,5,0.08171564864768648,0.13090935723221492
20211023,199,25,882,1,0.14367457566860772,0.08266882979511403
20201204,472,20,294,17,0.09993330257006719,0.09792943340478072
20181001,307,12,473,1,0.09386718284409684,0.07527797212969826
20210730,470,49,349,9,0.08854409620460812,0.13384352975249122
20150425,409,46,472,11,0.03285187453773462,0.05773746391210699
20180313,406,10,409,4,0.025708522434743246,0.05496986544017135
20240725,160,12,420,2,0.04352351398078878,0.06322267392468092
20250819,221,18,835,5,0.09828228536939611,0.0587004173038026
20211223,158,33,615,9,0.1305611842463388,0.14314122384670275
20200318,412,22,17,3,0.11978009027480878,0.12898761897387231
20161220,130,6,944,17,0.029622271639301655,0.10582156298198883
20230303,477,11,147,5,0.14639074157578147,0.06418505213258235
20160613,280,25,282,7,0.14294962615138157,0.1310497436501855
20150517,498,10,363,14,0.14988328062047057,0.13207613405311508
20160802,494,12,299,13,0.07376830511568139,0.10684983281655414
20210201,96,28,744,9,0.03685843398512067,0.05541091566162665
20180721,355,7,114,11,0.12358052781408571,0.09737406851453129
20241220,362,36,537,18,0.08715206275617805,0.11123183673843867
20191014,493,8,193,4,0.1271654971199989,0.08609279957496416
20220919,114,28,45,19,0.10489620336835574,0.059481629787131285
20170121,373,17,483,12,0.05801981781827227,0.11976164581979958
20160504,105,29,976,4,0.14392447192244318,0.06620605757445504
20210225,310,11,807,4,0.1063906986540108,0.0565938652149735
20151108,497,45,315,6,0.04779976071560566,0.07379181227012943
20200619,444,30,394,18,0.11196467669779527,0.06516256836918985
20181002,49,5,887,1,0.07889803031339566,0.13860324410838093
20220209,185,1,756,8,0.08668586557291805,0.14545312835956759
20200120,435,28,384,12,0.12559415211065822,0.13317629189766728
20201126,6,10,73,7,0.03888422324754539,0.05083564082703778
20190807,375,11,673,20,0.02549859659698846,0.1295927753112704
20160105,451,8,280,18,0.13676902480197367,0.096952529868957
20190813,223,29,215,14,0.13386873794573112,0.122640834254338
20220829,166,50,595,2,0.12300769341239579,0.060637203937948005
20210407,494,28,135,2,0.0985964000758346,0.06407469870267048
20160205,34,41,473,1,0.04640511389858398,0.13894797039785697
20210716,328,14,270,11,0.09640959369086052,0.11168430362642723
20180925,203,27,841,13,0.05539612515810004,0.10221984192594472
20170419,227,38,991,3,0.05493853385303142,0.05054988405369102
20231229,123,43,297,4,0.14834614993795434,0.1030657857393033
20191027,209,18,482,4,0.10590885895423345,0.11885132063627467
20170308,356,10,776,7,0.13381963159353286,0.1324693943080209
20241212,26,2,725,16,0.12620967011915332,0.09740709474913549
20220124,469,23,412,5,0.0679481489002618,0.09093148675639415
20170821,85,46,639,13,0.09541330260987452,0.12218856462727667
20250913,376,15,668,17,0.025773367440141887,0.08788739111185496
20201122,317,23,80,2,0.11094596611813615,0.07409246214118889
20170516,19,45,623,11,0.0995689755100595,0.13827104526913597
20210206,127,35,176,5,0.048020087821324886,0.13827957511247008
20210818,241,11,898,3,0.13348963648468623,0.05938238354952777
20211108,278,22,359,3,0.029814162258197774,0.05985694987706314
20150903,403,27,658,3,0.11741391975377874,0.13542202120604022
20210709,112,15,37,2,0.04236163870818696,0.12185370198954443
20191016,358,4,245,1,0.08006865674991669,0.07505870119217782
20160706,380,29,222,5,0.027028677615288245,0.06981599741825827
20241115,366,6,854,12,0.1489416542893985,0.054324464836759394
20190321,101,35,483,11,0.04780833154985709,0.14252501856848454
20190522,392,39,695,5,0.14679993278742554,0.11309278662792709
20150915,283,19,707,3,0.1371517564485172,0.13029414426475283
20200806,163,11,433,9,0.12407612190712261,0.09461996309389263
20150610,42,2,967,10,0.10608748211939324,0.14878391859787166
20251130,436,29,573,3,0.05311849113773079,0.05016527133355109
20241120,140,6,936,17,0.13404452615812695,0.11228206315737205
20210913,347,49,596,8,0.07778948298441969,0.07228537895485182
20241006,62,47,797,12,0.048819769280797135,0.12224428320139426
20180106,112,26,642,6,0.02229882436979698,0.12624239107317947
20220411,185,49,897,2,0.034837826702833884,0.10228230122340373
20250201,183,29,5,5,0.0773845138680431,0.14398651781388067
20250120,406,4,231,6,0.144673463840519,0.11840990372618343
20151124,384,46,836,1,0.03421708423089039,0.10863861066343625
20180703,410,24,394,5,0.042951811516672336,0.0821931278143044
20191010,271,12,68,13,0.07564064168477683,0.1153657764770679
20250326,22,39,731,18,0.13221338448164932,0.14580984743627629
20170801,134,22,130,14,0.05282911505702262,0.10786582377211781
20190421,8,38,479,14,0.14536422426498113,0.13011603687522436
20190301,393,6,905,4,0.020568250072777086,0.10692543111844083
20191201,155,23,258,14,0.07627568012225773,0.14086751415723092
20240325,156,43,497,5,0.13977636051327672,0.09688580862601243
20191013,381,4,70,7,0.04686675803013922,0.06929013378136821
20200930,137,35,71,19,0.13866579225941061,0.07599333227652585
20220309,86,25,153,10,0.1289472383651902,0.09731556860064078
20171209,461,15,251,14,0.14145472232515163,0.13915678588699076
20231007,337,21,883,11,0.11603166938298408,0.12736876083242676
20161118,349,17,828,7,0.0814380498908234,0.12426962113991548
20201214,301,6,501,5,0.07512595602450718,0.07633746864928824
20230709,433,19,244,4,0.11265016695145112,0.06400739479529086
20231128,343,18,199,2,0.05896515361653666,0.05254704296809618
20220323,493,4,813,17,0.11228300492706576,0.14978799307460844
20250418,477,11,663,4,0.11659641351386009,0.054548206161121826
20230329,50,12,230,17,0.09015581347948327,0.06968984862985478
20240405,110,41,924,4,0.14667082993254493,0.11166850678152776
20170603,147,30,383,13,0.04472411542699019,0.0985597664464262
20230117,440,26,392,6,0.08052694645490692,0.11820549922360722
20200119,482,47,502,4,0.04699904078473416,0.07957271953360652
20150917,446,16,947,14,0.0656911034233458,0.10335808892232987
20160726,385,49,36,4,0.10018010852935018,0.06583282887881786
20190714,205,43,945,4,0.12895566594005248,0.12179788339706658
20160918,133,9,57,12,0.12414046327890259,0.06975429635670297
20230723,434,4,292,7,0.12518167018031323,0.12938210359665392
20180320,278,42,670,16,0.034190349527959366,0.0964155329439888
20161025,484,32,918,13,0.044437875455391976,0.06263737792288568
20191123,47,11,402,3,0.06507178962947617,0.07891071173290339
20240928,167,20,829,20,0.12269588876650124,0.13956124644063916
20190511,147,39,453,14,0.04242025030835693,0.11645221388765367
20170709,115,46,681,17,0.06331401909123868,0.09140108199044455
20250218,38,25,8,18,0.026347912154240642,0.10923033440051813
20180130,44,10,888,3,0.11170310073192952,0.05023429851182424
20220109,356,23,280,3,0.047502219315080016,0.12999487614230326
20161023,353,38,273,9,0.14005291168568723,0.07819945676778473
20161107,269,29,267,8,0.11376328500529628,0.09391049917652752
20210508,41,10,191,7,0.11206185598413786,0.09839005697036621
20230827,288,10,402,5,0.047255342712085834,0.05822453024512031
20210330,411,2,478,8,0.07387040603596368,0.1307193046578624
20200806,136,48,692,10,0.04474797088052856,0.05869308088064697
20230830,208,2,146,20,0.10872138758639319,0.1417619642614678
20200608,126,20,841,19,0.08031466770204379,0.06474906240117972
20230418,389,21,206,12,0.02172096092676284,0.13558101269875117
20250409,142,1,461,12,0.09931758796267494,0.13725821137038066
20200613,492,48,782,9,0.06293183563123265,0.10963981448678181
20200105,64,50,505,4,0.03969068619458477,0.07402460274086824
20160325,409,45,280,9,0.1484335376555861,0.07486011092814716
20180512,462,35,789,19,0.11055638015585514,0.11453163268457953
20200611,379,4,328,1,0.1397966988057723,0.10601687017302555
20160808,437,5,787,10,0.049058645257631234,0.14875940241279462
20210107,87,5,260,7,0.13562679102802178,0.11622369917970472
20251101,391,12,986,2,0.11665735074899686,0.050520262380670915
20250317,453,9,569,2,0.12551333691006947,0.08319925186198719
20220208,243,46,717,15,0.032478781718694505,0.05115429183945877
20230227,37,46,409,15,0.09930699606377306,0.13758496148603297
20230801,397,8,511,3,0.047573402419267344,0.12295336794687697
20161123,432,35,837,12,0.07100022101059791,0.11598774030976013
20240618,41,47,685,19,0.07566324111168844,0.09830323946712105
20170614,489,41,815,5,0.07057805634729078,0.13528673972364008
20190512,23,50,313,19,0.053014362119847294,0.09713659136239142
20230204,3,15,325,10,0.09035569865760873,0.1331048844668412
20240713,394,29,459,3,0.020100126084914974,0.05927219207736653
20160618,457,20,957,7,0.04360529137299834,0.12251522320886364
20240930,319,36,531,16,0.13618517212434675,0.06047496804666516
20231026,360,1,581,7,0.08367964811559775,0.0775261193993388
20230813,481,18,91,1,0.03665304509811519,0.1462516633272822
20180522,413,39,964,3,0.05256258118371654,0.11092599209342813
20220515,8,13,647,19,0.03278594946198581,0.05253035022672989
20170812,268,24,830,18,0.1455409549270804,0.11075869897174778
20251216,203,41,395,4,0.1437935460916758,0.09230684507983793
20180329,307,25,964,17,0.07056506902661441,0.1375338845080608
20220402,273,45,992,10,0.11049925762295118,0.1184362178089312
20211004,308,31,508,1,0.11425838276481784,0.09934913216439503
20170607,169,50,577,16,0.13109052833517124,0.07777938868854675
20200211,305,7,492,5,0.056494372912880314,0.0689440972420611
20161007,182,42,497,6,0.09995095420930178,0.13186008131057314
20241220,353,9,146,1,0.09107498038839425,0.09593940467624582
20171021,268,22,181,18,0.07346996355447206,0.09894512081556531
20210929,241,41,830,9,0.14284737103592465,0.11953603575155823
20160617,396,2,245,20,0.0844892548251805,0.13709911367803443
20230207,400,26,498,5,0.09271107282828525,0.10733802513616403
20170902,402,23,736,11,0.052967538753616844,0.10770639067298496
20230927,100,9,361,8,0.07920875787883881,0.10253897715021004
20150413,403,31,813,20,0.14296907051764682,0.07490062977012248
20250322,305,26,815,11,0.1369427519921221,0.06991906357069763
20201010,281,18,713,7,0.05731364066831414,0.13722825182317316
20181202,45,3,718,20,0.04539550924957096,0.10350186163740138
20240419,471,30,731,5,0.06906093390175427,0.11688119761604733
20230326,211,2,946,5,0.05144199439302098,0.08731662658175927
20150419,427,4,38,10,0.100534032402633,0.10750004251801396
20231231,81,36,530,5,0.1393457484744773,0.14238713525136498
20201115,309,45,304,7,0.12946718858059852,0.0699889767618895
20210527,293,30,336,20,0.0999645803337007,0.10044343952690657
20171022,312,46,675,12,0.13494395473784662,0.11504421746403472
20170314,117,43,695,13,0.12077690988369445,0.12584001657587224
20240616,1,40,226,9,0.084655871198655,0.09756423746838659
20180529,424,20,305,1,0.14892766721211914,0.11860365202880861
20221029,457,13,125,17,0.138028620661646,0.1304592039466662
20240305,230,28,862,7,0.04562874068548696,0.07083431482661876
20200807,455,26,907,7,0.10081897710702731,0.11848492550104928
20201219,269,29,634,17,0.09533093562240053,0.07679684966388278
20250321,321,44,976,8,0.05307349443190797,0.14474971055391267
20190118,61,36,446,18,0.08263858837695161,0.06718757686788199
20160801,327,27,468,9,0.03355611818301463,0.11610496065365404
20240702,354,50,991,18,0.05344371295936916,0.08423880890224379
20230329,6,6,301,13,0.1361383147174189,0.13394158166057074
20170726,370,13,544,7,0.03379775732471201,0.12114737741392655
20190718,85,45,604,12,0.03204262571204534,0.0845198745411578
20161101,459,6,564,3,0.14615827199461112,0.07845403334780607
20151210,480,40,966,18,0.13879692485426073,0.1411882249349391
20240409,3,36,310,1,0.05214609268268661,0.09344337847872508
20191212,447,25,644,9,0.13368373596122732,0.07080035514866072
20240829,391,25,138,3,0.040994095959034735,0.12225605592673867
20150329,242,21,574,17,0.04446670857214165,0.08031692003752888
20251124,1,29,444,20,0.06776637957813747,0.08260084329048153
20190118,64,20,324,5,0.0918395733734898,0.13249089929161084
20230217,47,24,996,10,0.09782630282312293,0.08482994070004689
20190503,355,40,87,19,0.047375201010260645,0.09935389765265831
20150127,122,1,309,14,0.023199377258210578,0.14394613911679693
20150503,392,45,936,5,0.10894666113201293,0.12410524016534792
20200508,102,36,238,11,0.07603458360331228,0.14518488308776567
20210419,361,4,35,20,0.10054336553306151,0.08371453463425275
20231230,157,18,719,12,0.11623208243033838,0.13742771179596097
20160525,177,13,338,10,0.08784915251424236,0.07204495461392796
20240918,153,43,3,8,0.13462208904107936,0.09442108986720825
20180222,214,19,636,1,0.03149554424774263,0.09114372250863798
20180420,447,34,438,13,0.1156435247243215,0.10614307907315274
20251103,349,38,250,12,0.141462707142747,0.14893600506688934
20161119,106,16,61,13,0.1486232524006933,0.05052137704792739
20190319,188,21,821,5,0.03542292719557427,0.08159456145542893
20240827,263,16,373,14,0.02867732614235719,0.06859578549506759
20170824,305,34,124,6,0.11104274822102002,0.07722604595755532
20211025,393,26,348,19,0.06728404527643778,0.09513915374929027
20170710,89,22,563,18,0.03408854313430543,0.12458121410121979
20150224,101,42,596,4,0.041574580927782795,0.10521260429084137
20180627,80,18,905,19,0.08632419122286503,0.07570209322673292
20200331,456,11,389,3,0.13252503767849655,0.05730683653556066
20160613,460,4,475,3,0.03474499006501882,0.13236787088280327
20191123,29,28,897,16,0.11456387280885025,0.05929838958275846
20160315,265,10,926,18,0.03850970205075617,0.09503987222924457
20150323,333,14,933,8,0.0879251525598747,0.0663293201631329
20230710,347,4,588,9,0.11693450529218166,0.14525902500811347
20220730,274,15,747,19,0.0999908712113397,0.0763890134925421
20190524,471,10,810,7,0.03867077251919322,0.09408482006431021
20180929,29,19,991,5,0.05628416102581528,0.14850596762862678
20241221,320,20,819,13,0.12509274515427213,0.1455386077825892
20161209,25,20,618,18,0.08403636387341593,0.07220954418131002
20171031,496,45,697,4,0.024571872932714373,0.08528479957964495
20230701,360,21,628,3,0.07079548095764358,0.07522604171964373
20230812,189,34,410,10,0.1128691558933047,0.14966304458302424
20170925,157,12,813,5,0.09300065818143849,0.1247117073683075
20230310,11,49,40,14,0.04565618760959873,0.07569292416299193
20160419,308,36,35,14,0.10034390312269682,0.12226000639452521
20180117,499,49,788,19,0.08015105850969592,0.12271674012515872
20250430,156,42,568,15,0.07328697458691755,0.12447530372090983
20230707,272,40,959,7,0.07155596065269555,0.11306231363748563
20201017,75,19,561,17,0.08354299220334833,0.08799065319339493
20240731,289,15,447,14,0.047866112754096676,0.08003765191799157
20201020,478,12,737,1,0.07727161468773155,0.12412265817747
20231019,369,12,425,15,0.08638917561510356,0.0536291856171045
20190613,470,47,809,8,0.07952811920859994,0.11258279311253949
20150213,62,18,632,20,0.06773187217558357,0.11030116219540796
20180129,34,28,915,9,0.12242463118317412,0.14735472290560747
20250930,495,35,598,17,0.06595436848954458,0.07465455857717565
20150527,408,32,310,19,0.11393964843114644,0.09534989635574774
20180228,259,16,627,16,0.13888238071223433,0.128300179973868
20200621,150,39,257,7,0.06023124374625534,0.1257570535314968
20170802,244,28,389,20,0.05004955122205818,0.053266602711899404
20230909,157,29,699,17,0.07416073640733736,0.10441309925183172
20151128,455,13,939,6,0.1338472146395512,0.07478115985128483
20241020,144,39,61,12,0.05066722097260583,0.12972009140602628
20170804,10,31,767,12,0.08386832339127631,0.1130566558280723
20240704,104,35,991,1,0.07660342492819829,0.11140210002054945
20170324,330,36,587,5,0.1233088135137272,0.12359514523810274
20221217,414,19,872,11,0.08866438857498411,0.14036536179728792
20250906,168,44,781,2,0.12918602391536022,0.07863191326925958
20150212,431,49,421,3,0.1377711430991485,0.12870748732174875
20190726,26,1,720,3,0.1134744650735422,0.1332586357712395
20170907,426,9,461,11,0.11801759539820246,0.1300553347325341
20240504,302,14,765,18,0.03570125000464364,0.0625969349194117
20230908,89,45,495,19,0.10957153858823712,0.0797056266702774
20240111,351,18,165,14,0.14404110070671347,0.05094006897789682
20150608,201,19,89,1,0.13595525502005437,0.055719645143139755
20150730,382,19,931,4,0.132898756461183,0.054904539289584775
20240406,196,46,88,8,0.12881404304615632,0.14675844736086668
20220920,124,15,395,12,0.08686784521919028,0.062389131821188194
20240802,127,28,851,20,0.10352602921423193,0.09359584415384847
20231221,240,3,40,10,0.05873398720551741,0.07320913944134053
20200119,101,38,855,6,0.07732526177686956,0.06435763775794881
20150215,332,34,253,8,0.12846165876112356,0.12393517914305226
20230128,135,43,743,16,0.06415470752515988,0.13436746583684195
20210305,123,12,968,15,0.054599531195970094,0.14284750163139653
20190419,319,46,746,4,0.06754251905724545,0.10512427341695701
20251021,339,13,319,14,0.10992412218252219,0.11595986726690082
20160605,387,13,74,7,0.06394918142722987,0.10138872403340271
20191030,398,17,225,13,0.13755181408640005,0.09669546579038232
20250718,441,27,917,14,0.11565510894677726,0.06601036326144961
20230111,362,27,991,11,0.13459876577453697,0.07409317886100336
20170222,205,11,918,15,0.04914402843540712,0.07746766522205993
20230324,205,43,295,19,0.07342760210729925,0.0686434708691127
20230222,396,32,854,19,0.06560546266389003,0.12025715168090338
20170330,43,46,435,8,0.14157546410037303,0.10666850537619596
20241203,22,44,498,19,0.02373308014279519,0.06126722807001851
20251012,193,35,526,3,0.0322239900682882,0.08484825698821127
20190101,134,46,280,1,0.10570917115053134,0.10543636667263716
20200208,476,19,917,8,0.12605493429981282,0.07306291915715615
20211201,263,22,780,1,0.037171850167576556,0.12129265545840012
20200212,284,11,944,14,0.03792682075874379,0.1059909543635134
20160902,283,27,521,12,0.08099931157873805,0.09345515826325415
20241114,244,27,555,15,0.13123925295911715,0.06824501047518561
20160615,310,2,389,8,0.1432799976301406,0.07322045134777601
20201126,295,25,953,8,0.14182674231438738,0.06505440235694052
20251026,453,23,692,13,0.06282914230661435,0.058579517142663476
20200131,260,28,393,7,0.090535644529609,0.0840681740440252
20171221,158,37,159,7,0.09448701908986261,0.07050864627566047
20231214,130,41,448,2,0.09559760747823283,0.11977695159618408
20181114,356,49,819,11,0.142329645004971,0.07305449669515496
20200404,423,47,70,4,0.09228677815538805,0.06655026105484091
20160819,491,3,928,15,0.07229217501164092,0.09917914160583205
20150227,69,4,932,5,0.1066428093900272,0.06890554279401062
20190327,430,38,164,18,0.10201599377862414,0.05181612240957058
20190905,474,37,964,7,0.08813872144115456,0.10608161643661815
20190427,234,48,652,5,0.11525718936897605,0.051294101591256
20220710,236,44,938,19,0.13169977224787968,0.058897621741332264
20150509,105,14,916,14,0.11890920497753793,0.12878856537323075
20220818,226,8,858,7,0.13163182988043334,0.12383221651620983
20161010,347,23,855,11,0.10651417383098212,0.14448532285424362
20240912,479,43,455,15,0.12426010859055923,0.11987893462260994
20200606,170,11,731,2,0.0553800926271702,0.12459676719444995
20220522,184,1,697,8,0.02813474505081704,0.08642322493184115
20210320,215,5,834,4,0.14994327318269102,0.1293677239060031
20240113,152,29,121,5,0.07154384465231552,0.054286265469771625
20230830,486,24,695,4,0.07243710590842733,0.09479568000762406
20180323,285,21,506,2,0.05742478702059797,0.07449450280130542
20170103,464,33,464,9,0.06101045400904219,0.09622683524560759
20150914,84,22,366,14,0.10276826393745235,0.0722613492996691
20181027,390,43,826,5,0.09362634931336271,0.06048515468710809
20171123,404,2,283,20,0.10434317101773187,0.1394998837170573
20200517,71,14,116,13,0.03457895587661898,0.0815665491267876
20210115,13,47,80,20,0.05253950996256476,0.05489636253605121
20250705,419,37,254,3,0.14066557210459488,0.08678032052812555
20150821,118,20,391,14,0.07307716398491251,0.10148178553507647
20200816,235,47,687,20,0.06569346228585285,0.10403604480892337
20170704,437,37,411,2,0.104028012417103,0.11850564585649102
20250904,171,32,587,15,0.04326740084507309,0.07181928371212563
20160216,453,33,994,11,0.11585150011573926,0.11654889768617112
20160927,170,19,733,2,0.1310787607852725,0.1197279826452327
20171213,59,40,257,15,0.08504714992910256,0.11970400173077023
20201108,89,45,855,16,0.12417443111181212,0.08200867204889015
20180609,404,39,275,14,0.0764708055216285,0.10736884755725842
20231212,81,39,799,10,0.13459996999112844,0.10215766255725481
20210812,283,33,582,20,0.02116363058044675,0.08940867630190522
20150526,435,16,894,18,0.03658171761827638,0.12696706140737152
20190407,134,36,853,14,0.03838315084682829,0.14613260139571582
20200913,273,39,376,17,0.06960776605545109,0.1293360530051792
20160609,126,46,694,1,0.12620537105903673,0.08159370282562661
20221014,244,5,393,11,0.07470669203233227,0.10611534353199573
20201203,363,42,715,18,0.05072081957060034,0.05810498572693257
20210505,486,21,515,5,0.03687686275364606,0.12267187579288535
20150119,123,3,390,19,0.0525275399264675,0.10494815803831603
20190811,149,15,417,7,0.06266141137609667,0.09919902026080965
20210131,446,44,553,5,0.1470555472192211,0.09472926887103517
20180829,422,42,105,15,0.10515270251122084,0.13895599976890485
20221216,100,3,962,12,0.05500601040277514,0.07552412956473686
20190104,171,34,997,11,0.12093482258220231,0.11491502150188479
20191103,473,15,837,4,0.11049090101486668,0.07445032636705688
20241223,360,13,411,7,0.07504332978350649,0.07337810914748129
20170515,142,5,337,17,0.1241899077585175,0.06957546082550616
20240527,258,41,989,9,0.11940242681831303,0.10265129908399942
20160530,362,20,487,15,0.08741986918226188,0.054937811776972933
20220206,120,29,567,15,0.08781357678327861,0.1319509289932072
20231022,109,26,145,11,0.0753055294295494,0.13466792682552614
20211013,13,7,851,1,0.14200585561161058,0.12589147711941429
20180610,164,34,709,15,0.027583165169978188,0.05019270955303265
20150206,490,21,685,3,0.031025956256284633,0.14441857532454744
20241009,428,12,393,11,0.05013268211548045,0.08799592242813913
20240306,87,6,429,10,0.13166068431168723,0.05414728932964789
20221031,341,33,28,1,0.029136088968332405,0.13494427927593655
20190418,51,10,72,15,0.05732154098899883,0.09945586196148051
20161216,48,36,130,9,0.10439710364238895,0.096271078641681
20250124,284,20,423,15,0.08131121754850049,0.06484581194152052
20251117,364,5,556,1,0.10043630850294978,0.11023698764747517
20160824,366,12,371,13,0.032214626725091185,0.0922672164953509
20191126,488,40,567,20,0.024114024011148687,0.11600108947536249
20190803,189,48,228,17,0.10488884052620373,0.05147743368780795
20190827,419,16,17,3,0.0279285437067449,0.1076627075488844
20201203,474,10,409,3,0.12829582328723949,0.09953243974082437
20180106,441,29,999,2,0.028111524001157535,0.11616460721136564
20250725,324,3,832,10,0.04412835809757329,0.07725942755611558
20160201,164,37,356,14,0.04627430048438171,0.09633954477995962
20201218,124,9,434,4,0.05337182167928005,0.10758304884437417
20170303,467,39,895,16,0.0632938107873728,0.13390567539831388
20240413,21,50,969,10,0.11316402719502362,0.10787179536767691
20171023,304,50,591,4,0.14783080927183728,0.12286751211979448
20240515,422,32,494,10,0.10548160061918822,0.05472410651850042
20190410,435,3,838,4,0.10004022728709763,0.13364337852766484
20211025,45,4,102,9,0.11263839793494926,0.05409173902233694
20250202,333,38,455,12,0.13811310681282574,0.09650490779258618
20211030,356,19,480,12,0.0771018974782902,0.08118397509887329
20170714,392,41,305,19,0.023695569005751874,0.09204101023579017
20190419,415,12,608,9,0.12640436091979854,0.06921749149204301
20220129,445,43,107,15,0.02098558153497393,0.12949647695846656
20230924,256,47,784,4,0.02624181921881654,0.11471630216360568
20150417,237,45,753,8,0.12849337877863096,0.06440841686373268
20211114,394,33,449,15,0.13671606933759856,0.13425400535392595
20151101,130,9,514,17,0.07335496688558431,0.1109775010661753
20231111,379,20,670,19,0.1132028816273237,0.07651810250875392
20220301,248,5,284,3,0.12724831470221276,0.07697077936005567
20150205,118,14,847,9,0.13834833256789592,0.0755609354388941
20190405,235,4,717,9,0.0819977186197284,0.059094188068915414
20240711,137,1,381,6,0.14012353695879873,0.054734665728775236
20241128,52,37,820,7,0.06619748107853449,0.11575544792305949
20220314,290,43,891,8,0.10183550775053285,0.14628878941842233
20171103,433,8,576,7,0.0781949835460747,0.12138920105754335
20210905,263,14,28,20,0.05216574581117579,0.06683557739103733
20170705,224,33,658,3,0.09905268674279696,0.14885874098344454
20181021,417,43,212,18,0.06607023921170008,0.0629956226995664
20240522,316,47,495,5,0.06386275511811444,0.0974559766584344
20220723,344,9,558,14,0.0617025791845746,0.10431592955874167
20190204,169,22,55,13,0.029340173398466125,0.09134737350452721
20211019,446,24,702,7,0.10837654933504441,0.14740557380580563
20150319,201,4,194,14,0.1126853851520844,0.12808701077337323
20240117,240,46,441,17,0.1284853119682905,0.0846361069428577
20180530,169,36,972,13,0.08103228161774668,0.06812406153227363
20201002,72,12,465,13,0.0689598157824683,0.06470153807476081
20250830,233,30,847,2,0.14769457094676625,0.06398701534747044
20180304,476,26,633,7,0.10849986261663559,0.085950925111886
20210120,103,48,797,3,0.053799042032715017,0.08696941427220592
20240315,32,34,891,20,0.1137870865083689,0.11960087388111725
20190418,199,28,295,3,0.09819749763091677,0.11180837460948059
20240229,165,4,646,13,0.10964746024790763,0.11774169884477793
20210418,295,32,900,10,0.12127781590310442,0.07565463380291368
20151121,113,2,945,11,0.026539575564884413,0.11729731925470634
20231021,6,16,380,3,0.11644297137138175,0.12059724359661966
20231025,393,49,471,20,0.08928833421826739,0.14608556074700382
20231108,320,33,983,8,0.09828435031245655,0.0833790695153417
20160730,302,47,745,6,0.13556077746561107,0.08689305646985183
20171216,6,18,523,1,0.1409812761419964,0.08349307332914305
20181023,231,5,269,11,0.0781705447676795,0.14780314152711987
20170324,192,8,800,12,0.08413721864278985,0.11211469387932624
20180607,369,20,561,10,0.052442840346792155,0.07138631199855687
20190324,486,20,681,10,0.11646087442297345,0.1204854274614934
20210714,435,16,423,18,0.14379380433379357,0.10245659533620953
20240115,256,42,420,12,0.03816530180730731,0.07493205578136411
20240321,95,45,926,15,0.08196346581687701,0.12385790417275407
20170106,325,28,290,7,0.05336011379744969,0.11273732520047962
20190807,9,6,26,13,0.11080230941600093,0.05484100594353948
20250725,284,4,896,19,0.12893632811249203,0.05893282878280679
20231216,164,15,985,10,0.049462046391459916,0.09503880310147889
20231231,390,28,281,14,0.12754459500236873,0.06841164154000179
20250328,418,46,857,17,0.1378291854093118,0.05427233142831607
20170829,2,44,64,17,0.07412037314818594,0.07243692013926024
20150227,9,11,730,13,0.03797354604994675,0.11343568505351759
20240702,27,45,793,10,0.13213706543630907,0.05795641102023535
20181220,352,17,701,9,0.020142541454620307,0.12214182305940001
20180804,17,46,516,19,0.07572097666954776,0.09828993176698583
20220220,61,48,618,5,0.10112538365489397,0.14403425089612118
20230617,123,18,188,11,0.05871141270655675,0.09763396760471496
20211004,429,41,560,5,0.06772868280610227,0.1114765878127719
20240705,424,31,655,5,0.14229097073967073,0.11204644213665138
20250401,19,25,13,2,0.05906952240657039,0.05441318050545696
20170910,443,9,659,2,0.04970356094450779,0.07863064554446161
20240830,349,13,274,5,0.14650323184155314,0.07269227437779936
20180821,168,43,790,14,0.149783877908994,0.06790574694889688
20170428,443,33,847,4,0.13230615090070652,0.11954430973755632
20230123,370,22,764,16,0.08427456148007881,0.1263535438381049
20210906,4,5,964,18,0.04019787400181023,0.13447142089327227
20181122,428,26,844,18,0.04251045678295618,0.0859542310295269
20170729,117,32,651,9,0.08577466112801449,0.07744960865422838
20240112,341,9,955,7,0.14891886860983783,0.09300775937364283
20170727,184,12,520,3,0.1442084173902379,0.1357387008140638
20150313,314,8,226,20,0.1044172402869844,0.09494362530184362
20220917,304,45,66,16,0.0448727055623252,0.06505421254553928
20220117,137,22,111,15,0.1355338381444942,0.11016840159338151
20251010,255,8,713,11,0.13994069057267877,0.059704768205592645
20180429,264,27,991,18,0.09605426481653491,0.08821611101871693
20200918,25,9,275,4,0.14324064039851722,0.07018752738375875
20250212,299,31,502,10,0.043698352839324425,0.10540326468757094
20190702,273,42,154,16,0.05520920599183678,0.10530104880254704
20160513,240,10,593,11,0.12235883787987917,0.09415641653253604
20250130,87,34,393,2,0.08557869129119185,0.07735797101153442
20240720,197,8,426,10,0.08329971830999393,0.10801079819415757
20180815,72,8,148,12,0.14231185307410515,0.11513838583491305
20230320,494,34,199,20,0.11069835751242613,0.10358746729792193
20240902,350,29,993,13,0.1053557446773646,0.08290754278856712
20230525,451,40,221,4,0.0661590561976377,0.06786969733066875
20180906,380,5,877,6,0.11389134016276115,0.11097895758623169
20200921,288,41,51,14,0.08952579710467105,0.05179663107556455
20221124,149,20,112,10,0.11098791704562316,0.07952912411127654
20240713,323,45,851,9,0.1224953532183705,0.08440726504124596
20240712,103,10,824,3,0.08282594952514957,0.08825859521214148
20170717,126,5,888,13,0.08133097808442812,0.09121569931986638
20230211,66,13,444,11,0.031463027733865036,0.058605776502265276
20220927,199,1,906,1,0.06283265962943317,0.09587693355242277
20230224,4,2,795,17,0.04901659623623714,0.07061428105267807
20221223,441,39,325,20,0.10860673147381139,0.11890203900749075
20170517,401,11,762,3,0.08450787319270801,0.1461962163667188
20200704,337,40,871,1,0.1486751226645979,0.11463587628501412
20220703,361,7,945,19,0.028813014981476794,0.113163608028848
20180430,221,34,446,9,0.14608218717524307,0.09812584956119122
20190301,39,48,329,16,0.14569520110973344,0.095882011543361
20200803,129,10,967,20,0.0346346886722325,0.14296182530493107
20170308,395,8,361,1,0.09531609229550105,0.07457497013020395
20161228,250,4,475,19,0.08799033011911646,0.09370226484866406
20160617,233,49,931,13,0.029907241334870507,0.11134217234735454
20170511,269,49,305,5,0.1398070536169397,0.07914717924356619
20160929,257,18,555,8,0.0330438053224934,0.09071568377661797
20241027,120,16,619,8,0.11228287370992573,0.1453888491243045
20230306,106,24,460,11,0.14186670259013145,0.0981638060932952
20180907,392,3,876,6,0.07319944437542199,0.12018869876176001
20160512,74,44,665,1,0.04544756042141659,0.1217934749356847
20151007,349,50,744,3,0.04170241961175805,0.07572104474091575
20230218,377,14,33,14,0.08658095105097349,0.12416362702521365
20240803,33,37,870,10,0.04540730581004956,0.09924606130619011
20180406,149,43,673,17,0.10744053834893755,0.10620181214179253
20161028,67,22,902,6,0.14542191282511802,0.058026867474887084
20170425,237,32,904,11,0.14283756078159437,0.14717818316959175
20240920,135,41,115,8,0.14330951448091478,0.06268211596054574
20200228,469,44,471,16,0.08014216843224949,0.06612864022680419
20160419,402,13,498,6,0.055762912627019476,0.10812465927700712
20170307,320,12,33,8,0.14853281182694447,0.09589364849864992
20240812,242,11,908,2,0.1191361580606152,0.13933472868335486
20180219,456,22,833,16,0.03333529706595537,0.08390859906970262
20230403,98,30,938,20,0.134661965948699,0.07550893979421176
20200829,264,44,346,18,0.06476019120985028,0.07897783358308044
20240608,216,22,447,20,0.09863039872491933,0.11795459762178341
20180323,426,40,645,15,0.08285583657420909,0.09801068096612461
20180704,231,44,327,11,0.040581420848710484,0.07066327497172714
20170907,8,17,17,12,0.10994622216690181,0.05033211699481038
20241001,375,32,785,10,0.07783156968319979,0.1372295603025841
20170811,479,38,214,19,0.14061906667343715,0.052795336769566305
20150628,126,29,442,6,0.11421521948688788,0.06926556516522284
20240930,283,19,153,1,0.08030702195052207,0.1330121831163717
20200907,495,42,285,17,0.04485004870701411,0.1178022762830719
20180101,392,42,242,5,0.03883745432221007,0.06793256058121873
20170404,176,46,977,4,0.14638128932868782,0.09842462798844656
20250730,282,23,15,17,0.09479272678028662,0.10336779524497547
20220504,155,35,887,14,0.13567788913471635,0.09841618612580172
20241014,388,22,310,20,0.0396789677190552,0.06475269195580047
20150704,383,7,963,16,0.0789546328672382,0.0523449362254974
20200513,381,28,724,1,0.08284757623402339,0.13903463385737752
20251130,309,34,766,3,0.03799419236265959,0.10795183524886863
20240415,400,21,447,8,0.13020518356392166,0.11862433546606678
20210410,222,8,810,7,0.09738428585502186,0.1454269362629081
20180325,19,47,105,13,0.055970596736263256,0.1458508917196587
20210307,49,3,989,12,0.07223921988179242,0.10873957262698725
20161023,324,27,280,9,0.09321937740609841,0.05534926185636988
20190325,414,47,492,8,0.14683989184406745,0.08104032117879013
20200213,40,40,594,16,0.028644733558166234,0.08323445860723189
20220803,226,43,129,13,0.13500115457970902,0.07921612109325561
20150611,448,46,423,15,0.0839924396988876,0.1345663766370911
20220309,44,47,580,11,0.03622430847344666,0.07174650439025046
20250113,331,18,806,15,0.0582180237442176,0.11826352778436769
20210826,162,34,599,13,0.0938292501929074,0.0663258924344382
20150605,441,25,101,19,0.024623923092526215,0.11196566851818561
20190804,359,12,888,9,0.07453302281861485,0.11488654324206206
20150502,42,10,183,13,0.08178643976668337,0.09063907727465041
20170303,79,31,856,6,0.06180563838538344,0.1486491468920753
20181012,429,41,215,18,0.024714767982034373,0.05770001514342679
20190117,49,2,114,6,0.0655515293952498,0.05561516222815284
20150430,33,18,278,18,0.042653329242482975,0.11135752208333514
20251001,11,36,973,7,0.025141417224817074,0.08765372291359885
20181029,217,34,31,5,0.049498045064824664,0.11684519929041014
20191228,68,39,547,15,0.08150226421872112,0.14848811797938227
20170226,488,23,726,6,0.13688628869234992,0.07009979254758694
20211211,493,14,879,20,0.14791748232366647,0.09997110861274547
20240407,75,6,272,2,0.07968163372634904,0.14935903194536793
20151210,183,41,3,10,0.06957192910592053,0.10502816042675817
20150925,452,25,189,10,0.13833101298141964,0.054168129881339934
20221205,293,5,468,10,0.06719676427493558,0.07448370239023495
20220818,453,11,177,15,0.09967544172097009,0.10466346241592722
20150731,494,37,682,3,0.04489739431041985,0.12978660828443545
20231221,408,40,759,18,0.13343696541105166,0.12175083290897745
20160929,493,25,191,4,0.03545866457517235,0.14509038428901488
20231118,442,25,896,19,0.08072989462985562,0.11914472078840438
20180408,372,24,853,19,0.140171051589751,0.07951504484489544
20161225,61,31,742,14,0.09227194193314518,0.09422329903635701
20161109,81,36,522,12,0.04274152669571678,0.10665079867323646
20190815,188,32,596,6,0.06322244948124008,0.05902810238340561
20200415,222,26,120,9,0.04287438878425459,0.13299368530047806
20220417,203,10,699,12,0.14617433745995667,0.12948200422640635
20250312,203,20,764,20,0.04224490947198534,0.0626053894868062
20171122,81,12,279,18,0.05350345583141301,0.055310230398796706
20150908,184,4,302,11,0.13594048008341306,0.06890570841866453
20200210,92,4,899,13,0.04413535673407945,0.12667952183005282
20240410,173,30,531,17,0.0427740814358266,0.07144323281121186
20231221,223,22,897,13,0.10756881641969447,0.05395893225320828
20220821,49,27,190,20,0.12287764545914276,0.06545250490605123
20201012,407,49,431,3,0.09082035659540655,0.14511933463899498
20181004,458,13,985,18,0.06436000198390905,0.05444999141772
20180929,216,37,798,8,0.060746374913613135,0.13257164509652494
20180927,153,30,975,19,0.05905386810469482,0.12387666345798339
20210218,299,5,99,19,0.06284988489714993,0.1056330726620307
20250512,131,23,210,9,0.1453467468777173,0.10785122406519398
20210424,109,13,275,4,0.08812733032765499,0.13415645221054895
20171024,184,30,675,13,0.10344036367432873,0.10642712607797017
20160131,140,39,416,20,0.02582705823206113,0.08015042284387991
20240819,102,1,668,9,0.08899241326821994,0.10771829234873515
20210927,119,48,423,7,0.08337887612492895,0.07814326269141597
20240915,195,42,290,9,0.04772213613477538,0.05735258340605903
20210201,70,15,324,6,0.06716731638535217,0.051335412981452444
20160401,353,33,418,11,0.0323503433324306,0.08216761964694916
20200804,190,3,863,10,0.02971116106424858,0.05838196945478924
20160312,208,38,134,15,0.06319642373046924,0.07284290548683894
20201212,69,16,934,3,0.03318066573778907,0.10742845913988497
20171221,290,24,106,16,0.12099407416857173,0.14138641758531295
20191126,170,44,393,8,0.02532066294872639,0.11435038464715154
20221124,309,8,394,12,0.06715410764979488,0.08760345305421409
20250706,158,15,60,9,0.06688338967675607,0.06506345319628483
20180729,11,17,199,15,0.03505667082854872,0.09981939441198316
20150412,243,48,932,18,0.04110778720151165,0.10983915857073107
20241205,69,32,416,2,0.07583130234122949,0.09356883389061754
20211107,427,19,914,3,0.029013665262323678,0.0765410898866157
20240920,351,6,374,20,0.05179885506873848,0.12317270741997474
20170625,362,28,885,16,0.09963568508878357,0.10997160082373378
20160723,344,46,28,19,0.12288714649461879,0.06570161097280668
20201028,309,34,501,19,0.02072260686701948,0.12452640037475479
20220827,295,9,663,8,0.0926025785667678,0.10500374494622197
20171013,382,9,227,16,0.07779064207224781,0.09230097070342028
20200719,313,49,855,8,0.0490050006824639,0.13946642636744896
20220319,412,11,360,3,0.07675265712216536,0.10889881610170105
20160314,201,25,857,11,0.024875821888553536,0.07566182757488858
20240718,377,17,783,1,0.06641932341210631,0.07526216814191038
20210324,74,9,942,20,0.10929145426836788,0.09804181459366768
20190320,436,50,923,5,0.08349688055783844,0.07033821430673955
20150422,335,36,967,2,0.09017911146413159,0.12779469845504993
20211006,442,5,448,7,0.10295230717328106,0.07628352772834615
20170124,488,16,47,9,0.0823137154445408,0.11304070779840403
20210131,357,41,351,1,0.1104118163372343,0.14859031270698475
20160907,369,30,278,2,0.14567706527538207,0.135443668510689
20170923,406,28,971,2,0.0704281982242802,0.07545596812344504
20221205,196,5,84,13,0.0655104987330992,0.09255617436639695
20180418,195,38,627,3,0.024036099043959303,0.12480345566776431
20220922,308,49,798,16,0.06712680311153617,0.1170518927071375
20180123,485,48,718,2,0.03960003468013269,0.09333823725511334
20251126,318,40,853,12,0.11247020920528732,0.10526835146618534
20150727,197,31,413,1,0.09814052866095109,0.06864455247246891
20150313,420,50,68,16,0.11154498850791807,0.10570521479968598
20190606,168,26,256,13,0.103266240515578,0.13596906033974607
20210228,125,24,526,19,0.12744319325265224,0.057635997309670645
20240107,84,33,639,3,0.06934039037263647,0.1277656538526561
20221010,430,8,864,10,0.04694788749706473,0.12296023414062876
20170204,81,23,408,5,0.056166105089146004,0.08621388198317118
20250605,298,14,835,15,0.060839916938352084,0.11819689983713218
20250128,471,11,194,2,0.1306831919365806,0.08250949580167045
20211209,131,16,573,16,0.11106033776944974,0.12808686738040365
20151014,236,41,359,13,0.14290900541337753,0.09451570640321152
20150525,244,27,763,3,0.11747921192573592,0.14709957428291226
20220106,133,3,828,18,0.14033083534069948,0.053149997822464004
20170927,468,47,603,14,0.06919307712075998,0.061915455068018946
20150316,261,6,886,4,0.09197929748329615,0.05771288064077519
20220714,420,42,731,16,0.06178404192442484,0.1423917881514798
20160610,425,9,899,1,0.06485105843577581,0.11500419883830518
20160731,49,8,566,2,0.029197788265614914,0.056967396914131774
20170919,498,39,698,19,0.0804526983132087,0.11943110895365189
20210217,377,3,243,5,0.03722089375075838,0.09706501684751515
20180307,202,44,926,7,0.022967972553304405,0.1421525210273974
20210801,22,33,958,14,0.1229514705127577,0.08086416880974662
20191001,383,43,298,2,0.13430280245847948,0.06564832939447864
20201208,97,33,300,11,0.04877431331157785,0.10037986137276664
20201201,349,2,956,12,0.061445034467943124,0.09229885756486234
20250625,125,2,973,9,0.08241274449585224,0.06845412347502902
20241208,490,4,285,20,0.1135964044945567,0.08003376278923048
20210502,414,29,343,19,0.12597030065749826,0.089086747121374
20250409,476,10,169,20,0.020950658154839603,0.09402709142686726
20191009,321,7,858,18,0.09103741303169542,0.07640141095322615
20160313,395,39,873,2,0.08675931249017223,0.10574105670853753
20250913,60,47,77,10,0.1020491822889546,0.1308748263448632
20180917,309,29,478,5,0.057436121545531724,0.0988003103924337
20230418,336,4,992,8,0.11204018883762752,0.08951787135602468
20151124,88,32,53,3,0.06859970922074672,0.07641162786649362
20250107,266,15,353,2,0.09089208991904049,0.08620461566072327
20220105,175,48,503,8,0.11499665133599025,0.10387014750698159
20240417,455,30,574,16,0.13114843558613462,0.1199785415403258
20180206,308,44,969,14,0.08095699498168524,0.061953908051693256
20210202,455,7,543,5,0.02785488940573591,0.06262950907365566
20190512,467,7,909,8,0.055256048961900464,0.11938534600533686
20230327,345,23,726,3,0.10907327299278745,0.10313503548196339
20201113,205,49,762,6,0.026415905867393424,0.10599333551060755
20190708,321,40,1000,2,0.08110021929091656,0.0587511191711692
20181206,167,30,369,18,0.07044102472441952,0.1324890345388482
20240707,72,3,62,13,0.030009934203618884,0.08964859818106775
20181008,60,21,1000,13,0.03747051011141335,0.1492614603520599
20240826,32,45,122,3,0.13853932767751329,0.06828811563899859
20190128,349,29,615,15,0.0973857471553109,0.1495616258009622
20200430,358,16,947,10,0.12963093559003144,0.12537690881652436
20160411,291,49,44,2,0.12260535901264408,0.057298053700291444
20160216,312,23,489,9,0.04204890436068821,0.10878530948894036
20210602,417,41,348,10,0.13071630936952972,0.11236159460280457
20230118,259,10,765,12,0.07353430524083943,0.10342054719791188
20180223,13,26,747,5,0.12102599069441383,0.08361809783812969
20190907,204,33,359,18,0.12584763797590637,0.11430009558839563
20210818,333,27,31,20,0.13368456906330553,0.10889380804302955
20191221,133,42,862,2,0.04812232637535017,0.09815148165990742
20241126,495,17,810,19,0.036835766473205175,0.05035635950972141
20240730,400,5,232,10,0.030658328348112128,0.12020800611888749
20170419,445,39,887,20,0.1021699566170662,0.11666665795079124
20190506,213,14,665,9,0.02104408065106547,0.059668224361440536
20250814,322,25,154,16,0.08789372319259339,0.10540854734790092
20151221,322,45,583,13,0.10026206851708158,0.1078180538698141
20171026,277,42,77,14,0.05891320963295486,0.08720830892198575
20170901,224,17,184,13,0.039042932704802684,0.1354521248720566
20160812,63,12,318,17,0.06640968171750194,0.13339596194633946
20150922,488,31,608,7,0.09967481781002258,0.07349265359391911
20230809,120,35,494,15,0.04669026729594447,0.11983342422193273
20150520,408,45,486,9,0.11898846294363885,0.07403286675740436
20240401,203,25,811,5,0.04835944773895675,0.0779668142780631
20250731,309,15,896,4,0.05670467058362212,0.0857222241674011
20150417,400,32,78,13,0.1224580206696024,0.08575373899787016
20211207,30,30,513,6,0.12119470449803196,0.08532052109696484
20181128,283,6,402,20,0.05957206146561336,0.13614549974114337
20201019,326,23,378,17,0.051176285745213705,0.08807110228037526
20230530,450,5,336,14,0.12515879636644758,0.10358595196358411
20190427,109,30,150,18,0.13031962649408577,0.09062357148289749
20150501,344,28,475,7,0.05005584159292385,0.106336675854425
20170219,100,21,196,11,0.1456966438065192,0.11106757554860978
20211110,287,6,582,3,0.13761551523127416,0.08667485958490843
20231029,2,8,922,7,0.021836116815211918,0.07192063670800344
20220407,365,27,746,3,0.02387112535924584,0.12866884199892065
20250310,467,6,895,17,0.08652543781412564,0.11708920985079262
20210207,238,16,783,10,0.08064543957138606,0.07002743700010268
20160113,146,22,236,9,0.12770154908086231,0.08110885565962764
20250724,299,29,32,4,0.08250484513158368,0.1417455182258715
20230913,69,41,413,20,0.12160153665656954,0.13126962139312187
20170524,346,12,768,20,0.03794393074407938,0.10392750417721547
20240405,37,13,929,18,0.08363904073210719,0.0821971418497919
20241202,462,49,108,10,0.14789468316296797,0.07043921553307739
20150803,484,40,613,1,0.05392853197768313,0.07042776528152042
20250112,452,27,378,1,0.12378773052227669,0.14616411891279035
20230831,289,7,931,20,0.08940400178805039,0.14960503049962315
20240828,467,14,554,15,0.07724899130326776,0.05098245961466805
20231215,309,3,313,7,0.05432456363691822,0.06574135029625236
20220116,465,31,975,16,0.05354038459322916,0.13192103659046853
20151107,398,17,372,18,0.03522580782189014,0.0801171782987284
20161021,476,44,226,7,0.11142247741324203,0.10910369048185518
20170105,499,8,41,4,0.09963589035491012,0.08962936341089174
20150405,452,39,991,7,0.03215174991919747,0.13173793898019556
20180103,253,35,253,15,0.09121878026381597,0.10099218217786571
20231118,193,30,277,6,0.06938552528054341,0.10940872169966473
20190627,473,27,724,9,0.035222837567434405,0.09709583527048565
20211213,213,7,928,1,0.06269096382882876,0.10479866735045451
20250222,117,39,178,20,0.058748744379498716,0.09522713139908218
20251230,85,18,266,15,0.09696379798298128,0.08902108064186656
20211118,324,27,700,16,0.06580029150385587,0.10178541176795466
20230403,232,24,270,5,0.03661130391945992,0.06329774139975934
20220903,76,46,771,2,0.10438745237416491,0.1274981588145236
20220218,500,20,181,1,0.09617966188384776,0.13052986318850623
20180612,385,24,18,18,0.08403959198556428,0.10785197007072672
20160614,376,2,591,6,0.028021508068340056,0.10664639052094382
20190715,25,1,692,9,0.13321672832531847,0.09436777252906067
20240528,356,21,438,8,0.1239638385975812,0.09696649677631707
20150613,322,19,976,19,0.13659370201923388,0.05088744646675091
20180223,21,48,249,15,0.13184975992356987,0.12622067457104547
20170323,274,1,513,20,0.14478423390361284,0.06544372604832752
20191220,402,10,471,11,0.10333769511557293,0.08361082353045618
20160927,160,2,489,2,0.047180816385985536,0.13166794711873558
20211105,451,37,336,4,0.04933417597106927,0.07094599447174586
20240110,12,38,762,14,0.03349605705734768,0.06465926309436684
20170115,375,2,264,5,0.07054565485073104,0.056365822734673714
20240909,439,4,990,2,0.11158159853295338,0.1295461905394972
20240426,70,13,583,15,0.09928485956685766,0.14291680333700751
20200323,431,2,216,14,0.14680286931078482,0.14220192590061664
20181223,65,5,413,5,0.13312653626690404,0.08499689801684775
20180728,123,48,233,20,0.13889599544205328,0.12093591333980876
20240610,396,33,324,15,0.03674218079995825,0.054309331596281124
20180626,163,21,976,3,0.06473944772635391,0.12007175326303754
20180413,131,35,307,20,0.138732218226975,0.12590073413418446
20200515,47,31,859,2,0.08191594081196862,0.14988635277251178
20160919,172,3,527,15,0.13218658182178936,0.11078982721577746
20220602,349,30,665,10,0.022555158820646615,0.13728252628974041
20210628,421,44,996,12,0.09862171834738204,0.051750968430240345
20190618,377,5,395,18,0.12261869380609983,0.07012616232511393
20160426,107,47,140,10,0.04463916704025689,0.10369630419832214
20160118,45,4,875,10,0.04586846757334758,0.06385330138335096
20150827,144,18,583,19,0.042326008835875534,0.07154423747799342
20251022,180,34,870,19,0.08883937420692213,0.10629451753311461
20180425,322,21,610,20,0.08222977190627855,0.08894395910387437
20180114,221,23,108,18,0.1338697911667007,0.06960552591336736
20210112,55,20,677,11,0.11335052202548089,0.12248352315258663
20150320,220,29,769,13,0.10146075964832783,0.08341473578255404
20230829,273,2,898,17,0.02892884592497124,0.05254974431285803
20190331,223,29,136,20,0.11322434510067432,0.14101899285320268
20200201,376,24,910,4,0.13889643564706558,0.1316563715780263
20241105,461,11,115,8,0.12163429325324564,0.07873048055752316
20211216,374,11,626,13,0.14514910088956587,0.13768617957129228
20220107,251,34,30,6,0.02469569251036308,0.12336974753601622
20160802,224,28,845,13,0.06495074944354881,0.1316092115652292
20180808,26,43,24,4,0.11792625199755012,0.08499835803492559
20231009,449,47,568,10,0.14151598677593602,0.07791163398913369
20171208,92,9,576,20,0.10474852896232595,0.05617956340936503
20231205,360,22,234,4,0.05461029261970765,0.09190041015199304
20220224,392,50,590,20,0.050791443100434305,0.08619788105652912
20210106,41,17,722,10,0.05538540947150984,0.10417658839643772
20210806,328,50,921,7,0.14754300177195026,0.10722538707577478
20160425,390,1,669,6,0.07603983752238994,0.05266142190548354
20171208,458,14,723,9,0.028132423694861665,0.1240169694010555
20240915,383,10,262,19,0.08947929172624491,0.08531499218571478
20210309,22,34,812,10,0.023740468648986806,0.05735588798187452
20240926,334,27,170,5,0.05185203771096464,0.11808704653089921
20190324,117,7,376,19,0.08671303200904866,0.11990107241561843
20231028,65,39,862,9,0.14613328028915076,0.12171748721736668
20210719,481,31,218,6,0.106899181699021,0.11488709327345184
20190423,203,39,699,11,0.11386783080198305,0.0877891133114185
20151209,142,16,523,9,0.09069135139068925,0.08944341542661624
20221117,306,38,434,14,0.07605268524248669,0.11736678669559304
20190119,369,10,480,12,0.13373004138368907,0.12137661102415333
20150821,432,39,144,4,0.06061453348536146,0.07293765435968196
20240123,84,48,935,13,0.0500937607360675,0.0710883906224554
20210519,411,32,683,12,0.1415713472731363,0.13007708793337608
20160725,304,38,387,4,0.13086660708034276,0.11968280320350147
20200124,430,35,5,17,0.03521575309769606,0.12785832406652384
20230326,419,41,300,13,0.07401384171095622,0.060488067023690244
20161023,26,41,516,4,0.06860064561124933,0.1262731909487539
20170223,400,40,107,15,0.14125571106501128,0.11805894225805859
20230220,141,3,435,2,0.10457233727168622,0.09535338740809637
20240526,280,50,595,15,0.1336856379932031,0.12898800180950648
20201014,338,31,544,8,0.11442518870997269,0.14861600152566706
20160427,281,32,499,19,0.08997376307622537,0.07090629591194213
20171202,103,15,798,8,0.03024080205004072,0.1100275151252038
20240205,185,23,863,9,0.09835264439542377,0.10020584947436295
20250623,410,49,316,20,0.09643836377425496,0.08865342963139441
20230306,82,13,841,17,0.04307205149030166,0.11662661923949456
20200511,294,23,604,9,0.027493979701838797,0.0931555215382617
20160723,477,42,919,12,0.06121424867722326,0.13712997335067484
20210901,54,22,420,18,0.06622784635509567,0.10800448044885821
20200105,38,10,85,5,0.06977392423879232,0.12564430842297636
20230321,261,12,114,1,0.14811030284063906,0.09376746804370825
20211126,292,3,576,2,0.04581030259745288,0.09870879832908497
20211123,439,43,296,6,0.04115952123383676,0.07006254163362788
20181103,240,16,17,10,0.10162094624379657,0.13131655830926708
20230831,250,14,214,8,0.1494590087014324,0.09566796609912309
20240820,428,31,298,13,0.14371002227508262,0.0760377060370688
20190901,375,6,722,15,0.07826754322640661,0.06794123807544782
20201019,445,15,828,5,0.08516980894427799,0.10830365955665114
20201228,462,32,374,13,0.07187587686079458,0.1281117498598192
20201120,196,45,693,3,0.14445760600399557,0.05838143431591694
20240303,385,22,563,11,0.035587283287670905,0.07311464824197485
20241231,397,32,533,8,0.11696405975865351,0.11775474524657142
20211219,467,15,759,13,0.09707616695458171,0.07162366235470359
20151220,363,31,881,10,0.14465458966083172,0.055484235345314194
20201201,344,4,382,13,0.14924700641095792,0.08886471659435421
20251027,407,34,420,10,0.10579303870553418,0.09668296881366355
20180203,175,32,850,5,0.05809570052933773,0.0919954081637172
20170501,207,2,749,13,0.12807919086251282,0.11655007787824452
20250926,210,13,752,20,0.0666313320839299,0.12823084224777703
20250921,45,41,86,9,0.14274043261570357,0.05513835165990538
20241016,332,20,220,13,0.11307928410989657,0.14981372315420835
20230219,428,22,240,14,0.11040957795511297,0.11976053924540254
20160925,500,15,379,19,0.07407234099385818,0.06653300585592686
20200716,414,22,816,20,0.12204044840506252,0.11243796586548538
20220820,357,47,969,8,0.07119732924805913,0.10082624332171097
20250323,420,22,640,13,0.03407710194507361,0.07753244991419
20150821,221,47,196,18,0.11930654208495868,0.08670933540155054
20201205,277,30,978,12,0.14580441565450852,0.0863355407372334
20251114,470,19,800,9,0.07216822865383246,0.12904918077636815
20240704,292,50,740,2,0.021998959726395984,0.12179893693438983
20160529,328,49,621,4,0.1255817640585111,0.07035115675905225
20190211,226,17,619,14,0.14408275581318597,0.07494966584112205
20250302,453,17,734,14,0.03158124872447357,0.09726426304455962
20151213,303,10,49,12,0.027324556994412393,0.11988756407585882
20230622,397,10,465,5,0.059814624398240354,0.10066261624783637
20231004,252,22,771,3,0.035279977354536654,0.1298098121108766
20190721,375,46,930,13,0.056986825694659876,0.1259607668829924
20161021,322,13,176,14,0.12297548608245065,0.09755987299443505
20250711,381,30,757,15,0.03127584802742148,0.13333515534960577
20211108,137,12,892,14,0.034183610098441994,0.13262164694193215
20230125,398,6,159,4,0.09006544175575625,0.0648262150702166
20220731,225,19,790,11,0.09889673910759106,0.12948199932484666
20160422,154,47,639,10,0.0950854988763804,0.10501167384399922
20190704,381,43,49,18,0.0971475139850214,0.09908370260572127
20211019,62,49,535,19,0.043158801884126546,0.12057855567634217
20170119,476,6,893,18,0.08385850711936214,0.057271948333309
20160607,264,13,18,3,0.05191619525622594,0.06327932016332592
20250204,151,32,438,8,0.1196866419659839,0.11115899183741157
20240102,323,22,567,18,0.06850079568607924,0.0855435080596369
20180626,332,41,212,3,0.08766715804720211,0.09079399051072091
20150616,375,46,383,11,0.04668026574731357,0.0897088458925584
20200808,114,28,245,2,0.06205486424785815,0.11525129911572048
20190603,261,36,488,3,0.04771585582125329,0.14247822330446053
20190413,406,42,550,13,0.137476974708137,0.06089887499502172
20180803,354,25,930,1,0.13012463018952913,0.11773622059866581
20171216,141,46,980,14,0.0729670589230454,0.07874639683074551
20230528,161,27,440,6,0.10834698258263162,0.1325274290032667
20240822,83,6,644,4,0.07509603363587934,0.12337274931698265
20211118,224,1,686,15,0.06342682429354497,0.14805335864824307
20220815,205,28,902,12,0.1158140393491482,0.1419691322177922
20170625,318,26,71,11,0.11402421210962088,0.13021447852978058
20250411,247,42,517,19,0.09396872379277102,0.08234067038416867
20210913,161,10,242,8,0.08005619167471209,0.1349046179632249
20220219,121,31,646,3,0.06386711198883359,0.10558334469292911
20190731,135,3,725,20,0.02182263010140731,0.07928595145944181
20210412,365,33,538,11,0.04873717489556516,0.12232956624195869
20160220,362,45,763,12,0.12583101895042237,0.08892326578898771
20171227,73,50,451,7,0.06204541735175259,0.057666502929971164
20170406,42,1,899,2,0.05252540343357927,0.12908837185752126
20221110,416,47,236,2,0.0866386712154584,0.13816631146059946
20150716,44,27,564,15,0.12567128469138883,0.07867152795384447
20200309,112,9,973,5,0.053648437736466936,0.0877055424149332
20210208,449,41,285,8,0.13329544602187157,0.12331069368251897
20160615,94,24,236,14,0.06091301324056164,0.0921605587998207
20230316,267,29,548,7,0.1234664922989801,0.06519939000352698
20191204,340,34,714,13,0.1416420994500907,0.14909816102585485
20160126,447,34,552,17,0.03362827003453927,0.05350244552721622
20180223,485,30,600,1,0.08470429988882841,0.13427852603426005
20200417,288,2,231,10,0.04528032519064257,0.05139195731780286
20170831,118,10,111,9,0.05544589798508917,0.07937426113676808
20160104,174,16,488,6,0.031375580889335494,0.12726760197034537
20241119,496,30,220,11,0.07650457301356893,0.10317685761397603
20150331,319,29,513,20,0.13550843095560405,0.12775144611472322
20220520,172,23,350,3,0.07606740206379264,0.08261217389281829
20170507,127,42,183,16,0.07548240730415293,0.06942919639562319
20241204,287,45,841,7,0.04961866696729056,0.148470900063232
20200217,400,8,658,1,0.0847953539467117,0.12269763113912784
20240530,385,25,4,4,0.11581138000204974,0.13484405472318695
20171222,11,27,209,3,0.060130770606825895,0.12588683228016
20180526,46,17,931,19,0.09489436277653106,0.0815703129341547
20180726,310,9,513,17,0.14866239233282727,0.07820600544547379
20150924,151,17,202,1,0.13878672963559732,0.08530078867854396
20210107,161,38,605,18,0.05340551980856792,0.06426256628714586
20221017,22,27,940,2,0.09476545301514877,0.13613549677656805
20191027,90,22,957,10,0.09462383403739759,0.12131213558214378
20190712,423,47,31,6,0.07505122912562712,0.09984758409343995
20210319,216,23,527,5,0.04055964137750214,0.06393196044238948
20251107,306,39,297,11,0.13342361850095152,0.12459581415827566
20251102,466,50,319,12,0.07801605922484776,0.14742639977423588
20171008,81,28,330,10,0.044204597655402265,0.06677619270092706
20160117,391,13,392,11,0.14275203723166052,0.09552812273380534
20190410,140,1,6,3,0.08843731152033046,0.0824500703134373
20190120,28,30,982,18,0.0776833400081032,0.13114523252025762
20230726,323,50,899,4,0.08454495496519522,0.14896420030952656
20240217,241,8,750,20,0.0992663312715904,0.08453593934996924
20210621,208,20,482,7,0.05363849534515171,0.06478433187075419
20190105,435,20,974,5,0.056275286231370514,0.09208516449916676
20251207,467,3,340,1,0.1107082021437648,0.06921266988864652
20251103,409,43,694,20,0.06716014633818183,0.12801527532120094
20240915,92,37,729,7,0.030316171422476876,0.07305445222460301
20171119,55,44,730,17,0.12528458271112977,0.12897704216268513
20221204,261,21,268,4,0.11772645950106433,0.07764945083107877
20210916,179,4,991,5,0.13884061711047538,0.14076564416385706
20170615,325,12,206,5,0.04652585012235368,0.1281531581891555
20251030,47,47,940,15,0.08205235164419998,0.14837673044874225
20180809,417,23,353,11,0.13643003090844869,0.14299781848704105
20240929,434,39,518,6,0.10926219069674334,0.07940809969124638
20220607,224,21,972,6,0.10009132756946146,0.1063472977561973
20240425,125,5,137,15,0.0957817327188357,0.086118381040197
20180409,453,7,709,1,0.11531238538706133,0.06842665429822108
20190128,159,23,408,18,0.061096538098010744,0.1102456204751682
20200117,213,28,914,18,0.12318806183277117,0.12470426533993002
20211006,138,3,652,14,0.14479115912910617,0.06270411260262797
20181124,386,7,630,19,0.12486560637231636,0.06789135201388913
20241024,365,39,288,11,0.10253213144506075,0.10224409929847925
20180423,5,12,584,7,0.07094893122025406,0.11323637699044545
20161026,178,15,183,19,0.10873019563581382,0.12739533248202084
20160601,306,6,702,4,0.07900894519163083,0.08318945020548543
20150402,337,50,685,16,0.14443114576079547,0.062054963049207705
20240328,100,15,635,15,0.1006686027825579,0.06671142016115762
20170911,291,24,925,3,0.07644894902295632,0.06967349059953433
20181108,476,11,831,12,0.076685196658251,0.05647397993318879
20190822,346,14,621,14,0.14813825103606437,0.08144808083569102
20170819,291,19,332,20,0.04471043256090687,0.09943291552186481
20250709,47,1,842,2,0.13026243747445823,0.13977715831057613
20250906,411,6,311,13,0.031561012507818904,0.06315045814381345
20210929,428,30,334,2,0.0969527942096044,0.13449399759439767
20220903,287,13,999,10,0.13230791070636874,0.06144700466153783
20240510,224,13,626,9,0.06725558542597124,0.121399676821638
20251227,355,21,316,6,0.13151211222871256,0.10215811526924506
20231206,467,43,2,8,0.09464815708554364,0.0667022954737818
20170116,252,23,458,1,0.13586459669018697,0.14754647932030893
20220205,268,43,263,11,0.14764239360555895,0.13949499135539034
20250222,134,27,220,13,0.11442186888494538,0.05967314222005864
20250221,330,24,720,9,0.04955099976227027,0.10940796341752165
20230106,489,10,63,8,0.13839415105212852,0.12008083588687218
20180128,500,17,351,10,0.07223490717157273,0.1478434848507723
20230204,346,39,946,10,0.025657853994602693,0.08236562954184382
20200509,384,46,347,5,0.11595037376337626,0.11396935414911835
20161127,170,33,207,12,0.061471739260543445,0.11929254736897486
20191030,202,28,286,7,0.1432025146652562,0.06978840815794754
20230904,45,31,491,6,0.07371787777768096,0.10270749937405341
20251202,444,33,781,17,0.03358462722683013,0.055370370847018735
20241101,231,11,330,16,0.04692259908560793,0.1277287890653005
20230821,441,7,723,18,0.07579222661776598,0.115502452215469
20210813,249,40,750,15,0.04463938048279602,0.10367546319179449
20190529,282,50,162,16,0.04521066830241446,0.06995234927761343
20250507,127,43,937,19,0.045427116301129875,0.10153624557594852
20220913,282,4,682,11,0.05469156400439554,0.10582167398454892
20220423,310,41,811,2,0.13990973308198204,0.14633295888977588
20151103,313,44,880,11,0.12948194617410283,0.10638452935175477
20230408,137,9,918,17,0.025603384967456767,0.14728901884927548
20150102,137,46,741,10,0.14994385080421457,0.06397319311777926
20200427,352,38,312,9,0.06881992239887547,0.09912953224686535
20151205,160,34,511,18,0.1240044480143212,0.10738292316467665
20190804,161,18,559,3,0.10251297393203178,0.06288621824245484
20180118,352,2,406,7,0.09266854297592682,0.07426460005664401
20201207,31,33,430,1,0.02546248247107904,0.09601811543647432
20211210,298,31,151,11,0.10879826193805822,0.052793560916266406
20170424,257,23,59,2,0.08237823373162471,0.13824338956310972
20161013,294,31,600,20,0.07269082099254086,0.12430303664322337
20230712,461,16,679,13,0.05581809060455399,0.09555868166668618
20200522,411,8,658,16,0.033352643619434574,0.07281341123898104
20150407,340,13,605,11,0.05447038450514356,0.09720637708635187
20170618,121,4,418,15,0.12581227550547477,0.11897013666308362
20180924,315,10,834,12,0.13239928234703585,0.056058368481588544
20240315,239,40,904,9,0.12797309116219824,0.09615838879569881
20200415,373,7,54,2,0.026891133109095803,0.1068030778574506
20160501,303,16,977,3,0.04171084419632153,0.06617674153845286
20190520,127,31,543,14,0.11285531961049095,0.11886042809335738
20150219,237,2,610,7,0.051722307585893204,0.1058284986567885
20250711,462,28,369,2,0.11752727703997493,0.10869358653259875
20150919,229,48,314,13,0.12482746602971079,0.06827618411103234
20161217,127,36,687,19,0.08840535982283124,0.13953500541911662
20230422,122,48,617,20,0.08411881674130424,0.14191973901044547
20180910,311,34,212,6,0.08148026851329433,0.12379859304930918
20200402,146,39,367,5,0.09594991061384155,0.05931999228745325
20150528,118,28,369,12,0.0387838152546119,0.0604319963158823
20161202,247,16,766,3,0.13647643220788297,0.145229610919909
20181120,249,39,523,9,0.14890825214744946,0.10948595353526583
20251129,5,11,459,20,0.11523863976498999,0.13580928066849263
20220611,274,50,673,20,0.02515420353165808,0.1410244636732879
20241115,156,19,930,16,0.021198473647909975,0.10193388900499921
20240223,334,19,15,16,0.07288150714796338,0.05964923987642284
20160612,291,36,886,14,0.07667476938082134,0.06078659923462193
20170506,399,34,720,18,0.12123143485990164,0.06904235964672785
20150712,273,50,15,4,0.13247164656884056,0.10978386120281292
20241230,309,3,189,7,0.09274017299624687,0.14169718517521018
20221111,215,47,864,3,0.07119654994475706,0.06817686569498985
20151229,290,11,820,18,0.13162952959950955,0.11279888139771423
20191224,250,47,993,4,0.11049884123268547,0.128463337957828
20200910,139,3,800,17,0.06451249756927602,0.05242083079423119
20170227,71,31,280,14,0.09129835246223376,0.05982438084187402
20220803,497,11,844,12,0.11439173326921194,0.11327891094547751
20190123,200,22,655,9,0.14296042128481104,0.059110323586229224
20190217,24,18,759,17,0.07948040385918691,0.05846014902808046
20170224,120,33,145,8,0.03580566864919634,0.141706898921466
20250502,273,13,990,7,0.12297338070927356,0.1291263026089559
20170214,201,17,8,19,0.092623202311891,0.11960200979834805
20210623,373,15,738,4,0.11064631822267398,0.13246417036872493
20230713,52,37,127,3,0.12201168833403513,0.1453601357586845
20170818,177,13,970,7,0.09653778966889213,0.13017063699696807
20231206,404,22,739,9,0.06478427956931145,0.08590382340598567
20221219,229,31,498,13,0.09455195498671232,0.07915376056728687
20210722,76,39,237,1,0.11151044128774927,0.08406461650894288
20191029,160,44,784,2,0.11659172199806951,0.12024030435770622
20160525,70,48,914,17,0.10277633200927903,0.06676782753243272
20150210,163,31,912,14,0.03699811113362576,0.14996155726921467
20230928,298,18,765,11,0.08014396941254752,0.09975272186973749
20151010,437,20,391,20,0.10220513967071378,0.09956412423578942
20220709,396,22,792,16,0.14234126824187193,0.1010659062142012
20211018,89,17,54,12,0.09020686554476602,0.14277142626883804
20240310,95,37,483,20,0.08883635117523106,0.14825381786895586
20161106,378,21,304,6,0.07509672377059473,0.12589099781203972
20200417,217,14,459,20,0.05538456682246898,0.12508423629460472
20200918,249,42,700,1,0.14692931607796159,0.1427164943187763
20160308,256,10,334,2,0.11858062652751529,0.11270522304819126
20170814,347,50,722,9,0.11468692875089227,0.06608041918459857
20190518,436,9,768,7,0.040900867935704445,0.12114557731280891
20250521,214,29,272,18,0.14381473486595814,0.0863069068413826
20200903,228,14,918,12,0.07597028918865496,0.14179938964611788
20161201,200,8,277,3,0.031352589515447324,0.07833758620138578
20210119,287,31,434,3,0.13443610801862887,0.10055916972455492
20211208,168,50,422,7,0.04824933321093113,0.10396508550127415
20241029,48,44,847,5,0.06959733011260504,0.12844541706812063
20220707,148,45,695,6,0.08035895703423017,0.05279260898054249
20200720,117,37,649,8,0.04459682069741863,0.14433386291802053
20241106,264,42,478,7,0.11767366581585709,0.11829442442321154
20220709,67,1,477,16,0.1426060693066802,0.06021430740901149
20150924,489,40,132,5,0.14698459751546133,0.05313744218007144
20180915,97,47,194,4,0.09779296418103635,0.1296235282989116
20240425,10,17,473,11,0.08748739280671154,0.12077012232759263
20200101,317,2,726,19,0.11690489829468567,0.056055860642664504
20240515,404,29,948,9,0.023895445348521536,0.07708689863860031
20170301,405,10,989,9,0.08816630411339225,0.055902357379083
20250301,252,30,439,18,0.0898976753315806,0.06717737087078199
20180223,276,7,874,12,0.049847034441034443,0.09076179653215627
20160924,433,8,122,17,0.04876454119345519,0.1014997226237011
20170503,310,46,630,14,0.026756091625780243,0.10025800687439144
20201221,37,39,391,12,0.02157946332502738,0.0770974742520292
20251106,32,15,169,18,0.06977350920982459,0.07539921059876159
20251022,492,9,333,5,0.02049981051590405,0.1472500210186207
20231220,413,6,460,12,0.07928078898570792,0.05994834364843619
20190824,417,27,747,6,0.12972218504056465,0.10130752499417608
20160513,286,19,53,4,0.03789611232769789,0.09794748040470347
20180826,42,42,439,3,0.0902236239312074,0.1302706778645677
20151231,119,1,451,4,0.14742159680413622,0.13785838805757766
20150319,326,42,775,8,0.12649881958243975,0.07714315556176299
20240421,493,47,740,3,0.1368126919011225,0.1310969824198263
20230307,285,21,645,12,0.13690227106026068,0.10681766645438862
20240208,257,18,462,13,0.09913311054887548,0.13707759881340686
20240430,166,5,145,10,0.08903737595511937,0.14838735786025692
20240518,399,16,884,10,0.14262853017685345,0.121544616028965
20220308,185,19,177,13,0.12731076218168025,0.14790259925962643
20231225,247,8,699,11,0.08550793441678009,0.0994299845932054
20190612,175,45,264,8,0.07793744836454611,0.10859003421455266
20151018,432,44,778,11,0.14923580172439901,0.05444547635527226
20220718,396,42,322,16,0.030082824859546917,0.14170321850356146
20240930,291,29,67,8,0.1359629196283146,0.11808910103187309
20150912,155,10,609,13,0.09171847779658045,0.11051865393837115
20190204,308,19,538,14,0.11335239629505107,0.0709744712267182
20220107,308,1,12,2,0.05137778868701266,0.05605184932540356
20210129,46,19,799,18,0.10302046885396608,0.07484578670400055
20240110,331,18,654,15,0.14590848882744267,0.1273010337275089
20150806,396,34,305,12,0.06892618780471964,0.07338385587730663
20150829,298,11,413,10,0.02342210844491868,0.13680710662348067
20180609,300,4,542,6,0.02165174834880045,0.062241966402797756
20190203,161,39,92,20,0.06272125421983019,0.13142005453208036
20200118,371,29,935,16,0.12408922500676539,0.14964474965390184
20190506,73,28,451,9,0.02870912467893122,0.14898269567765263
20160104,347,17,973,8,0.06491149788584315,0.09686268190396329
20171014,205,12,745,8,0.06384005639806627,0.05920486023121764
20191202,254,33,153,1,0.06578307036201055,0.14883511431484953
20180112,322,38,38,13,0.08638143342056127,0.0945934680318406
20160827,95,14,437,14,0.10775957686492293,0.1290802351893468
20250928,25,21,739,4,0.05899542420850834,0.06287016213625227
20171019,173,15,299,10,0.1125411065293742,0.1421214568940427
20230118,406,20,748,14,0.09071190906510568,0.0875895412605995
20170224,268,15,593,16,0.03889597896859487,0.11803814534541139
20210223,443,9,18,13,0.08479283904789214,0.12831599400922308
20250125,373,24,397,9,0.06877353386402305,0.07246065574534342
20180718,140,39,544,13,0.07123486977122458,0.05032978823694393
20160918,183,13,834,11,0.13684755711575625,0.09187681984947003
20240921,5,31,966,19,0.06710117867504492,0.06061059905873609
20190618,237,12,106,14,0.13436131248872624,0.07655740260970588
20171204,11,41,451,2,0.14999761578378407,0.059277061579757456
20200808,361,28,633,6,0.09120760609520527,0.0650955075334845
20191121,480,8,404,16,0.12899398761718694,0.14547633721952208
20231116,429,37,469,16,0.10860930563916288,0.11641366026366481
20181023,327,27,674,5,0.02344273382253627,0.12120049343663317
20180913,387,43,592,11,0.06319976622663029,0.10580806197110759
20220925,264,26,684,4,0.13989650428507677,0.12419729501342473
20190908,190,48,97,19,0.14233103223501153,0.14600833847456088
20190207,339,2,332,18,0.12466411906022233,0.06811945986252835
20180626,487,35,72,15,0.06363486704362116,0.11991595941682583
20190619,293,41,877,9,0.02987724228811823,0.0956284729938828
20210131,41,11,530,13,0.12190851862953915,0.0799034420724761
20220407,4,30,595,14,0.10478980266555582,0.1345240177247795
20170810,11,27,371,15,0.0325508113260712,0.13836097720034185
20230522,132,10,611,6,0.03940379417120124,0.14567954698199675
20200818,153,26,21,11,0.12101287774427451,0.09758804792869424
20240329,95,37,251,12,0.06348611631214199,0.140427221628987
20210306,265,23,549,17,0.06391173975208803,0.10632284423165292
20160909,164,44,343,7,0.07268371550439619,0.10810307381225523
20210313,476,30,281,6,0.1398307375291721,0.1385149365734802
20191008,291,28,324,13,0.0705542870393658,0.0822750461378946
20150813,473,28,206,9,0.07760983362115886,0.14388421079503946
20180307,122,30,951,19,0.020604666223657312,0.1211799760625717
20190224,246,39,224,1,0.10756399295818939,0.14986500846650735
20170305,236,25,142,8,0.13927078482558886,0.08508579236932977
20220213,140,1,338,19,0.0669014976591518,0.11783010719320094
20201016,111,38,276,20,0.08518238426825617,0.11228827115064254
20180425,134,10,830,20,0.08190860957759809,0.11611406357327927
20180212,124,7,7,12,0.14938978286558197,0.06689631269108372
20180114,223,20,372,10,0.13838749156264404,0.14342753698181065
20241107,249,28,507,20,0.1207406854995463,0.06798326806644724
20200208,335,7,888,3,0.0723081756398469,0.08785227952453611
20150626,455,11,173,1,0.1437189874770087,0.10187276140744994
20240718,471,21,145,11,0.12507672453071222,0.05649802092464521
20210914,44,18,845,3,0.08396861105744578,0.1120981291492613
20221202,389,24,857,9,0.024391898554497457,0.11459433287667659
20191031,270,12,362,6,0.029308786037899378,0.10176782838506146
20220919,355,49,419,19,0.1306951329329774,0.09867931372730768
20190905,37,40,311,20,0.12119740264875048,0.13572853156429354
20240425,479,2,808,10,0.023861358280048314,0.06330586120723508
20230217,379,47,757,9,0.027630518005670533,0.09167887425943311
20231217,486,8,640,7,0.13395118141545015,0.11557371384718103
20220705,88,28,28,3,0.11074134451359627,0.08552724070585296
20250701,286,25,660,1,0.046729618637771836,0.10428615790583876
20231012,411,1,188,6,0.028626864565096985,0.10328827260315229
20151228,2,1,524,7,0.10344837129759095,0.08013646635451745
20220825,43,39,433,5,0.08200403101129473,0.05058311361210133
20160225,386,29,842,7,0.11739762926130365,0.13800947276976888
20200318,426,40,613,15,0.032269201189951156,0.1440703591572026
20170307,309,3,594,5,0.12154830854886677,0.13871413605554728
20230405,12,44,173,7,0.1441329596880338,0.10151826477246659
20180525,249,10,943,10,0.10907419962402504,0.0703999277645921
20220908,55,38,867,4,0.08252719072185634,0.12323310902164038
20200224,170,37,170,16,0.12292849216697088,0.06675130492328017
20190515,32,10,79,8,0.12744581375551892,0.11787826638795022
20210505,188,22,748,7,0.056582957089009456,0.10055421867033114
20170315,61,12,86,2,0.06285005758380482,0.14957167037922792
20190915,125,10,441,6,0.04042629809747812,0.10686129058734992
20220706,137,26,551,13,0.025152926271711874,0.0892020678038413
20180922,58,18,530,18,0.02253214972560404,0.13805515215731157
20180321,444,40,319,7,0.08857145618664201,0.10004904048296691
20251027,292,12,828,20,0.14353983017281263,0.10484655398037768
20170325,263,8,378,11,0.1441737571542705,0.061297833777944545
20170923,352,27,834,10,0.09629547951176416,0.05659366789159673
20190910,48,30,622,4,0.13506134088977992,0.12084166590126445
20200808,213,40,540,10,0.13097163989084154,0.05842021177226231
20210426,442,18,339,13,0.029924601961119776,0.07372836900732022
20170915,111,46,851,17,0.022455126484426102,0.10544423185979396
20191215,275,16,285,13,0.040056094822769894,0.11824304856529815
20220429,249,11,661,8,0.1125023671643579,0.11231923087885703
20241121,355,39,68,5,0.05786607141427315,0.050947130476548454
20171119,318,8,388,7,0.04605531698512339,0.08298686370335598
20170106,118,38,118,11,0.07712226666734,0.0830486871447412
20201219,2,13,376,18,0.044265259842293826,0.07343567124691108
20180621,243,42,508,14,0.02965752712253287,0.14198702816477496
20190118,471,45,931,9,0.030559067742412793,0.05409302704561541
20180808,317,45,962,5,0.13493371851682567,0.05838258117848302
20160105,338,41,128,7,0.02488144061139308,0.05177989541424793
20250223,30,44,851,5,0.10434861752589217,0.11196358336564757
20190112,3,30,156,13,0.04066994391704834,0.11942705767416485
20211206,31,19,65,9,0.12264119963746964,0.1336003256470053
20181118,237,6,414,1,0.10504044301703666,0.12971439663727857
20200104,367,40,403,1,0.0462456240019671,0.06209691480860063
20190228,214,37,872,16,0.10750464689957595,0.07843110176903664
20200112,431,47,103,3,0.1349289270633565,0.05058952284312869
20250827,264,11,70,9,0.09251947199398673,0.1492623813408866
20150420,205,2,942,10,0.03507100027701428,0.08350370425829583
20230202,254,33,328,4,0.14080500712884456,0.11830905178975601
20200307,176,28,848,13,0.06969544653876984,0.06483005138689871
20241204,417,17,28,15,0.13742197125901667,0.11966267779113356
20170523,213,43,182,4,0.1397420170397632,0.10585459975563971
20250804,44,36,309,2,0.11296272964485388,0.09042392918891105
20160727,116,38,796,16,0.03371210382514763,0.14347457821228787
20171016,32,33,615,6,0.13789887077739843,0.07719955999090373
20190215,209,47,116,17,0.06892283284638752,0.06596088407833019
20161013,46,37,730,10,0.05212102787183803,0.12189475783160819
20251226,211,25,252,12,0.07593480186688124,0.11539667781178518
20171130,122,37,539,15,0.04647623644795924,0.12753777589859563
20210803,52,42,688,18,0.11423661029966271,0.06299294730300795
20231118,408,32,429,2,0.07978480724714183,0.05933758532220034
20250622,30,21,93,9,0.0973305713729788,0.05084557508405524
20230910,462,5,908,14,0.0379992661767135,0.1306476868417445
20190602,446,21,450,5,0.11469766470165925,0.10679614032328955
20241221,402,14,686,18,0.145378249580452,0.09290626317005124
20220927,104,24,42,17,0.14370729260640358,0.11922879495445309
20240320,414,36,888,19,0.0229948969961097,0.10883643333445396
20220322,329,12,535,19,0.054971417346358464,0.0707454362671934
20221214,228,4,240,10,0.09594885798323136,0.14753927655824295
20210208,439,15,613,20,0.06541564449323137,0.13657578341982954
20170830,117,44,194,6,0.14948983550434333,0.06384717960500788
20240620,350,4,44,18,0.060941412799495,0.10959820685857127
20231016,360,3,224,10,0.14100585841009539,0.1098247002697961
20230124,310,50,169,4,0.042537667263089274,0.05253051205950472
20220513,25,35,999,9,0.13898517515536898,0.14161178527165197
20160514,32,22,777,5,0.04852065335174963,0.1002200145972881
20230519,392,32,413,16,0.10526893267572432,0.10138999764512507
20180425,227,45,947,11,0.043570775711325574,0.10961864141232246
20240614,45,50,806,1,0.14308413599012368,0.06412975943579544
20240716,327,17,779,6,0.08827203542637237,0.11335144000869826
20150517,419,39,353,9,0.06723447413947706,0.06319804865975612
20220720,332,32,184,17,0.13483228226859245,0.12558428231258
20160223,448,50,976,15,0.09884294756260983,0.06520798443188405
20240317,102,4,367,11,0.09453228858448795,0.11627198207884906
20150924,13,7,742,1,0.048849308960711546,0.13798054646034402
20150517,173,11,157,18,0.08523917808600738,0.06109993230630483
20240512,301,50,852,2,0.07566575259398074,0.11699404667710372
20150717,377,29,785,2,0.14722525360906716,0.12951329528438754
20200813,186,42,778,6,0.10818977073479416,0.100041200336805
20150215,163,5,308,10,0.13854015640160147,0.09491014600754769
20251021,93,16,484,3,0.054569855340929285,0.11778975550593786
20181207,294,4,642,9,0.02343704765654235,0.05645474794466
20170914,342,14,171,1,0.09016093025225501,0.11426103431646727
20151229,226,3,16,18,0.050507724994675984,0.0978904006100445
20170521,300,8,141,1,0.025575453359198898,0.07855565531317218
20180705,272,7,577,18,0.04790915219823656,0.09557230884724979
20190911,431,25,203,15,0.09097958952110799,0.11224462551392227
20210723,335,45,576,2,0.03916630331870541,0.07168440142292505
20190624,450,47,402,15,0.13468038336721996,0.08114019724607957
20220724,15,46,211,8,0.06685784111339925,0.0660565841035097
20180525,197,33,685,6,0.06696990968173144,0.0837642475836766
20240822,125,42,270,14,0.06709898479170853,0.091627960342796
20180816,288,46,572,1,0.10891404643938235,0.1326418044757498
20181122,15,25,560,4,0.1262726666492348,0.09062057388653003
20230506,40,22,872,14,0.0834573927873422,0.06597563286512656
20191108,108,44,126,13,0.12102222780692522,0.05048200169950267
20160116,228,21,651,4,0.12818447099163105,0.058319501456334515
20200422,422,30,886,16,0.025523113712578087,0.10866808110437301
20250206,493,24,360,11,0.06925061765323307,0.11153320368457217
20211109,443,31,269,20,0.06430087343466406,0.1100985684742532
20150319,51,38,485,5,0.08018285729928566,0.05117714722641127
20210124,464,47,511,9,0.03441333247747157,0.14891603892061175
20200628,425,12,656,9,0.10338809241359287,0.09748365472795743
20200910,117,11,772,14,0.10003476342848619,0.13575840591660288
20190927,398,13,388,7,0.10748691678374737,0.1231519127883876
20150925,63,13,42,8,0.1346058377780059,0.056140108925522306
20190125,252,3,207,15,0.055864518207714736,0.05864923492637482
20250202,303,29,478,14,0.06455117262380689,0.12081410054960239
20231028,425,43,810,14,0.05067760707036928,0.11902673633981764
20250605,206,7,697,4,0.1158224553756612,0.10523058065493676
20170517,329,32,904,12,0.09435794549233453,0.12738280592310336
20211222,96,40,956,9,0.05129183895498128,0.10090483663435895
20200816,474,44,423,4,0.11993586759960054,0.10515607837473112
20230506,212,50,505,11,0.14460606787260655,0.09430461526946887
20230817,126,21,293,11,0.056741819986209405,0.0526879436643994
20201022,446,34,558,1,0.08895236366167213,0.12681898741762904
20190918,263,48,267,11,0.08760562058109382,0.14439603184562316
20211004,183,28,506,15,0.07194048543375928,0.0717685229349037
20210703,231,33,465,5,0.03673981673696684,0.09203207380881576
20191223,249,17,527,5,0.12766831235111997,0.05712853799764922
20170201,60,30,890,7,0.03313920556231424,0.13974743951215343
20230131,390,27,567,18,0.0462757600424857,0.13041930103909896
20240131,494,21,548,7,0.10182752957645348,0.11751294911827216
20210128,104,30,165,19,0.07148405276113172,0.08646648444722813
20241127,45,15,308,10,0.09312831275014895,0.05830965336937338
20150906,370,35,175,18,0.13936119445440742,0.051637659093958205
20221217,240,42,834,7,0.1461723718711824,0.08296540983002607
20150430,295,32,514,14,0.12466460711919795,0.13113902883053674
20210906,296,6,773,6,0.0523279874270203,0.10996982922146573
20160507,35,23,724,12,0.12123358071046968,0.126590912068489
20200320,381,16,40,6,0.062424533172813795,0.05937084353170541
20161130,406,37,808,6,0.02962606848710756,0.08234342389188408
20151124,72,24,765,8,0.09378568593985091,0.05643404553325611
20230716,76,34,4,14,0.05361409602075343,0.07308311295614878
20170131,320,8,726,11,0.09607829417415213,0.0698638667896052
20150923,434,27,775,11,0.14762294727029524,0.10793598794485695
20220827,164,7,150,15,0.14792786298648167,0.10279420465198538
20240101,342,23,145,8,0.11031183605494997,0.07518794373145446
20180528,260,21,462,12,0.12002777103418706,0.14450173289993368
20190821,342,11,135,10,0.11893531842808361,0.14512936890249356
20160924,250,26,804,3,0.043342305291846454,0.13457151003063264
20250423,376,15,371,9,0.025763785397826106,0.08311583408690748
20250510,352,3,907,13,0.06368854342030576,0.05343863333591195
20170115,338,20,702,10,0.027282117656587727,0.08192921915306427
20240214,238,3,299,1,0.12258812441940373,0.05105662007250919
20211201,204,46,991,16,0.11604749377483027,0.10723621555338667
20201003,195,13,909,17,0.1474358523951122,0.07090759104812609
20190112,449,27,222,4,0.12892551139984665,0.09031110391106797
20210318,197,47,807,14,0.08260682328523891,0.10010519212081617
20160719,429,22,852,18,0.06056807841796656,0.08605964709563987
20191027,330,20,404,1,0.08222577863153088,0.1151688250894294
20150713,428,11,711,12,0.10414850077028058,0.0545545453401108
20200126,487,5,435,15,0.06728655435571047,0.0861902167195975
20191210,285,26,980,13,0.03562856779225808,0.1347805577664058
20250111,142,45,502,1,0.060429608294070306,0.07297752261451487
20220829,263,17,673,5,0.13324624370654364,0.06141730259311787
20181218,385,12,60,11,0.12879170190842154,0.11803522208930228
20210130,211,7,768,19,0.04685174764532462,0.11385759755276649
20190317,408,48,339,15,0.1322381141395013,0.10366918624072308
20241001,490,19,68,17,0.12771762792204905,0.07816753774639992
20210825,117,29,23,18,0.05384478444901067,0.1401917726583728
20190207,188,10,327,20,0.05478740248347347,0.08534798749173841
20220225,202,46,583,8,0.06492555963855137,0.0742428831867594
20250417,261,14,259,13,0.06757649819185892,0.11985020819328
20180511,451,2,221,18,0.05345708958165829,0.13283349666853145
20190920,389,42,399,2,0.0661125315632514,0.09097053075922733
20160618,408,21,640,8,0.09710029492090387,0.058917303914545416
20150621,244,47,497,16,0.048763308154047544,0.11474937952145182
20250713,477,29,287,11,0.14015567165851783,0.09504862613432619
20150616,495,33,231,5,0.06082189992883248,0.06949926324973385
20220925,28,26,289,17,0.07547270288285142,0.11859199785129446
20210929,386,28,149,8,0.10186474632327629,0.06975725985526399
20211015,2,9,270,1,0.08962566863303022,0.08347659255934489
20240707,457,42,938,15,0.05150156466145252,0.05396019403578633
20211208,45,43,585,4,0.05959959037473091,0.08664279225885606
20150711,255,29,643,10,0.10353868199600759,0.06252691485027778
20150629,240,39,525,13,0.049848618682278675,0.1384205145320289
20150913,281,34,845,5,0.04201739216646833,0.11273990351905029
20201127,497,1,771,15,0.13040941706007414,0.08207350398300838
20240326,71,6,447,10,0.02050659631424948,0.13787549787777037
20151112,331,21,997,6,0.07798350747885532,0.09362495556597644
20230315,33,26,96,18,0.07720320013603109,0.08253238462258176
20240612,339,40,529,13,0.05090832968018469,0.0877743284951862
20240929,322,7,453,2,0.12723697905369574,0.11736100054050759
20150321,131,34,880,3,0.025815215167434562,0.13973637035453707
20160421,69,8,294,9,0.03508385154259908,0.05340244221644655
20160420,262,28,543,9,0.1057313312504717,0.06306754100205872
20181215,426,38,132,15,0.09718285213614458,0.11179096413314984
20160430,219,47,245,5,0.11832018944849529,0.1306375950365068
20211003,142,50,247,10,0.05112816539169768,0.06342427110874568
20150117,94,50,824,12,0.10703068877632564,0.06754538299310434
20150912,211,41,901,16,0.02409006317659926,0.06434013157097954
20180207,3,50,129,18,0.13141086702853996,0.14110904322304463
20210420,217,4,129,17,0.10712728253379272,0.12520151174231475
20211030,407,18,676,11,0.03119573567192619,0.13021717200016342
20181030,421,31,408,3,0.1010012874034532,0.1395962945930227
20180408,211,13,173,15,0.04544666021173352,0.09220249235557068
20200220,305,30,610,8,0.0923934430165972,0.14794660405866206
20210320,383,41,599,4,0.03719355678045068,0.05548216644006129
20220817,351,29,776,10,0.0579021605178974,0.06952518594389276
20230827,86,21,784,6,0.027476769780119155,0.0843091091574558
20210207,417,29,159,18,0.03799722852953902,0.14956962264822812
20171221,82,43,794,8,0.07144092358649554,0.1336755412433338
20210816,286,31,577,1,0.08801364501399676,0.10899316225289427
20151218,338,35,489,1,0.06867299418921145,0.0974379466195367
20250607,199,45,53,16,0.12323215713000976,0.12123902737134691
20181027,151,42,536,17,0.1137392295003518,0.07524520865770942
20150312,494,2,729,10,0.1329189118420287,0.1399316889218134
20211122,60,28,57,1,0.14396212185955304,0.13193065120610276
20240725,178,33,398,18,0.11351379503863059,0.14062070481157446
20210703,15,13,657,13,0.050446938591402146,0.12985153377868935
20180314,84,14,22,6,0.06840773420890789,0.14174576350326892
20230927,387,28,567,11,0.094509367809986,0.13355277182471953
20211006,294,42,669,12,0.09943540129536546,0.09513703713348075
20230606,194,7,221,17,0.14329374842097958,0.13353807638244986
20211210,110,17,475,4,0.08013793571294314,0.09851508999518827
20200220,102,31,436,12,0.08197656089975523,0.14584301692425555
20181220,7,28,362,18,0.03319937190884242,0.13197792085900478
20220329,297,48,872,12,0.022658569001940358,0.0797915596608262
20250531,259,21,900,10,0.0207565317894268,0.09626476590481156
20240515,453,4,309,9,0.05531310165161547,0.11691538680281711
20230530,452,18,197,3,0.03879239815217783,0.09826941973581033
20250301,409,5,942,12,0.05777059058561311,0.05587754011952757
20230109,40,24,447,3,0.10539919940624519,0.06188479508980998
20220612,18,11,96,14,0.05499271039706531,0.12215600583482149
20150221,376,36,207,11,0.13233461167752592,0.08583424077829929
20230910,188,50,51,5,0.04571648886343553,0.13161399548959407
20160827,52,24,350,1,0.0874369667147395,0.08654880269045179
20160406,262,15,861,9,0.05739778231476912,0.06998004950811304
20200305,360,46,414,2,0.12037551136885168,0.07139297395739927
20210315,23,30,153,8,0.12094763762129272,0.10136054856750802
20250804,16,36,529,9,0.028812988758733685,0.1328315567878035
20150206,262,30,409,15,0.14245461145521535,0.13373807706338636
20170221,361,42,567,19,0.14521136709501883,0.12986067378255775
20240930,239,3,933,8,0.1110208916640248,0.13110134502022963
20150219,164,1,29,7,0.11894398067131072,0.10991787840567663
20200202,494,8,860,20,0.11311376580830149,0.13933519010156548
20200415,344,18,889,19,0.11338118067950233,0.08100690561390539
20230311,367,26,706,4,0.030485613288008778,0.08644329338231514
20201104,404,3,489,4,0.10228978026595757,0.13442635163008354
20190630,158,9,605,7,0.13983415870552204,0.09118274614475319
20200202,81,31,221,19,0.0962632407616782,0.08891970301884125
20181114,462,24,956,8,0.08440794707646558,0.10780736129817586
20250720,134,50,568,10,0.05439847521858984,0.1002918670349813
20251212,350,20,362,19,0.14657759975106577,0.06767178982182546
20160803,50,47,435,4,0.02177109076366139,0.06227115313809648
20220522,419,14,612,17,0.023136911793009023,0.11081852860533645
20220401,363,9,68,16,0.02432442916338712,0.10813641765027936
20160407,141,10,985,11,0.052582447286301376,0.11660917749242146
20241011,120,27,344,4,0.08585192680805946,0.07960414156619666
20220425,86,47,900,7,0.1129143050931898,0.12626575806113197
20200130,265,12,675,18,0.051274005307122256,0.053053521821154095
20240414,186,18,669,12,0.0842936748311838,0.10519334828931534
20180702,19,44,711,19,0.038575655164061924,0.08545131467124009
20170209,173,6,944,19,0.10814925761043567,0.051727446891467556
20210522,496,28,163,14,0.09867050379813969,0.12437867571578984
20190613,400,33,857,9,0.06328357493702867,0.059100653649611014
20190915,452,12,10,20,0.06864825119043916,0.08113452381616564
20161215,464,44,854,11,0.1443158565055581,0.07073133170187038
20251009,425,41,638,10,0.06232706663260637,0.06291886300854316
20180122,208,24,978,4,0.12789102297883154,0.10461216699904777
20210127,164,7,299,5,0.1281407023013934,0.06670086496182347
20210724,178,21,519,3,0.06408677499646244,0.12882488265083175
20180627,164,9,805,17,0.11818954177356437,0.05516724184046332
20150724,16,19,325,17,0.09511251797104861,0.08645741825198752
20240630,221,31,980,13,0.12733440001526525,0.1382920903022002
20150311,152,22,257,3,0.11493822392459431,0.12169224032731592
20221228,363,41,800,10,0.06305575002293522,0.05604356907875018
20191030,432,10,391,19,0.12935044686924754,0.09960105169953923
20150804,170,17,233,11,0.036094125224272605,0.13344757085953635
20230912,231,14,969,17,0.08369203175429035,0.12736686773999567
20230616,85,46,326,13,0.09589505918400767,0.06247815122987979
20240131,41,48,937,2,0.11440068712379801,0.14354639868237606
20200922,173,50,860,20,0.025358776541108193,0.06599272992254088
20250123,314,41,609,12,0.027024238440798164,0.05852496938510748
20170930,316,27,435,11,0.05706480643755525,0.12480378412424105
20161006,84,41,446,9,0.1265206605766892,0.06579940301043907
20150723,308,19,543,18,0.0661148833044701,0.05832422846083542
20250531,147,35,941,1,0.06492228988612818,0.14079831515530447
20190410,448,16,464,15,0.0390610377670768,0.0646929889997224
20151012,220,41,245,7,0.12170034718874854,0.061104806787208726
20150102,308,42,135,2,0.05273555529729197,0.1122114297596972
20160531,156,26,588,3,0.05479822514226512,0.09760899664390543
20250905,443,27,736,1,0.10045588108583235,0.08671278397715197
20220730,274,20,482,20,0.11979359830265562,0.09892645450706719
20170515,231,14,873,6,0.14666700916606068,0.11838339183205521
20191022,356,3,511,17,0.12599062151549753,0.12800969515847269
20180218,410,40,235,7,0.1459176038088497,0.13481540127376906
20210309,488,10,919,18,0.04827763629067705,0.07794308474590524
20190821,84,7,197,4,0.06786446920792695,0.1140852921142188
20230316,407,39,384,8,0.0588962437607464,0.08579000369839386
20170424,222,50,197,10,0.11388786095052157,0.06116846197962572
20250711,169,3,973,16,0.11147140748399562,0.08945211940156388
20170406,392,38,351,6,0.13882863584271088,0.0913781594866174
20221007,472,7,131,6,0.08729450933073504,0.06263512920888772
20240102,85,37,203,7,0.13137098364135982,0.07233178631461225
20151109,393,44,868,8,0.10912430153728916,0.12054012896875284
20230906,93,10,339,14,0.05708822035053099,0.09325854153521006
20210427,54,8,18,4,0.03844929394966973,0.10935574800568881
20200520,240,1,718,17,0.06741299038067211,0.06394971285784681
20230212,135,30,753,5,0.022889061573811896,0.060784090938479286
20170129,268,29,269,3,0.09543831317863763,0.10900593150028953
20240629,193,5,402,2,0.06572811256770406,0.14707350421128668
20160711,144,41,799,1,0.06589851967632765,0.06750008944831788
20241130,116,25,49,4,0.04454544644518495,0.1441363189226315
20220331,43,40,327,11,0.14453421579112058,0.053385648693734515
20170511,114,11,407,2,0.06991312209598918,0.07272299786422406
20211230,111,25,818,17,0.09793141871848096,0.14569298852401796
20220708,37,8,756,4,0.04437554318033936,0.14343013591563847
20230711,39,37,986,8,0.05357664564579029,0.12738042325758633
20191013,435,39,664,4,0.08751666100504246,0.1388925055598765
20160807,275,7,41,13,0.04301122891783649,0.05813707813243993
20201122,281,28,945,9,0.08764034172275789,0.08530450640063542
20230414,33,39,107,20,0.13091873603305756,0.08568196185802157
20251017,190,43,284,11,0.04864148036683567,0.05884452071411701
20171213,500,33,766,6,0.08714013139062275,0.10797059359406852
20250728,444,26,982,7,0.08115126131598413,0.11999666257263883
20210323,316,3,321,13,0.11360245380103642,0.09004680358953475
20250225,393,9,61,15,0.06915515304098194,0.07834700926908926
20230611,450,49,307,11,0.12716920307765978,0.1006020924031836
20210301,157,19,128,5,0.11313982314651154,0.12693504751275794
20230812,250,44,341,9,0.11961394383014144,0.10682015978078024
20151123,57,42,53,19,0.07726526078597908,0.06988171383129035
20190314,288,18,967,10,0.10044796440662034,0.10582687027768803
20220528,43,7,277,15,0.0424533031854734,0.11527878540969949
20220217,183,18,911,20,0.09037639520921852,0.11073920689877974
20171115,98,34,935,15,0.054781739788973244,0.13597827542407182
20220306,385,28,354,15,0.13308678027365373,0.07641765999074505
20210914,401,38,758,10,0.11712730837033347,0.09898467898784163
20240403,338,28,665,20,0.08614810197102493,0.10104776736254777
20240630,415,32,574,13,0.12197544607904572,0.08979506260634643
20220717,67,16,450,4,0.02417629272998461,0.1400561748390462
20161204,309,16,280,16,0.12430549688522115,0.10689158178595787
20181222,247,40,541,2,0.09252353439436875,0.1441826890759611
20230315,10,16,256,7,0.049446618214449775,0.06315892548627448
20150916,149,32,598,2,0.14927714113512977,0.1453484654942941
20171014,481,3,900,18,0.07945801634312145,0.06963600583130261
20190826,94,2,603,14,0.11014727866099489,0.0784559390449487
20220219,183,13,327,11,0.11414325830487058,0.0922340347832036
20190428,342,11,733,18,0.11849547093796291,0.07731206749826826
20190816,341,12,698,10,0.05852219516928918,0.08770261093871037
20211029,383,11,665,2,0.05771074347596056,0.11804915223984283
20241206,283,43,38,9,0.1320959483353383,0.1209145603124722
20170625,486,47,868,19,0.14120943819366372,0.07095701308425358
20250704,209,2,894,14,0.10831944556850573,0.10574561629652307
20160628,5,23,297,7,0.0614384311914615,0.10023404140190138
20210510,365,45,844,19,0.053608649645868464,0.14505723668140688
20151008,286,9,313,2,0.037720252310618776,0.14851722509805892
20201016,289,15,127,10,0.06892490647132414,0.07490553611156678
20200906,485,27,23,3,0.032815875442348985,0.1087414780491948
20240626,13,42,652,9,0.10208465320783526,0.09814798802608588
20200118,209,38,710,19,0.13273210164845434,0.05266936121881886
20220528,394,47,844,17,0.12574201943578944,0.13110142814744818
20160421,167,35,88,1,0.1451808878380531,0.05948200729262183
20220609,25,1,141,6,0.036815909039255273,0.1421558195027957
20241201,304,21,941,3,0.049737329827045665,0.11768231670037978
20230319,282,32,890,10,0.07258032779992923,0.08943568373411169
20190519,131,21,129,4,0.04249845366586101,0.1430402778226696
20230117,272,46,610,3,0.04525274799350589,0.09557668904052652
20160221,328,20,314,14,0.06601327586773943,0.14235255095024102
20190215,73,39,147,18,0.07495529037102067,0.09284913914094438
20200609,234,33,742,11,0.037157769861276745,0.1232648421512752
20220629,500,5,19,1,0.06081287809769799,0.0879794516980955
20201011,40,24,382,18,0.13874586093754826,0.1402282600982936
20231116,8,4,925,11,0.1031633577882478,0.050732542485111845
20180418,277,15,95,11,0.028279316236842402,0.05311753063711525
20191022,128,15,633,19,0.0654815785419657,0.065110927518726
20231123,44,6,760,8,0.09845284531917521,0.05677409767881056
20220923,141,45,574,13,0.1303101958007851,0.10511863330648852
20220303,98,25,967,5,0.11895628344694233,0.05967801928154425
20240208,485,33,815,20,0.07391663652638454,0.12877573421039668
20241022,6,9,970,1,0.02333644126750013,0.09611085423669682
20180808,84,44,866,16,0.059565780051738876,0.11920036807041325
20250420,216,42,651,7,0.12325050434691741,0.08977873443653016
20180518,139,21,594,16,0.08761283540857671,0.1390692019778853
20210626,204,47,529,11,0.10303201969287677,0.07485856287551801
20220610,113,16,480,19,0.07223091311109484,0.14893827755720823
20251003,324,3,247,16,0.07684612389573063,0.1075902079803667
20230515,202,30,696,18,0.09260178697356519,0.12134851490250095
20221207,393,5,345,6,0.12197226169549315,0.0916382333629071
20180502,186,4,176,4,0.09116905529866527,0.06351345841719366
20240222,331,30,651,20,0.09992136887150346,0.13119077890900616
20210202,441,12,804,18,0.12362793249818985,0.12443738321652198
20251002,145,45,82,6,0.10384175262627347,0.05184269122611314
20180124,487,42,424,1,0.1250989799920926,0.05565725398719227
20180301,178,5,980,4,0.029755548355464696,0.14149785094661063
20251209,470,22,784,18,0.09253981457718634,0.05627665685353681
20250815,116,31,308,20,0.14853092868027895,0.06615094512689926
20180610,35,49,825,6,0.13503184733132698,0.1346342992392143
20210211,392,4,837,17,0.14365570466588382,0.05387928069670658
20190809,116,5,941,17,0.05006097228941612,0.10149092247174402
20190326,158,18,411,10,0.02495314559976659,0.12699051678472179
20150803,457,11,525,3,0.05978573197664361,0.05082887299359282
20170507,87,7,634,12,0.022301808156807473,0.0799161313509921
20211227,256,40,689,14,0.11015766028403741,0.1049499039931886
20250809,116,5,643,2,0.14324942401877117,0.14597943136713398
20210620,272,49,690,20,0.12396084502265527,0.12666895201415007
20160318,62,46,301,12,0.1000323509650928,0.1352898673793334
20241014,88,32,19,13,0.06100895307688815,0.08828141341893331
20150718,60,19,905,2,0.034393620329661465,0.1329092881507571
20220225,177,39,527,11,0.0853527957285221,0.08616676603095982
20170420,56,29,770,12,0.07543443854293404,0.10463358531076777
20220615,238,44,527,7,0.13675675229204853,0.10806395222782175
20190601,241,47,336,5,0.06350413877241629,0.09786915822469966
20251023,48,45,860,6,0.0889343198113508,0.0511797503127361
20240626,260,20,848,16,0.11098538062789481,0.05620117375054073
20171003,44,7,397,15,0.09095674082750418,0.07344270129478343
20170113,461,42,135,16,0.14607646671526867,0.13772115496704068
20180128,436,39,629,8,0.10879209548724458,0.1038165952336014
20150216,175,3,138,16,0.0975270697759402,0.10403823384046673
20150521,381,46,832,14,0.04764426096374151,0.08247105008897372
20150303,248,46,479,9,0.13417085158047454,0.12053774724592133
20191005,484,25,822,3,0.10633136376719914,0.0810063014247454
20170403,122,31,171,9,0.11373472070770795,0.05802527115664875
20180113,219,31,335,17,0.02460163506380527,0.05617697777683191
20220425,232,40,723,20,0.03865363452298151,0.08952658698527419
20220611,92,45,624,1,0.051560694731774034,0.062230838761345636
20210731,381,33,565,1,0.10087560817634682,0.11465056316489265
20210131,433,31,199,1,0.1261911515560207,0.11006279010563336
20170822,476,41,338,11,0.133009380095525,0.10882286156061047
20160727,441,19,295,12,0.06761513024931544,0.14539724428342726
20201111,365,26,505,7,0.11304055570943995,0.08468476774133676
20230410,443,36,4,4,0.0798151105376864,0.13647928766558043
20160322,313,13,897,4,0.0809705875056633,0.13658534937134875
20170222,112,1,501,14,0.10042062979150863,0.05155819501427165
20190214,11,13,122,2,0.13888598414670952,0.14359408655081196
20170309,374,35,189,9,0.06268958442174856,0.14550622423284326
20200722,157,23,424,4,0.036928977533091045,0.10869301535122892
20170311,432,43,303,8,0.042929275917955076,0.06707260144413836
20160702,288,4,649,17,0.14332691370719716,0.12072057059242144
20200212,273,29,476,13,0.11792745818710361,0.06101554309724189
20171023,455,11,593,16,0.11500318601566689,0.1368559959698256
20181217,2,35,993,4,0.043546575367104726,0.1327029731603444
20150120,55,16,832,12,0.05912865861721499,0.12824351347175733
20190226,471,3,388,1,0.12015613684736098,0.0612989822994507
20250111,210,37,898,3,0.1098921333101793,0.08193641949235342
20170527,380,28,257,14,0.12516915692708802,0.0800325883830057
20170411,464,33,222,13,0.13939603189319977,0.09052301182443331
20150406,423,12,109,14,0.08562855947612007,0.07697804822418201
20220922,222,46,885,12,0.06377866946810255,0.08931024445201967
20170509,103,41,298,7,0.13320352974652194,0.06040547241493639
20160414,253,48,586,8,0.13418960401055482,0.08725114659051152
20240824,174,45,505,16,0.14529730394863571,0.12634363559069384
20200104,382,5,386,17,0.05887649369924543,0.14486306082496614
20150304,149,33,829,18,0.13406159431465806,0.13320826024031934
20240114,36,23,695,13,0.09399569537159139,0.09023507132417331
20161226,456,7,218,3,0.062020723373318126,0.07904603250546957
20160104,401,33,511,19,0.055263204145468495,0.09986833458229277
20251101,191,11,551,11,0.03847044583603601,0.1230623955089255
20211223,297,45,649,20,0.04514063726528347,0.05375130611204687
20150716,284,33,333,10,0.06763595483484483,0.08670405861820871
20180723,101,48,710,11,0.02313504531210585,0.05769675114743287
20201221,312,45,483,16,0.028766241320502164,0.14875202818868294
20230405,404,47,36,14,0.06867515859527976,0.0737479754466556
20201001,492,36,646,4,0.13835717214994228,0.05670700257884335
20230918,390,4,429,5,0.031103373401763317,0.12713167270819709
20240528,265,46,404,16,0.03445589045646198,0.14428889250320975
20221112,341,27,792,5,0.04568426280754728,0.12190064147771797
20211211,270,21,902,17,0.12528142607125944,0.08866463097910876
20201010,76,4,588,5,0.09331454475691968,0.07374357336769886
20160302,71,11,926,18,0.05734836992237875,0.10006050131482097
20160609,380,23,181,15,0.11870111710246262,0.05907316121152705
20190829,85,9,89,3,0.06490900721478467,0.05744402099326429
20240201,97,11,710,19,0.06240598162089574,0.11335071468583774
20200802,239,12,736,16,0.060209959944315425,0.053161792702927806
20180318,134,23,502,4,0.03187461295535206,0.06458443981909784
20200422,361,41,690,15,0.08982901975436172,0.13643689782950225
20150311,457,50,48,14,0.07229537524420317,0.06732206586859378
20161025,307,13,728,11,0.10633398012388902,0.1417238432403459
20190106,252,43,149,8,0.14346006151758997,0.07999038336557009
20160302,17,32,364,7,0.14591467932958194,0.08862663804667241
20181215,407,26,423,9,0.12077245150898176,0.14380460941277656
20191214,340,12,877,17,0.13888913636095743,0.12414030932006999
20240203,226,4,279,1,0.07000066127414087,0.09522931318015493
20151029,173,7,525,17,0.07787193113996096,0.1237265783284525
20180924,476,9,232,10,0.09655890370455064,0.14981810944130192
20220804,333,9,71,20,0.10870906669100833,0.14670341671542042
20161127,308,7,254,6,0.10542348201958654,0.09944229069559402
20180822,424,34,157,5,0.08461860361652794,0.10220555552756638
20170803,419,13,54,19,0.060799738609876225,0.14112187530228065
20211224,307,34,194,13,0.03557165324291846,0.09592999174308944
20160101,114,29,14,5,0.08690778981590232,0.09594828112844281
20190214,406,18,823,18,0.023434974696005074,0.06678147701435824
20240420,75,12,110,8,0.03427667780272092,0.05309909543250679
20191119,395,17,53,5,0.12275729072248817,0.10220366902272743
20160126,329,29,875,18,0.03796939843266757,0.0821791880947707
20170124,46,48,47,15,0.05950832957004151,0.09801407005074933
20181001,264,10,440,7,0.07434467244212248,0.12874890499806393
20251029,338,38,144,8,0.07186266605937647,0.10301638353097795
20190107,5,9,520,5,0.08343976843572105,0.08523413880909954
20171202,472,44,513,8,0.036980282195301736,0.1308977447416887
20200807,33,8,600,7,0.04713454860752517,0.1084989766687059
20250912,109,38,270,2,0.08871478463603578,0.061512317975632363
20180429,199,20,445,6,0.12258591344120859,0.1302232721320955
20200502,475,37,951,20,0.14841923739848414,0.11389837842484993
20201226,453,13,819,10,0.04214040488002876,0.11536610551777315
20180716,7,7,158,15,0.05207447911168385,0.12727473877476037
20220201,432,17,219,14,0.13812660540321445,0.1261970790615551
20211028,438,17,721,1,0.04143053423716411,0.07693581767507962
20180315,400,30,871,17,0.06695460470912894,0.13322208205629682
20170312,85,45,121,4,0.10690720466779971,0.13053615460829057
20231006,73,35,735,6,0.06036543505634753,0.0657987474429223
20180320,150,26,929,19,0.04948106327005003,0.06972922144692664
20180711,347,23,557,16,0.09389763677803278,0.082291868590623
20221231,487,43,829,5,0.08793947580298275,0.11720475634748898
20250727,398,47,645,17,0.037479193603739004,0.06125448245115988
20210221,121,14,818,11,0.06654360060980424,0.05092963286051321
20150404,426,22,158,11,0.048259943376925823,0.06722925202643479
20200914,113,40,404,20,0.028531210469360573,0.061346178555876846
20200929,488,3,201,5,0.06051935005094962,0.12770349441534767
20250720,251,9,878,3,0.13815804834239714,0.06087083391178864
20171118,272,39,699,5,0.10270444137854233,0.09841032896403668
20241006,86,45,958,2,0.14673600452106333,0.138668122928982
20200322,6,33,573,4,0.06354523145331968,0.07065347617117483
20230226,401,50,670,6,0.14097021999923426,0.12480560583800207
20230615,321,26,800,3,0.058914789496319564,0.1363998876486872
20190306,287,27,823,2,0.02320781233823247,0.06506543296797845
20251007,85,3,423,20,0.1143395097054633,0.14449600432550633
20240514,238,34,179,10,0.05056449311086455,0.11849500890169563
20200321,471,49,306,19,0.11003279930458888,0.14161329351791774
20221109,293,18,952,13,0.09546320075830612,0.10002253553203261
20210627,227,36,657,16,0.10966824361406956,0.09283505575160209
20160621,117,44,588,11,0.047006180985968246,0.11976137994736409
20161119,303,11,808,11,0.08362775184157413,0.0866334718448489
20170203,92,11,869,5,0.10483825532259305,0.07527600253349755
20250620,85,20,913,1,0.07765812427595459,0.06048305250033679
20181230,300,36,581,4,0.1433066843423097,0.08879808221079305
20230404,220,22,938,3,0.06476692331267386,0.05593894939422624
20150507,284,29,258,14,0.08756370526845629,0.07909388710087047
20240111,244,18,882,10,0.10226884476542399,0.1400339694422998
20160519,134,48,145,15,0.0659806512335812,0.1401105570111023
20190602,80,43,464,4,0.11840893703008161,0.10116126005106299
20250201,336,49,295,11,0.10031587177272654,0.0897845625706716
20150825,272,19,638,5,0.12450725816746538,0.1440005411453908
20210727,92,32,338,6,0.09363943441153447,0.079889190331183
20150910,97,32,352,6,0.045810865527408665,0.051470599622892514
20161030,394,34,121,20,0.08586688970697395,0.0772721238621645
20250610,363,35,127,7,0.03702842967070806,0.07848673446186097
20180408,336,33,641,9,0.13847407933614106,0.07872809476774123
20200810,396,49,791,11,0.05636474786061997,0.10013023634620638
20240404,140,43,193,11,0.10351024016084115,0.13053840885135287
20170123,293,29,861,4,0.07640861269201016,0.10681452855019832
20250204,117,22,731,10,0.07736331034709748,0.07296253987013147
20190113,339,5,475,19,0.1018587728845676,0.053943850171482205
20230305,171,23,636,18,0.1292859477779295,0.13079658946683426
20200614,166,31,182,6,0.06994923491840407,0.07450354006165956
20250510,274,47,126,3,0.07616368645427005,0.14403904621648145
20211104,245,29,381,19,0.04507106978744781,0.13399929438073183
20161220,386,18,425,1,0.12237237414061931,0.09055898609320455
20220929,470,41,168,9,0.08042214534887014,0.08207563815182002
20210110,119,2,436,14,0.09988555781359643,0.13860852393777923
20210321,290,41,92,10,0.13129806719021242,0.07414824916492734
20180425,101,15,502,3,0.0728936336371651,0.11633927897982414
20170711,184,46,727,3,0.03771824608810481,0.10648998998712564
20230503,77,23,199,6,0.026128483158292762,0.13838739104792236
20220804,450,30,915,8,0.033531159358028195,0.14137462930995542
20181226,75,8,524,3,0.08845549637828902,0.06432704695821855
20240521,12,50,686,12,0.10317933527782783,0.1412207248121134
20220419,290,40,316,4,0.09915261420837905,0.06617928236951222
20170104,208,44,605,3,0.1475515150342601,0.1305679656023651
20160723,327,39,127,14,0.1256927808117941,0.10628296947280422
20230428,142,25,533,13,0.05897210970771034,0.07136709498649021
20160621,31,29,571,17,0.10494457526681973,0.10551633487742507
20161121,257,1,803,10,0.026511400534606565,0.1147552527316912
20250610,62,17,469,12,0.06356902654947236,0.06498798515250677
20210630,24,35,970,1,0.13076068475271832,0.06779564663648742
20160630,245,22,707,5,0.0462099920298377,0.1474257195440346
20160704,451,28,272,14,0.08209358908978909,0.05160724730075399
20250531,463,21,654,3,0.11866836548718061,0.11343109627363566
20200628,267,50,668,1,0.05465660642438655,0.1412115674995824
20210806,273,26,657,8,0.025990019245277114,0.1017201426752447
20210212,321,42,64,10,0.10624527875669745,0.09289338306196643
20220208,11,12,492,18,0.04816901070706242,0.14316832081183328
20151001,351,31,931,20,0.047834786296960086,0.12883003119725378
20161226,360,21,180,8,0.10855958310334665,0.131136511781196
20200217,385,26,256,19,0.09496046799790661,0.08040881470642335
20250212,196,25,131,4,0.0984370019277997,0.11537249266745987
20151129,407,35,290,6,0.1473988431293733,0.08996423749335476
20171029,34,24,94,10,0.04699788026051097,0.10956379180968437
20210412,103,32,329,11,0.11737873692997895,0.12444721632060671
20170916,67,15,25,1,0.04481690189380008,0.11747775819106769
20230213,428,2,631,5,0.0334394842729028,0.11238773581749262
20210610,28,39,568,12,0.06167717853876603,0.05398342298574604
20201025,277,34,98,11,0.05607489192034641,0.10107839358921637
20220427,107,13,355,19,0.05567371793513433,0.05788008660342401
20151031,139,14,529,2,0.058532193667782215,0.1475958392139951
20250620,41,26,245,18,0.10055951703671188,0.08364216379437034
20190225,39,13,256,20,0.14576810586594746,0.14791968078985962
20200501,296,35,347,6,0.04709116608083441,0.06393793329367845
20220927,304,9,863,16,0.14286620419195245,0.06137502991364357
20230729,337,44,740,12,0.044091181163995075,0.12972088149596514
20230618,13,47,270,16,0.12740412266051956,0.0854960148045338
20150824,281,47,48,10,0.13608154409021878,0.12485532995570865
20200116,148,36,876,7,0.08379955099374266,0.0503751269088779
20160730,296,35,870,12,0.1474272254901253,0.12064659184689382
20220204,342,5,989,14,0.12631231886992322,0.11395829035066725
20150830,272,42,903,3,0.026371924166172525,0.11427705492367386
20220613,183,29,766,4,0.034070016444897155,0.11663324305077645
20220625,65,49,336,3,0.0892362191729338,0.12289266018788304
20191002,292,29,302,13,0.07820270499991637,0.13462892864584936
20190624,66,9,682,16,0.04259493038612877,0.14667253692984383
20150315,315,27,878,6,0.02308994492923788,0.1359975123073388
20211118,412,8,679,15,0.09759566112715896,0.12353476190645454
20210428,255,40,60,14,0.0742019819638183,0.05334776476218414
20210624,241,17,168,7,0.13642739948330618,0.1197093452162025
20220811,52,4,231,18,0.10175005080427481,0.10587889367972064
20241104,422,50,884,17,0.10651254099350908,0.09464082938681448
20191113,211,35,919,13,0.09316675394488715,0.05327803966412301
20150727,475,5,731,2,0.10996637888361582,0.11667562564533787
20150518,350,20,967,11,0.0404306903802631,0.1193071514608376
20250404,386,16,583,18,0.04576653633860317,0.13348536647594267
20160512,171,20,584,5,0.14783720103439274,0.1441392965150369
20220417,17,21,80,6,0.0719789539080844,0.11958890113398854
20231217,50,1,719,17,0.062418487516291005,0.1278862296275553
20181218,154,2,275,9,0.11123484407691858,0.10602911833010109
20240711,442,48,893,19,0.04204726657483124,0.0541473994563796
20210823,180,49,691,14,0.1285892475264028,0.1192690886183727
20200522,475,40,190,4,0.08789770924434841,0.11211036823903356
20180416,202,35,784,12,0.05943062282316737,0.13662950589925832
20220513,461,44,371,14,0.10056137195939928,0.1355024295702829
20250425,164,1,824,12,0.13481451258053506,0.1486799481557698
20191029,87,41,647,4,0.036366459328311174,0.06166029736690505
20180130,133,17,603,15,0.10818431273598886,0.06746005161760059
20200412,99,32,306,4,0.14643328460311725,0.1476146233567459
20231031,413,10,849,12,0.10141161838676432,0.05269998917349248
20201002,95,8,547,17,0.045188838978789225,0.13677513448073075
20171214,295,34,450,10,0.12506075786909315,0.09415410418121939
20220122,129,44,633,4,0.0254075387891119,0.08314555242806891
20180105,473,37,762,1,0.042999193986263715,0.14133005027234996
20200919,103,37,838,12,0.07815924880425218,0.06513743268579014
20250215,81,48,765,19,0.09586034928772116,0.06428198928205511
20250108,59,18,972,15,0.0439748485547673,0.111175368839623
20160219,241,12,125,1,0.12555094711898246,0.14375403607399784
20200710,488,27,883,12,0.029732046239670684,0.13020961408587664
20250324,449,7,208,2,0.07173071405344612,0.12625647067011087
20250514,392,29,648,12,0.04487302746420284,0.13521983806734605
20210831,106,40,472,19,0.1328485110816393,0.06343657889435048
20230917,320,29,177,7,0.13979792258113763,0.10719889985097078
20150728,405,20,651,1,0.11801255603481993,0.13474304109846585
20151006,88,13,454,16,0.14286124200499536,0.07669532693796352
20251206,452,2,34,19,0.1218541561252557,0.09322336809109857
20210420,326,43,501,12,0.0631377341291883,0.1490232948574673
20221115,77,23,83,4,0.11654470659775742,0.0837133323653948
20250519,67,47,716,18,0.03815733817606265,0.11134463397759581
20210815,478,6,914,20,0.11440664625463061,0.11643503094689418
20170910,208,40,620,3,0.05052540694809343,0.10983864422359438
20161002,411,22,390,12,0.04036340331339945,0.05771124781407949
20250320,280,40,719,16,0.09000064599917512,0.07971963601200008
20250616,230,13,187,4,0.052074467838283095,0.0585052193186988
20210917,216,49,394,11,0.06914707781874732,0.05168531413306433
20160520,336,7,641,11,0.09973096936939137,0.0820222380046159
20170817,31,17,301,3,0.07866215474117269,0.10396204414060405
20250630,137,4,556,11,0.04954014681768966,0.07524865777040979
20191109,165,21,90,2,0.13786151005269218,0.1078145931095297
20160511,207,34,911,18,0.12930489456749789,0.14217694946675963
20200620,152,16,23,17,0.03527756120977385,0.07017300104540228
20150222,351,45,554,4,0.14635930349265575,0.05249248792285275
20240208,384,31,148,8,0.07276852225206897,0.0575878556857532
20190530,144,16,536,18,0.11038383724770483,0.11775049703366637
20241112,242,43,939,18,0.07489919036187907,0.14018976823168172
20190406,76,27,17,4,0.10276874794870218,0.10493294563738362
20250603,458,5,274,16,0.05173289610866062,0.1016178674993169
20151205,94,21,957,15,0.1436841027669634,0.10567006382793837
20230623,191,25,575,6,0.12429285118679523,0.06018180156374754
20240901,69,29,742,11,0.10236763998214439,0.10018498782595744
20220317,304,22,993,20,0.037527641445943824,0.1411447591620158
20180610,248,17,202,3,0.1311025563321524,0.09685526875021208
20191227,449,27,323,18,0.11373199804308398,0.13416192207650052
20190406,337,29,495,2,0.13726460643891664,0.07133515641680102
20210122,38,20,442,14,0.10196096366310778,0.09415294435313873
20160303,91,29,355,12,0.05801320533448466,0.12863952533677042
20190624,5,10,805,2,0.10521133557983302,0.13217889583606707
20210412,192,40,845,17,0.1315854356704559,0.11715244833531731
20240714,361,4,18,20,0.06325806690561592,0.10240624141875149
20220109,114,20,204,4,0.1447153257930054,0.07034527848450653
20161227,23,44,328,1,0.12025772749494112,0.12117374899010008
20200830,393,43,472,7,0.07492048726418733,0.05225260511854262
20200516,496,39,641,6,0.12999608683470584,0.10537708299103153
20230925,72,27,733,20,0.13456312951817617,0.10713144968565433
20210111,243,27,72,19,0.12306222163669862,0.13173244196101602
20170922,390,36,467,9,0.10718769220010785,0.08538064612011084
20150410,126,31,468,20,0.055873738952680635,0.1285162700504047
20180201,474,2,244,14,0.08726752737587219,0.1286347489064615
20160914,439,1,918,20,0.09616708630052462,0.06079474989347186
20160611,225,50,884,16,0.0786913038310324,0.11848224512431713
20200517,313,1,121,14,0.12630334014650077,0.050096729846125704
20200411,258,8,670,12,0.1132058431797177,0.0870358713976527
20221201,31,5,758,13,0.029350376589906135,0.08598960833472649
20210324,402,12,264,9,0.09637695731093922,0.061729430111531675
20190817,153,13,491,19,0.033498970386178294,0.1300217604928039
20150829,226,13,208,10,0.09809423771714504,0.14696220324818826
20240502,377,2,417,2,0.09876602601785943,0.13200977358241872
20161009,56,41,591,7,0.06354919709249814,0.14654275885924775
20230403,498,25,944,7,0.042282719672372425,0.05114473014592539
20150729,303,47,454,17,0.11570652067435074,0.0760456418385833
20170614,140,3,634,11,0.041803118831985585,0.07878289379274692
20220526,382,42,617,17,0.06748241130119555,0.0569937548169408
20200222,112,4,546,4,0.04169605181479036,0.08432338941394346
20181126,410,6,965,19,0.07492191985611696,0.11988567962657964
20180330,325,4,596,13,0.0798369853291019,0.1073246104945618
20210919,57,27,444,3,0.06771141430100144,0.10940878048528721
20150423,465,20,818,10,0.13273166984806417,0.1230903250710694
20180608,183,7,14,16,0.1428899255865409,0.05782734097441488
20150109,223,12,754,8,0.06375116649489034,0.14146991720080235
20150813,231,34,295,2,0.06599710757227446,0.1356866803290201
20210129,263,29,254,18,0.1342228639627898,0.0994195033304063
20220718,129,47,506,11,0.03627773674818513,0.056177225749902804
20150501,142,9,476,17,0.03192754210758213,0.09761031041997259
20180509,496,3,79,6,0.11483488174784974,0.1021783589109416
20221223,283,2,531,5,0.11626919879376854,0.11238845443047119
20250324,18,26,840,14,0.1214852990518693,0.06701247097161911
20250223,368,13,586,6,0.130146900610549,0.10143453436108577
20210206,108,38,673,19,0.07834106266235827,0.1299907114347311
20151015,65,32,371,2,0.1244459012365411,0.05287311554604416
20161110,226,31,849,19,0.09867509129526075,0.11030377815749942
20170105,223,47,12,19,0.12930207861937543,0.06744254008676062
20230708,475,48,946,5,0.09745032078081532,0.06918607776267119
20190721,376,48,864,13,0.11212894403568154,0.14529890341586524
20231231,138,27,339,9,0.1135002353914209,0.06329791610862615
20150824,472,33,819,12,0.06629727677761124,0.08015733819886812
20251219,341,47,997,17,0.07056922813214758,0.08340312763454065
20191003,389,22,251,8,0.1116722402558658,0.07438132340716488
20160131,309,4,21,8,0.03778174417748441,0.07020143083444134
20200910,279,16,4,7,0.10878166330879682,0.13811269437046947
20220804,172,8,934,8,0.06101011651375829,0.12594401993821236
20250803,355,27,313,8,0.0482298901641611,0.05650037801923751
20250827,163,42,645,8,0.05870482199993242,0.11003769992895444
20251015,439,32,308,15,0.13516368378325824,0.14542429924557135
20240403,128,21,524,14,0.12630561508145985,0.06238285549042343
20200902,216,19,335,7,0.1498863212168196,0.05300085619549732
20211211,10,40,508,4,0.041370548365027765,0.07428765634619049
20190204,92,29,313,4,0.14298596224857787,0.08775585068604352
20150215,340,19,699,2,0.06251037874293351,0.1295084136925914
20160827,213,43,164,20,0.12525104996716266,0.05289841255828642
20240825,250,40,523,8,0.058546883841384526,0.13956154786685415
20151031,453,31,400,18,0.05595785613522335,0.06745346255349459
20180218,147,15,502,16,0.10695423613397992,0.09865032086569181
20221010,251,45,141,3,0.025857390927198957,0.10443432486149373
20231124,230,15,400,1,0.06508280770567186,0.12427645513970911
20150916,224,29,349,20,0.10406562969776345,0.14363076954551557
20230523,334,14,131,10,0.038534143896873395,0.0949851229115157
20221220,242,48,172,7,0.12258231584094194,0.09861971802336615
20170511,27,36,283,10,0.09846196288236629,0.14854646494620866
20250808,429,26,147,6,0.021815184120691358,0.09785066890961128
20221018,498,13,294,19,0.09681553622996769,0.1358849222010381
20250621,52,21,290,9,0.11738278792655761,0.06449556312499458
20151217,215,50,917,7,0.06558888745014246,0.07290711955507706
20170814,417,28,975,13,0.11951491681930335,0.12163268260410544
20230301,166,14,48,16,0.07771969061579523,0.14865532965738895
20251006,497,37,765,15,0.03226379823740906,0.12326012917686914
20221018,15,10,827,19,0.02251335707496546,0.11262764555879533
20240411,417,37,667,2,0.11102829089911323,0.0765968840452764
20210121,374,1,323,12,0.03279369404711745,0.11475134867407137
20230226,24,44,330,16,0.0838685570989391,0.11626523910937592
20190430,297,31,198,11,0.026032161299411258,0.12676030582169423
20220211,205,49,579,20,0.08825254171782099,0.1407187419067461
20220318,471,4,487,19,0.12459979315964695,0.08070978068865789
20250518,365,27,233,11,0.043307440965698454,0.056330128220936186
20180406,477,5,844,4,0.05862235209612392,0.10838812564659892
20151026,142,34,631,10,0.14752253013895486,0.061886944559874035
20240926,261,48,881,12,0.0704087377754973,0.14076570101224128
20150312,374,2,594,12,0.03956942199031045,0.06276670727140556
20230417,57,8,588,11,0.09803720746170037,0.05426858183866828
20170109,292,46,270,17,0.04221558583902033,0.06268271617103736
20160722,318,7,599,3,0.06046687369710907,0.09608374806425607
20230130,251,29,736,20,0.12488266261831799,0.131718386664135
20240312,106,41,304,12,0.05425310967637066,0.1012635029296231
20150815,374,22,978,14,0.1312126934352882,0.06449219633747079
20191025,194,39,276,8,0.04986195284434948,0.08081057292137618
20180520,310,43,268,17,0.06083571730599298,0.13554252232647662
20191027,252,18,731,7,0.11587499642128654,0.13701216405324781
20190916,243,3,700,9,0.07861670215120194,0.0532501849172249
20160302,15,32,554,15,0.04589747609618598,0.124537700497356
20210318,295,18,221,11,0.13230612949441833,0.09611248184196386
20250131,380,20,277,16,0.028059893620645912,0.09940350164155781
20180509,242,38,971,14,0.057058755807344486,0.08013472216329222
20180814,111,17,688,18,0.026626561921086513,0.11313452167532914
20160601,324,42,684,5,0.08353860585485198,0.07584946105134047
20220619,170,46,866,13,0.0692470052826855,0.054099411114852905
20230715,204,8,375,7,0.05402021914377196,0.13178059247712015
20241008,477,25,214,11,0.09588755060422996,0.05219886101929962
20210922,355,40,983,1,0.12448148547470964,0.10530385270910818
20180212,141,3,147,15,0.07056450933015782,0.1107157365078291
20220815,221,14,123,11,0.1322067485357923,0.0940686886168062
20210120,171,8,247,19,0.12549075969803095,0.0677752277254517
20220712,74,27,861,10,0.028038780968937423,0.11392187164595358
20250126,466,12,923,3,0.13450080222006122,0.11806044679055125
20210628,364,9,331,1,0.11751572870517842,0.11982288798482726
20170816,402,34,95,19,0.0761661602497159,0.10666095774616463
20200104,464,15,583,11,0.05409360938920013,0.07756014664037883
20240722,234,9,206,19,0.09752453982878913,0.05592192960441855
20180623,198,3,642,10,0.07253260460854129,0.14115060050176143
20231116,331,22,488,13,0.1083554307467964,0.07525075769449475
20241223,184,33,550,1,0.0647358134709977,0.13729359096398813
20240212,263,34,549,16,0.1361700498854291,0.10908456940633332
20231030,165,49,337,7,0.09198184924720976,0.06687250521956031
20210910,73,8,763,5,0.034453316830743486,0.13629516133935005
20150227,203,10,380,14,0.11610511707310942,0.13544053664563646
20250116,315,14,143,13,0.03850438006682828,0.09363885039609171
20211018,471,20,920,12,0.03332588146480356,0.14058342269137697
20191013,329,41,672,16,0.0818885335708457,0.06513848801968151
20160516,251,25,95,19,0.10948977396364229,0.11702291418527402
20221022,364,46,95,14,0.10248988952985671,0.06903492242182693
20170916,132,11,167,20,0.10747533448382812,0.08936334231179834
20231214,31,45,8,18,0.06368647131645458,0.11591085360775372
20210110,418,21,92,10,0.0368156119276952,0.08332702402820401
20160421,241,28,972,20,0.11798979398004918,0.09628480303245673
20220101,405,27,102,3,0.03302844606981123,0.10834429505785065
20220710,380,6,832,3,0.10165913557671143,0.10636910111862441
20230201,37,39,419,7,0.08098895252289912,0.07531876153731795
20251118,45,2,388,18,0.12793582748006463,0.12317067753412736
20240408,107,38,167,8,0.14888629544358234,0.0923799950364936
20240417,188,35,902,12,0.024997076528774705,0.08357044587025786
20190718,463,28,75,10,0.062357373166634644,0.09285056692927784
20180112,185,32,369,2,0.029043451997762117,0.12184260116748731
20200521,223,46,314,2,0.06245675917654386,0.13230282208632854
20160702,60,39,382,20,0.14064627939419033,0.13897518201134987
20200414,482,38,694,9,0.09762597354273056,0.13523549212459313
20240413,148,40,889,7,0.11123340534156849,0.11661397255007395
20201011,30,24,644,7,0.14764084762498617,0.10615044729510409
20180815,393,50,202,4,0.03654820261400702,0.08126568757671812
20220602,341,36,840,17,0.07836476385030046,0.11623007582317242
20220523,128,6,964,4,0.12686718168524652,0.07250833844061035
20190307,138,27,286,14,0.04998665348434674,0.07148904984433527
20170707,139,26,822,6,0.07441208281777241,0.13416554609740142
20161231,196,17,11,9,0.0443230085728282,0.07294832758796863
20190908,465,39,795,15,0.14451418496486612,0.07921596694766922
20150930,271,25,617,20,0.147828523949208,0.0857323133710043
20220609,375,46,867,15,0.13582184517069854,0.14497071148598126
20201126,309,35,764,4,0.0881351860339424,0.08622882452558232
20240802,170,18,586,1,0.06658064632889063,0.07742391904007272
20210924,22,45,400,10,0.02130394873878697,0.11867169653508276
20210326,354,26,708,13,0.06325018261834878,0.07479923700095653
20220927,230,26,922,11,0.0504873248261713,0.10753984828704653
20150613,234,42,515,9,0.13728837160408552,0.06495930908184924
20150115,263,3,338,18,0.08730662263929402,0.08635671678258641
20180920,156,43,506,12,0.11130741595400451,0.1068190348716209
20160320,216,12,495,8,0.09359887455680804,0.1491795160270973
20170902,64,45,221,2,0.022331524231350635,0.09696494129637233
20170212,74,9,321,20,0.07357367002542917,0.06350535792830514
20201004,7,49,124,9,0.0779138038307828,0.14930583772809225
20171008,239,40,716,19,0.029469391940211156,0.14977820992602317
20240105,322,42,97,13,0.12397940882898875,0.12218421833589144
20170122,80,10,449,8,0.020745805368195334,0.1345647672246587
20180921,490,18,211,13,0.12185296483684507,0.09875865885124108
20250124,66,12,224,6,0.046005308532068356,0.0795419506593723
20180801,316,33,298,13,0.04207500608322015,0.10032791278178918
20220211,98,38,938,16,0.10855030891455356,0.12112920071348661
20180104,130,10,79,13,0.13606953213148212,0.12883808630106203
20190416,170,1,221,18,0.04161398189886195,0.08356698214404328
20210906,344,16,632,8,0.09927698983539679,0.11477250512007604
20211006,240,29,633,3,0.09823126175403149,0.14893997520800484
20200727,65,39,902,19,0.05110442151757694,0.10275708293468025
20220824,234,35,588,7,0.04116930686117069,0.05270182622110445
20180525,251,24,370,14,0.08348427775890649,0.07324882310989822
20160726,414,41,259,6,0.1227645914359301,0.13935270985009038
20160323,332,22,689,5,0.06723507211676202,0.05767160104760704
20210726,342,14,703,10,0.04809710729491839,0.09416234805968002
20161206,392,2,53,16,0.1345340775098883,0.08699561900737347
20170518,361,40,657,14,0.13349629448146497,0.05155675355120265
20231108,467,50,345,4,0.1294246177408907,0.14915939146532353
20231010,205,14,929,16,0.08286256059572354,0.10876871649755174
20190412,177,5,267,17,0.10165706063413688,0.0947051422275666
20170610,147,19,875,15,0.042877346931316035,0.07452811401280174
20191031,114,3,98,5,0.06534269210060144,0.06322017189707543
20250223,288,3,686,10,0.040340544197751,0.12211841872292636
20150310,275,31,224,13,0.13838525755469658,0.12796620894774918
20170721,15,41,527,20,0.04224480430647297,0.10729748427086253
20200101,301,50,624,6,0.14548652035579912,0.1160154908929871
20250520,434,1,680,6,0.08212143515432216,0.0803628902591186
20190601,208,6,346,19,0.1310158126128907,0.10739947433615799
20230211,421,18,315,2,0.13746576043105374,0.07961353843645244
20240924,296,45,764,6,0.028720223409972052,0.1213136296353058
20160123,335,48,933,20,0.06315560973195315,0.10415631480904407
20150810,364,1,37,11,0.13550256742764674,0.1179075838339993
20250526,346,41,785,4,0.12161989353851872,0.0796224559246595
20231010,13,32,634,5,0.09998318698652171,0.1480568618283164
20230804,385,35,599,18,0.06790654755785394,0.14716862210818044
20180621,211,12,343,8,0.026381083656950646,0.06810883894694968
20170110,305,35,345,16,0.06579755148719574,0.14449241875161106
20250727,149,27,425,8,0.03779759951467347,0.12119684648680693
20200106,94,44,887,18,0.13152694649455524,0.1295037745618168
20170208,366,8,64,6,0.09786187759582256,0.1414681040879077
20200515,322,9,378,15,0.03701323771214786,0.08311590902325787
20161030,219,30,484,14,0.0640043108941246,0.06970538131097304
20220719,259,1,329,7,0.03146230824566473,0.09978560204539363
20240429,455,10,470,19,0.10566487577613194,0.1259991641794192
20170116,301,3,35,7,0.13193271224415923,0.08408175855896724
20150308,431,28,581,2,0.045971335395421656,0.14869884527387228
20220131,359,43,310,8,0.06386925862466135,0.14381405843245076
20240825,344,32,414,15,0.09004465694962825,0.06756329751555142
20240922,474,38,192,16,0.07773355499777014,0.08286886894093873
20220530,247,11,66,15,0.1381108544925122,0.06565633440381538
20230727,467,39,909,8,0.03734060329533932,0.1339220344800327
20150706,1,18,626,10,0.10776812935068697,0.0510518882430655
20190702,172,1,352,1,0.09641968827174098,0.11234886998419552
20171106,426,18,12,9,0.050902722241891483,0.0863771730155716
20211016,249,45,830,3,0.0633768295221584,0.06087302524048899
20191008,117,45,860,1,0.08205824728938714,0.09189475587165111
20181109,346,22,879,20,0.13394717937729234,0.07022619924208905
20190322,325,14,495,15,0.08705035595651306,0.07407203891724916
20180414,155,38,563,19,0.0878991633512173,0.051860986500059214
20231216,355,49,506,2,0.07644408254766033,0.1443968431926255
20240620,480,44,202,15,0.10667238169980475,0.12479592255703188
20170401,177,19,111,9,0.11021103629220215,0.14113436949228514
20191004,425,43,321,11,0.1271941922277557,0.12093604796970105
20151122,245,21,519,14,0.11683971319301431,0.06012308951492619
20250703,316,44,333,18,0.07770607644977451,0.11646957259330876
20210622,49,3,456,18,0.09268833445109113,0.12327203074732213
20250520,434,10,187,14,0.058600647772324946,0.09693869955577328
20160512,222,17,993,8,0.05005730645349817,0.14666890696646107
20251026,241,13,803,19,0.05197172347479599,0.06471561961942761
20180714,121,35,586,15,0.0757512009302944,0.06849987095673732
20150606,208,30,567,13,0.05071325252606032,0.1287127892270874
20230614,381,22,992,10,0.05647167301818966,0.13295069152904598
20200506,272,14,646,9,0.029751392177896463,0.05133194103341803
20171215,397,28,232,4,0.07658230174775689,0.13310507840770042
20180513,278,40,99,9,0.09809629614693345,0.09751081928703169
20190807,153,26,261,15,0.12174723353914983,0.08911759661010935
20180326,465,8,344,15,0.035322159203515426,0.11321189585949956
20151031,87,18,554,13,0.1398716904260005,0.14559666233916232
20250105,464,22,757,14,0.05955385428638363,0.09812826853004727
20210525,151,38,58,2,0.14168735228120025,0.08320792631024895
20170724,208,13,96,20,0.04659556645351756,0.13418700910146794
20230630,376,7,219,9,0.05926263499365807,0.060058888383248105
20230523,393,4,309,5,0.09218911141385415,0.1468716263929143
20250725,317,31,752,7,0.03704359246835384,0.07646077631084665
20230520,334,12,763,5,0.05522674949096536,0.06152463547887002
20200426,83,42,98,9,0.03487718354310801,0.09780032295768468
20240530,318,7,771,11,0.103096626311444,0.13851920136825996
20200501,292,28,652,18,0.06458027736059181,0.12149235567293455
20160819,35,28,246,13,0.1292238766116919,0.12329455512340409
20250701,161,42,271,5,0.08264629612773926,0.12202823806116841
20240808,302,2,138,4,0.11091227840066543,0.08954681161655628
20200325,48,4,660,17,0.0880064372428147,0.09465873144087089
20150904,161,4,642,5,0.05471526816145128,0.1222318046742148
20191024,364,24,54,18,0.03811810489744401,0.07409919328318529
20230611,149,48,404,17,0.03222883642761683,0.13462970396095336
20160725,33,22,998,4,0.05641235861998295,0.08213763249285874
20250722,235,5,811,2,0.08516514082109965,0.07536135981229494
20250905,201,4,622,14,0.04074329272220533,0.0522497240127604
20240903,413,35,943,5,0.1249792091016646,0.11957612032224883
20151125,431,18,231,1,0.09710359709280889,0.06724940452889099
20230611,323,25,712,2,0.14928013805515708,0.08947767328432153
20210806,2,42,988,20,0.10391685381426144,0.12718730125468625
20251214,445,11,981,14,0.08873037730755556,0.10838112759369967
20250824,214,26,718,13,0.11188653695249062,0.09134795096694477
20240503,62,19,490,18,0.08508657761675745,0.12068735874377035
20201022,272,37,652,6,0.07206647784149585,0.1362501916157548
20230915,211,49,24,1,0.08112386485079232,0.09142914542135253
20151110,35,16,436,2,0.10412982208456883,0.06700281983410929
20160820,195,35,139,19,0.12527109914405687,0.1120797013204004
20200123,370,14,595,16,0.09374892532691775,0.06328265800632997
20200819,348,12,590,9,0.08019836073051005,0.1070241260917707
20200211,149,28,566,10,0.03329854638807603,0.1468518469053251
20220115,492,10,460,19,0.13249026293405522,0.09619320702684901
20250520,392,22,617,4,0.0969253150704073,0.09756436969078902
20180902,271,49,640,18,0.044542651483222284,0.11132314115796338
20180817,397,44,845,17,0.13720497085200556,0.10013838911422726
20240219,440,8,834,9,0.10494516749833599,0.13671546152329728
20200220,115,29,24,12,0.13308395070211954,0.06318721865260848
20160308,320,3,718,6,0.09921086201168756,0.09870592299823153
20230817,289,34,418,9,0.07867729626369988,0.12365360438525212
20160824,191,18,724,12,0.125494793989703,0.11228849206998531
20220822,309,28,335,8,0.054437928440324065,0.10197967389117395
20220209,105,34,935,3,0.10861426310190118,0.055595075860660606
20251216,220,42,443,3,0.09436903552642209,0.06593190601129638
20210730,68,41,178,15,0.02241681503360243,0.09812240415997805
20230316,337,49,234,9,0.09576090086618516,0.1172349633136526
20150814,286,32,793,17,0.0864334296389753,0.06697653417848186
20150209,7,13,423,18,0.13622591778185716,0.14185875858435332
20150519,353,39,203,12,0.026110781265143816,0.12142273915570373
20150713,370,44,171,10,0.07090467612116436,0.12172752440275243
20200326,273,2,588,4,0.04872724880901201,0.10098574703000238
20220213,498,42,395,20,0.08317608650357505,0.08130765922768643
20160422,225,43,375,9,0.10611459525193263,0.08246995910787806
20251220,233,26,577,6,0.1242209568916225,0.07649670780241001
20170906,168,13,289,10,0.10822181278587675,0.12778724359420035
20150809,443,10,325,6,0.1479171429057826,0.05728458722533672
20191109,434,13,953,20,0.10949210121073853,0.13526013210045007
20250526,72,33,417,8,0.058575270585711506,0.13693959973193598
20251121,489,1,926,6,0.14259959718104173,0.1269938266364301
20160502,245,4,944,12,0.10001553863605905,0.05948830535390931
20171122,321,48,608,1,0.08913919988036767,0.1460863911936331
20180320,465,27,539,14,0.022752184435337098,0.07489804577204837
20160508,195,47,823,11,0.06163673584212366,0.11106640996304612
20220129,476,20,309,13,0.08738473286965537,0.10457174403752742
20240628,188,13,203,11,0.10160832660639671,0.05448931527496723
20221010,86,30,439,16,0.1276815384976716,0.09586041104972923
20250427,267,41,974,16,0.07045569283168632,0.059510252516369294
20191222,242,7,716,1,0.14629840925136195,0.09863340718893049
20180823,455,25,23,6,0.12333245316443522,0.11912986394727328
20210412,384,41,271,9,0.06731978660050317,0.11056747757584949
20190705,492,48,157,13,0.04308157183490785,0.12035338752782783
20220316,200,18,366,16,0.06975608514812813,0.11523932901037
20190919,286,48,792,7,0.1374078289755001,0.08041082573913252
20190224,420,6,285,11,0.1416200057424302,0.13255680679776122
20210306,389,32,364,4,0.05176901816553814,0.08204939470994685
20230728,210,31,438,9,0.0915385597053111,0.14693900071772287
20200510,223,25,704,16,0.045520306803325875,0.08182333809493948
20181221,319,21,186,16,0.02804116905669449,0.09414723219291121
20200208,225,37,269,15,0.04738203553933597,0.14362148459733687
20230703,276,49,323,16,0.024814008086858932,0.1323840833764045
20180715,379,2,301,12,0.10434403144006506,0.14458241729170568
20151201,358,21,74,17,0.11229689977448137,0.09114291976955588
20240309,238,45,769,4,0.1413968943509146,0.11302931944257687
20210523,262,47,437,12,0.05965652184740783,0.06386516391830377
20240722,426,28,672,1,0.14183751889694274,0.09876970305515126
20220721,269,18,273,1,0.14890547346613434,0.10273426792807892
20250325,242,26,752,9,0.036503583453615554,0.1111914530714517
20240828,110,19,529,18,0.09386989900413416,0.05723609327670616
20150110,97,21,285,19,0.03844072806725288,0.07109113023259767
20231116,463,31,603,14,0.09960854941568136,0.08203421192551894
20211215,411,50,597,20,0.13366350240542652,0.09071309875226029
20170321,11,49,685,5,0.10512808407242623,0.07109249469423144
20230801,488,18,530,4,0.03503871463415122,0.12578626755204528
20220116,218,11,342,9,0.043292844675750036,0.08970702619342104
20221130,243,42,436,16,0.11444435184946697,0.06488241029798411
20240406,303,4,638,11,0.11355552572467702,0.12567731262300058
20251224,325,48,216,4,0.08520288659158515,0.12273689899876307
20161206,287,34,236,6,0.05301280650111971,0.06712297997735368
20210425,22,28,918,8,0.09499196038771147,0.12862006483533614
20160917,444,27,713,13,0.10797198449731418,0.053642780132935934
20171106,197,11,244,7,0.05275816199816741,0.13220313036563158
20160325,236,47,995,2,0.03528552005084742,0.13277772623838266
20191022,306,26,203,19,0.06563323737988466,0.11566914710540345
20220117,281,7,440,5,0.05569352609617953,0.05561872618965091
20220913,407,39,30,13,0.060105200480212506,0.12696158912452787
20220811,78,38,781,18,0.14921743010411853,0.14660436260260595
20200222,113,22,76,7,0.09225163648347039,0.11107410437015158
20201107,268,32,3,17,0.11690115834286195,0.09727523935862946
20200703,360,15,283,1,0.06213804280092597,0.10536660142981996
20171116,181,20,727,8,0.14887994406723082,0.08559944196676786
20250908,325,21,596,3,0.13368633850557252,0.055626879977171834
20200214,468,44,153,13,0.0906926933811057,0.14531362888990046
20190325,221,43,14,5,0.043882081816994635,0.08420326560717892
20211116,218,44,953,5,0.12916567937807977,0.09215162465439072
20150222,170,20,586,11,0.09768741240742654,0.1407088467340231
20230605,144,47,407,5,0.0378509715222599,0.14583298079780654
20210115,181,43,878,5,0.14217070777687843,0.08043143839053868
20210831,145,10,404,15,0.09427590006679841,0.05868614440805571
20160427,37,7,44,20,0.030933535337738273,0.052588451615195264
20160214,11,2,939,9,0.04211912259656049,0.07044120191217389
20170328,316,24,723,9,0.09568389159151236,0.11278569493817116
20151120,66,15,373,10,0.11835820315083358,0.13095584339868133
20190805,163,32,668,19,0.04634019562761583,0.13391515392523057
20240715,93,47,85,19,0.10774318173896916,0.11534913581336577
20190826,374,5,123,10,0.10863467522992303,0.1355952539634107
20230724,240,4,21,16,0.11051499261004921,0.0911431996478658
20220806,282,50,5,17,0.06521858412141757,0.11783719111668106
20201210,43,1,805,20,0.054988931555497916,0.07692004984245923
20151023,429,50,877,10,0.12000404090875594,0.13503763063916185
20180904,394,9,327,14,0.05327588286408909,0.13072780170425344
20200404,379,39,683,17,0.0726559665012144,0.1294457440799854
20170311,266,27,558,14,0.11661979647588046,0.09330999062886157
20210220,343,11,462,15,0.10801609211992641,0.06509929083090651
20241224,432,30,274,3,0.11445242058627157,0.1472606135955874
20170711,120,29,23,10,0.05933404031799892,0.12084822248315615
20250618,15,21,341,2,0.02916637558786934,0.14259696444076098
20170901,422,49,741,11,0.12503356973077448,0.11238153104458551
20250310,449,33,768,20,0.025747621782949648,0.1291542486548026
20150113,220,35,830,14,0.12019863992243325,0.11824344492780106
20210106,275,38,79,13,0.08269355610516016,0.1179432585991641
20191115,211,3,4,1,0.022570240643484576,0.12373082835653587
20240624,175,45,291,4,0.0732120114017269,0.07758419754178064
20151224,158,43,643,16,0.12145648728826268,0.09104854682265466
20190328,487,42,422,16,0.07354855595489414,0.08796047110223229
20181024,80,41,562,3,0.14118927819234195,0.09900306222589961
20251012,70,11,269,5,0.11021305201360646,0.08229339147581174
20250304,13,42,94,6,0.1265607897971484,0.08962998841547737
20151128,306,50,924,5,0.06391795177429738,0.14957526721308578
20190909,32,9,867,1,0.05752674881798325,0.05096268306186622
20160128,481,30,729,3,0.10483537278651366,0.09647039052027327
20171209,203,4,58,20,0.09365994197536465,0.1448219207074722
20151224,18,36,156,4,0.11785167765030755,0.13551481227700657
20231112,372,5,549,9,0.04211984670291123,0.11841207267150487
20221118,292,20,856,18,0.04437951652948799,0.115079580181521
20160912,430,34,119,3,0.14627861286609584,0.13284325989983026
20180302,400,27,937,20,0.11459580643035279,0.13855480558334046
20211207,365,38,298,4,0.09097854992996643,0.08458826886210945
20191231,101,3,848,11,0.10008030969652844,0.06336251561257661
20180709,155,38,973,12,0.11016929791828205,0.10097764891438908
20160212,318,13,714,14,0.06401951996894771,0.08690029879788427
20231005,231,5,281,18,0.0920496560534461,0.060043761154257115
20211226,3,19,852,13,0.14619911569331392,0.06795300543918771
20160325,1,33,798,19,0.07028151861973525,0.11605906796405292
20150726,243,14,324,9,0.07561149443409632,0.14654038372415845
20240602,368,49,659,8,0.13425552192062806,0.09548210069488432
20161018,419,36,108,5,0.07704640447614833,0.0715561787849588
20220806,26,12,946,14,0.028030891518981027,0.05495136205349749
20160604,122,2,501,6,0.1437448300932097,0.13164448167811604
20200806,442,44,702,20,0.06262296973801838,0.05274183429659651
20220809,232,12,212,4,0.12453522539220616,0.11780598890183465
20240126,491,44,704,19,0.12024177527001498,0.1457598152873645
20150505,352,4,982,4,0.02208813273402926,0.0844928369663487
20210821,244,32,465,6,0.041768903295785274,0.1008221515317636
20170806,371,11,564,11,0.0782671441804181,0.14874520910353534
20220811,467,35,18,18,0.10492531910217383,0.06896268079524788
20201207,179,30,963,5,0.10000114381161405,0.10695508755985511
20231021,375,38,516,4,0.11280059719690673,0.08493883461815178
20151224,37,19,13,19,0.1491638082046481,0.08990760510897486
20180910,349,26,924,10,0.0338876051066353,0.07564659674048865
20250919,178,44,809,5,0.11455016088053546,0.11926654631147378
20160918,322,9,285,14,0.04356159950560132,0.10374470877517708
20190526,358,45,761,17,0.040998793275556604,0.08184839544928894
20150208,366,41,302,10,0.1210587741237809,0.14165401083889356
20230412,292,18,418,8,0.041279581421764196,0.14125795816129202
20190413,324,26,218,5,0.029846576025038145,0.08390073339715984
20151128,100,6,298,10,0.05245641235967302,0.12025208977902804
20200411,241,21,424,13,0.11698460991428103,0.1315572754905635
20170219,98,4,710,16,0.12141797275210738,0.1387811300255627
20170921,160,16,474,3,0.11655109334988528,0.1264596194825247
20230415,363,50,722,20,0.08805433211905032,0.060205036783793575
20200407,402,3,162,17,0.0726067561398896,0.06294693268055351
20190320,196,49,17,5,0.06662547790576336,0.09486495441515262
20180201,250,17,770,15,0.10170374319180386,0.1331897487281633
20220914,63,34,355,14,0.06458925896145724,0.13956597686916783
20200609,90,40,814,14,0.13245402351483185,0.1447653349985086
20190323,85,37,817,8,0.07444410570904561,0.11109172652006574
20240107,46,5,536,10,0.03348786362052702,0.11024490982085922
20240211,148,22,543,20,0.1333819111093321,0.054463869690842936
20170707,129,5,453,13,0.021238577051929802,0.132468862098453
20190708,406,16,440,16,0.139809706130501,0.09789773486733765
20231102,255,4,39,4,0.0827379466967588,0.12472472529061757
20240211,358,36,261,1,0.08954032408765275,0.09082261075316703
20250403,149,12,798,2,0.022711923578961367,0.141533150744774
20160608,497,6,755,5,0.11148611133738374,0.09765587336334597
20200111,450,40,549,8,0.13591717004155726,0.10332241180299809
20160916,492,7,357,6,0.04881555278831025,0.11796120071801823
20240201,97,8,82,18,0.1257247396720323,0.14009007543669783
20211227,281,27,140,8,0.10085380298010628,0.06878735366115234
20210119,485,14,47,19,0.11730270496187922,0.12358702456267892
20210625,247,15,234,11,0.13071395560720434,0.10042242038818287
20160130,257,5,248,4,0.08885167949076987,0.060958936565079336
20160204,436,32,256,7,0.1450965814755421,0.12091965778804133
20220605,367,36,969,1,0.03497898416088869,0.10366854081629623
20180115,113,49,379,15,0.04047010869957131,0.052167009708702944
20161216,151,38,67,17,0.11498425566733977,0.06274561869925133
20220701,346,12,97,7,0.049509795641628176,0.11189039636082787
20240107,454,21,178,5,0.051374571334415545,0.14136114515281595
20210804,497,5,879,17,0.07927447074738111,0.09561798995841259
20161029,116,4,1,17,0.13637705026010438,0.13588822493987562
20180205,283,44,607,2,0.09352617093160631,0.11913859154974084
20221119,405,25,981,18,0.10181315320082798,0.1287271208273571
20241225,460,34,807,20,0.03721746391200543,0.13956011589272566
20251112,497,10,113,7,0.028295239514724402,0.11996619576238494
20160517,464,1,543,8,0.10400011745526812,0.09235640436669112
20241105,452,43,737,11,0.0957378253341286,0.0756774774266233
20230918,425,34,130,19,0.08887312546040925,0.05656024050658373
20150628,6,13,627,20,0.035100434157697924,0.06040119063896694
20231219,309,10,661,7,0.03986160669851366,0.09410129498902611
20171121,38,16,542,20,0.11570651137609034,0.09869466075274612
20170925,404,8,255,12,0.06708571828239233,0.0933094321953367
20160301,202,19,262,15,0.06919118877083989,0.07944176596064234
20181105,164,30,598,17,0.11420642364265478,0.06292610490245575
20210723,83,49,515,20,0.05509208170602532,0.12921769054987214
20250104,459,4,51,18,0.10233465051390916,0.07869352419252676
20250901,77,18,439,4,0.033811583843602035,0.12478861875527537
20240928,184,33,515,4,0.10462740426701313,0.10095856801376513
20190729,487,39,493,20,0.05026243537025256,0.0967254741128574
20190330,243,24,969,15,0.13760110841204512,0.127958815146537
20240516,133,19,819,5,0.08350502818400171,0.0902745479542548
20201018,251,40,729,17,0.04058300385095985,0.11753733150771607
20170226,326,1,579,18,0.030333307914590865,0.10609697543949219
20201231,397,46,848,16,0.10747788613516257,0.09003131587678559
20241011,283,48,572,2,0.04738937736417744,0.11917452349691006
20240220,227,23,589,18,0.09607164496704704,0.13999065440479244
20150929,473,48,994,13,0.051463215337662016,0.0769246325444452
20180911,320,40,116,20,0.1357699760719824,0.06248917371635291
20220526,422,43,56,2,0.061962027961142155,0.12517043959741597
20220201,200,5,57,5,0.09519717336736512,0.09461552206388879
20180903,305,19,362,6,0.09637107348099203,0.14738850803034798
20160914,331,21,352,20,0.05850299099742427,0.1370268703449421
20251027,460,34,918,7,0.14880992157902043,0.1407782797841433
20220520,442,22,120,10,0.08636135686860172,0.07758971002672121
20230816,314,40,558,7,0.08196704913436896,0.07855967831058389
20250514,472,44,45,10,0.1396544472192653,0.1252402040790222
20171206,363,22,315,12,0.0736173662170324,0.10034293225203869
20240202,375,2,539,10,0.037822899077924424,0.08288059907876524
20220824,235,7,158,10,0.12878917628273265,0.14073465727076084
20240413,160,15,963,9,0.02775619365118752,0.09838711245668072
20240219,85,23,340,12,0.06179369193257642,0.06024235168754567
20220315,318,35,241,7,0.05115737047072527,0.06751927650766937
20250624,48,15,554,9,0.13997489419559303,0.1477642364120327
20231129,470,35,608,6,0.08481286612966142,0.11124343218870474
20190326,359,17,130,19,0.05036589782874432,0.09495507909725118
20170108,293,45,633,13,0.03918583436898592,0.09399395316472374
20250304,438,8,134,19,0.09332871602351951,0.0985425533560286
20250602,52,13,279,4,0.07061199213092889,0.08466582268561287
20190718,16,19,77,8,0.11357237023832939,0.11696865456308723
20160501,363,13,359,19,0.06692027136415195,0.14851832007514093
20201115,71,46,16,1,0.09620974143426488,0.05918093806828907
20180423,37,39,270,5,0.14170777450938224,0.12753125832941448
20171027,183,27,737,13,0.021694300384846977,0.13067942790770232
20200414,460,37,523,6,0.06358426493402856,0.09961553085417806
20240408,321,36,947,19,0.11570310326069787,0.1296598878011876
20171124,186,39,143,8,0.0895421606939109,0.09664598002054883
20200305,375,43,363,15,0.1291083789742339,0.0893986405691253
20230902,173,38,96,5,0.08159083344775839,0.11603567181250483
20190504,246,5,548,19,0.0859242078309136,0.14900227988544462
20190817,497,50,228,17,0.12154823022369708,0.060463737868287896
20220829,98,47,73,14,0.13894941434248495,0.1323906101565781
20200116,16,50,325,2,0.1385923340178006,0.08514854014585327
20250917,10,35,607,2,0.061756474737012235,0.1118909063564767
20240201,228,35,635,9,0.12070156637638428,0.13779970960588295
20191209,408,33,243,14,0.0635312138107571,0.06019649848403356
20150614,390,4,373,8,0.1276538604927522,0.07578050641492243
20150729,34,25,644,1,0.12159715071830388,0.060738030030855907
20230402,436,10,234,3,0.11670779019806675,0.10722905571926888
20151118,318,41,391,5,0.06255544688933234,0.08624714558509587
20200215,447,9,852,17,0.08703343901127442,0.13843244287732398
20150501,277,16,355,2,0.10800086618145639,0.1266484439833318
20230323,42,7,904,15,0.08110497778846927,0.0549185874940658
20161223,103,3,23,9,0.042060007094167684,0.13739471786768714
20161118,196,6,929,6,0.06975697012468263,0.08118320533592634
20190530,423,9,218,10,0.13179063511396336,0.10756212080028221
20240326,367,6,327,7,0.08326193413041082,0.08079964535358608
20171116,484,5,496,10,0.048827501073042595,0.07445239497778774
20240621,378,24,398,11,0.09303778950886087,0.08911927247354778
20200426,276,13,902,13,0.051004825497740575,0.09731180089859459
20240428,275,28,767,18,0.14955382761092384,0.0727346344057492
20191023,164,40,77,17,0.10813465300577613,0.14676972935247884
20250226,263,19,742,20,0.13004400712720515,0.08340161646136313
20150514,363,33,192,9,0.04427267543629501,0.07624337695598692
20241214,166,14,950,7,0.025155127771296026,0.10443515126424718
20201208,149,13,961,17,0.029257622418864496,0.07017695561048819
20160908,2,21,827,1,0.1077376466089268,0.12113141036526918
20181025,225,17,799,3,0.07909183284969092,0.07659560206695643
20171101,404,45,284,11,0.10242929941444447,0.11564205434247356
20150708,357,46,151,12,0.0407149893797401,0.08797519170179721
20190922,284,23,10,18,0.0621945357236828,0.06445873958585863
20250503,32,50,693,7,0.09344181841214297,0.07099539444415734
20191218,38,12,527,15,0.14853469987070958,0.0947286422332013
20180307,48,3,421,20,0.1190552548382972,0.10018839719780187
20150908,59,27,797,12,0.1453263080644895,0.14573191285985565
20160404,14,40,625,14,0.1356301283293836,0.12845050000374816
20151206,5,21,149,17,0.023990824916063604,0.06308353131157854
20160913,271,44,181,7,0.06965521977008121,0.12710622254464388
20210206,100,14,693,1,0.06140425857954339,0.07166523562006064
20221129,146,36,4,14,0.10270617229299647,0.06527708169656588
20190607,272,22,327,11,0.1048990910040262,0.1333013942055467
20231126,183,13,592,8,0.07393389505154732,0.05459110750737323
20160916,377,27,72,17,0.13920159316660033,0.11451330556940101
20170330,439,31,967,14,0.03614690314454079,0.14087591280664205
20221123,59,16,928,12,0.03877384796239866,0.06645795946310479
20170322,482,35,635,1,0.08041662649641061,0.05463863855554063
20190805,411,7,172,11,0.0913127643768467,0.10731657534602937
20180822,459,30,39,18,0.11483631689880604,0.061858603564323315
20210312,270,45,889,1,0.1236764590083992,0.13173529856304
20200502,479,22,680,15,0.08799882547541783,0.1420494711823636
20190109,89,8,477,1,0.04054098914250889,0.08924388492438781
20200411,75,10,670,6,0.11755452857144089,0.08363012958534906
20250608,213,38,264,8,0.09450311088279703,0.13871793425693443
20190905,338,50,847,13,0.05692816226922315,0.0716356879254086
20221023,177,29,768,6,0.1020479893294486,0.13224857845386712
20240104,436,15,395,1,0.025711887750777,0.08196469441448481
20251103,444,11,157,3,0.12105311335694018,0.10822426156207451
20230328,77,8,935,18,0.11964914158087413,0.11667125167377589
20200719,364,44,504,1,0.14196715970670837,0.1274084195711977
20240425,51,47,984,18,0.08341572405374378,0.06447267940414504
20180522,493,5,856,19,0.07210513719123686,0.1091228132974018
20231019,123,34,631,15,0.1359742367064859,0.14640760549994442
20200224,292,41,966,4,0.1418971517829152,0.11875960831441555
20210105,290,36,942,8,0.09042020749668114,0.08074346384377627
20200903,220,8,120,6,0.12938646181871535,0.059669304778663605
20201109,413,31,892,10,0.14370479677994327,0.07379643084527765
20201119,299,11,146,17,0.09729450380946539,0.11607112744979853
20180625,220,15,673,19,0.026987836899975817,0.05688537971321718
20230209,149,2,412,19,0.06973486473919535,0.1475927171835296
20190907,74,38,622,4,0.08888912166891628,0.05533400446005791
20150923,258,28,89,19,0.028106096101043972,0.1398875856865635
20151221,301,30,771,14,0.14952475432908324,0.07265461564750093
20181013,170,43,229,12,0.050701234228709716,0.13826551533222636
20180904,248,34,635,3,0.06453753309518254,0.1071024756577517
20171101,226,40,770,11,0.03548554306914185,0.07184552274380415
20230905,441,47,603,11,0.09427473073206083,0.12505390432697155
20251227,204,19,917,10,0.05542245828396998,0.09294203185714653
20240527,164,16,603,9,0.04855299891553555,0.07099323075038463
20250626,119,20,893,18,0.07187832810243422,0.12670665794595554
20181031,183,13,262,12,0.12545380804346098,0.07529172747361881
20251103,73,1,440,8,0.030220132345325265,0.057304125150088064
20220620,196,34,683,12,0.10240869858333936,0.05175133649798097
20190705,89,2,432,19,0.023153343201604226,0.07946298426205053
20150924,72,41,719,6,0.11726616901912347,0.14710659271629073
20150412,264,38,185,2,0.11740238138959766,0.14181983882254362
20221002,481,18,239,4,0.03992109382699845,0.0978066387342241
20231109,409,39,816,2,0.13873762116686264,0.054046324818589675
20240725,248,28,733,1,0.046761378584303584,0.09728541209896158
20210221,277,24,694,17,0.056200686327213284,0.11439317581802434
20200227,480,20,99,10,0.12333915731276997,0.06881215220277417
20211130,87,31,957,17,0.14205953306689406,0.0954927115012813
20190717,194,47,774,3,0.12511468144872054,0.1062587032005636
20240513,110,44,293,3,0.020363452150908668,0.09873327330662768
20250207,154,1,223,20,0.14450727932798915,0.07827124512605749
20170904,409,16,929,1,0.14694429812584164,0.1443365262444876
20190907,421,34,872,6,0.10437690215377171,0.14748143284091791
20250315,375,21,314,11,0.12183775206253815,0.06616909699174597
20231105,148,16,398,2,0.03545940437089947,0.056992877522099444
20170120,219,16,53,5,0.07005248065793412,0.06974442469743045
20210612,86,23,442,12,0.07544377295259616,0.12471073869212251
20240915,86,43,796,5,0.12728283307519997,0.1382771535607476
20230303,360,20,735,12,0.08917452993681098,0.1101200168213459
20210326,4,21,976,1,0.10023636781126823,0.1263944189022395
20210613,178,24,697,8,0.023282435070553834,0.07699773742375329
20170505,291,30,18,7,0.11057813404837884,0.13644053381086188
20240122,302,19,901,7,0.03210044208553364,0.11414760709256441
20201222,150,36,133,1,0.12955280214532258,0.13342735966957683
20150505,451,15,878,8,0.09367488363230084,0.10434495244029901
20160606,215,8,772,15,0.13734542052035012,0.10384096062257203
20220625,193,40,27,2,0.04920976158535992,0.06369400141977204
20240531,397,50,79,4,0.07165691721325215,0.12274396393053462
20211218,405,22,829,17,0.034689441629727466,0.13573293135747494
20200124,296,38,718,5,0.14782076347457093,0.1462420333067886
20200725,467,38,342,17,0.12070797500925429,0.1289245592247847
20160602,440,21,163,10,0.07523870739066062,0.06096310503692638
20210221,327,15,179,12,0.05980871370342647,0.14849886035939835
20170403,26,44,39,5,0.09179622297253748,0.12723474828199105
20250908,180,50,880,8,0.027382840353741965,0.11319784896161139
20170221,477,7,328,7,0.07101811330684386,0.14955332851262976
20161008,477,37,191,20,0.08144088973867832,0.11481827128697876
20180103,18,47,971,16,0.08637747381993804,0.13045945565227124
20160628,442,28,258,5,0.061035518551138826,0.053999680378402914
20250828,273,12,149,19,0.027830201829219352,0.12104309156336092
20221021,373,22,442,7,0.03980374308872775,0.10542749174740895
20180327,129,19,262,18,0.03768774554953293,0.11749465458680738
20250609,379,10,487,12,0.10745348025686965,0.05866440239694583
20151004,472,26,757,18,0.08280953627558918,0.09845412259163681
20240614,367,2,547,2,0.12458141011922218,0.1158128118183291
20160418,241,50,58,10,0.1459642112841848,0.05596686984117764
20201117,2,31,401,5,0.14988566494547617,0.09850615781894076
20210111,115,4,986,16,0.040094302948844834,0.0700655983614004
20250419,228,22,811,3,0.10993809026723983,0.10011695354786891
20170417,323,15,929,10,0.07179063652643856,0.09379481791399272
20160330,420,49,655,4,0.03014901318609514,0.1436130524156688
20191002,344,45,655,10,0.14563874493613918,0.14872674964425736
20151006,176,16,861,15,0.10007593941240742,0.1029740508949403
20181021,347,44,892,9,0.11181791646331497,0.08926959368094799
20230329,98,21,955,11,0.0815314100806425,0.05158248373840413
20150706,305,45,638,19,0.06283027088199634,0.07511783581827959
20210224,316,14,380,3,0.0797531080122488,0.061684914835786746
20220527,4,40,911,15,0.09240867486879405,0.10952657052711015
20190120,232,18,927,15,0.05382510826608983,0.06544664534476846
20190222,252,8,460,12,0.10432188504734259,0.12645080792859054
20230405,352,28,265,15,0.14766927676321318,0.11525752368160029
20180528,127,19,621,6,0.09166536815740556,0.059289776236206654
20190511,66,28,876,16,0.04479566306606673,0.1447805339329068
20210623,444,32,471,14,0.1392571369451237,0.07921995857294793
20190317,271,38,918,16,0.14894414700141423,0.07916071671793015
20210811,454,3,197,12,0.12382306678254679,0.14026162266935188
20220502,6,9,184,9,0.020480069161132926,0.05245418355486412
20191201,200,16,707,3,0.020638326849028058,0.06735906368989181
20150411,397,37,708,1,0.08826341157632915,0.13788099258081504
20170808,497,41,910,16,0.08294862391460261,0.12160275875037853
20241113,73,39,814,9,0.021626059592052303,0.09007772244310683
20190202,354,37,963,2,0.057844890280670275,0.06397772846894208
20190714,498,20,613,13,0.03529243433846882,0.05511410839282366
20240506,269,41,501,9,0.06320052735363228,0.06840499252428615
20210107,483,22,367,11,0.1490359584137811,0.10565123008214708
20230407,404,26,106,3,0.0711293495717495,0.12780213665960427
20150618,163,50,226,14,0.05196484394327483,0.09450071663780213
20240510,133,28,319,3,0.05169506725892131,0.051541958380276434
20201014,32,14,457,4,0.07738129487651771,0.11405649785196406
20230803,75,2,179,6,0.08815394812482862,0.12983073345970209
20240311,145,36,264,19,0.12490650349112496,0.10023623880217847
20160524,400,14,564,14,0.04237136699999259,0.09393980600062574
20200617,5,44,624,20,0.05256862632054836,0.11987145387633623
20240327,64,31,999,1,0.10051918181801278,0.11707182835782702
20230622,117,34,332,6,0.11446021761337981,0.09242151201636348
20250728,28,13,488,4,0.09609625317161015,0.05489449860094561
20171110,376,40,438,8,0.028955257403645362,0.09349636249090135
20250311,417,42,93,2,0.04626818750304884,0.057185737051165725
20250630,340,13,671,9,0.03530784728537502,0.14250440163666184
20221018,318,7,618,1,0.09892312015930874,0.055906740721210796
20240910,283,23,609,12,0.12055084115093423,0.10695554803865145
20170103,2,21,720,4,0.03308827683405764,0.11414822501099058
20210705,225,33,227,7,0.03881003400728188,0.1286341718835138
20240727,290,23,537,19,0.1396724523154073,0.10559997959210614
20161021,421,27,397,10,0.11939036006452435,0.09339151361332496
20181004,495,8,980,3,0.12061970008689585,0.0939088767477676
20200809,277,15,756,7,0.06064558583153577,0.13449802173187753
20150528,374,48,321,10,0.07689393929100202,0.10476288040769968
20250420,268,7,268,13,0.12343053911479106,0.09738253963967408
20151231,252,44,169,18,0.032931125086526625,0.07207633312967222
20250104,498,8,861,4,0.1092614839681718,0.05228542940551585
20201028,259,39,610,8,0.10432973137172868,0.06603771022443841
20181113,117,15,726,1,0.13284090763045306,0.09981232733766726
20240302,434,5,843,4,0.1457397268778862,0.10777779394764861
20191214,444,6,962,9,0.14299901702604023,0.06762039952743418
20220404,200,13,926,19,0.12129235578625547,0.0983637875902421
20251227,332,44,354,7,0.025279222125816465,0.0944674553060477
20250820,269,4,669,8,0.029193127607602787,0.09451551241339638
20220416,75,33,1000,6,0.03964228839314396,0.129493423426629
20180928,109,27,176,11,0.05946317129392818,0.12851937479704978
20240329,50,31,977,11,0.0555983712203718,0.08486132613312782
20241116,331,25,24,1,0.1333274605577061,0.10163250521092806
20220523,424,3,916,17,0.12829944154017014,0.13468027693239315
20180130,417,29,692,1,0.102778188155027,0.13415897312927322
20161029,107,14,679,7,0.12432302105405005,0.11315436942205458
20240107,181,16,663,6,0.12192004423250459,0.14566783585636878
20170520,360,29,211,11,0.07316572515564676,0.14960564209472782
20230824,89,47,377,12,0.11743030297991609,0.12625785203298467
20180618,369,6,612,20,0.07166611061176051,0.06125998203778409
20221010,147,2,82,9,0.10874048618965632,0.10422796792908948
20181125,100,20,723,16,0.13078781921459592,0.08619817472270644
20250113,90,1,16,12,0.11609411338121402,0.13474884505866147
20230519,7,4,748,4,0.041631217259006606,0.05136764052152757
20151017,108,40,837,13,0.0490216868899492,0.13350899646209485
20161011,353,43,302,19,0.14210535875137875,0.10596542498053121
20150526,303,16,525,6,0.04176369596581868,0.13935123217869022
20160904,310,8,498,1,0.11537067447629817,0.06120289028205533
20150623,274,24,842,9,0.12807508299602144,0.05050046398757327
20220918,436,6,750,16,0.10105342803110358,0.13212735708600037
20221125,64,49,681,5,0.07272464263457477,0.09398559376800839
20191115,416,33,183,8,0.04483865231587283,0.0700570515792046
20190218,454,24,357,11,0.0962845640268274,0.10960833535222306
20220501,410,38,763,17,0.06066397843376027,0.05089839466753522
20150816,11,9,537,7,0.02372985682132003,0.08562139472777075
20160816,13,34,296,7,0.06587984898425982,0.14823928520357949
20250527,21,42,501,16,0.06723905947324496,0.0817862234630256
20230404,169,44,515,10,0.07824939918187142,0.060421083537072776
20160505,327,3,49,12,0.07803799950253665,0.13009582278819953
20151120,178,30,373,3,0.12087849027446503,0.12924070785593889
20250519,382,9,518,19,0.049757431222726495,0.059843801077585516
20250304,164,49,203,10,0.14363769062908024,0.1411168121775769
20191117,434,16,808,15,0.08083204846794084,0.14949628950616276
20220917,277,44,478,18,0.03552764238922684,0.09030645709514795
20220429,441,4,966,12,0.04384443447162323,0.07267958918548305
20150416,450,8,214,17,0.048097583626491636,0.11004478694313695
20231007,166,26,399,18,0.10704999968568493,0.05806537168380624
20181202,50,17,991,14,0.06911873587385281,0.13899167229464438
20201208,261,7,572,16,0.10263498524875,0.10637089601163388
20220908,421,49,926,17,0.06750142222227741,0.10851501371597005
20161108,126,20,984,6,0.09991276508529288,0.14368166519018033
20220721,12,44,65,3,0.02361032747182636,0.11204204969866466
20200708,354,1,268,8,0.0904065555932547,0.10450854013153738
20210913,267,45,872,1,0.11595074993074524,0.051080678730856435
20200105,360,50,86,9,0.048736864858366605,0.05685555602467182
20220516,249,13,367,15,0.10579118799030235,0.0770981490390375
20220824,83,17,524,10,0.1394099795382386,0.1017883127649821
20151014,150,29,486,6,0.13230236796381245,0.12912321391310944
20180408,243,50,775,13,0.10515186976706949,0.0767156590357562
20220701,129,18,610,15,0.09290314416423377,0.10263079772103761
20161125,420,19,412,2,0.07701024395584935,0.07984916773704481
20180131,378,9,527,20,0.02807594287517903,0.11388616127925677
20180422,250,12,201,18,0.09064327645903507,0.11488855918103384
20210717,259,47,885,11,0.14895919148848166,0.10620517046749878
20241014,383,36,990,15,0.048563078203785706,0.06779720367857085
20251028,81,3,804,12,0.05194448065582481,0.0759410168103901
20250808,201,4,639,6,0.14499143355511793,0.12357830352632222
20211130,369,4,582,15,0.03826506271543134,0.12666185893547732
20231022,227,16,324,15,0.07124780671571537,0.06723316410950453
20221005,259,22,323,15,0.044376668232572636,0.14323355487740044
20180127,83,14,787,19,0.12342294255123905,0.05724985628654075
20180923,142,23,997,13,0.08085808744324464,0.08211235369604045
20230824,266,13,309,6,0.061926830784635914,0.13408463718869917
20180407,265,48,148,9,0.09794927570536804,0.09678739422458588
20240217,161,18,685,17,0.05446958007635333,0.09136417632693158
20190131,365,34,215,5,0.037546954342624596,0.05800483287270785
20191010,65,15,105,17,0.06838238530142579,0.10313309544428834
20170510,65,40,681,14,0.05729076622110865,0.10719734649480259
20210911,261,46,128,1,0.07900445267018157,0.06921202944424146
20150416,89,3,60,2,0.047296061286955224,0.08966461900526504
20240323,52,15,832,11,0.07526840690782524,0.060795271710818125
20230821,469,11,735,1,0.040943229084799394,0.14514062437970693
20251021,233,35,694,10,0.09964991716316,0.07351012303330515
20171028,452,43,134,2,0.11807614655427573,0.13059242604395122
20170716,500,2,407,14,0.1321014672911056,0.08856308671565598
20160425,41,10,352,10,0.11362558903596028,0.1387058103039402
20170526,43,35,862,12,0.13067013324006785,0.1259576057426828
20171224,421,46,587,4,0.1356942533810296,0.0509474944704226
20170626,253,37,808,18,0.1070137772988389,0.13883923644725235
20251007,243,28,687,17,0.13151630042025345,0.1360070408864828
20170809,104,45,671,15,0.04635167266380508,0.09764809948585257
20151005,190,31,579,6,0.10256951630128142,0.06064426398295633
20210715,69,13,725,13,0.08401428355552513,0.09515407573363183
20211230,325,23,307,4,0.058760581843958104,0.11183302890242167
20240504,5,46,106,13,0.12953019470596405,0.08163110169481863
20190114,409,19,737,8,0.028092283612921515,0.12366514911179832
20170416,424,12,587,17,0.10497824937370065,0.09867976452308713
20170604,189,14,387,4,0.0764501933081057,0.09800892164257222
20160712,453,17,82,11,0.12732729546727345,0.1264053816051845
20150704,455,25,971,4,0.025366146824820707,0.07809877823838265
20181222,200,28,671,11,0.08013938593500206,0.05062855671214398
20220827,255,27,652,1,0.1297638365498713,0.14317450638954737
20160417,417,26,52,14,0.024503940880884822,0.12727863126683253
20250324,37,35,831,3,0.058162459835739796,0.08254762454942671
20220426,438,16,788,12,0.06011452178003701,0.14253961590383363
20170418,480,28,500,9,0.037878939161151565,0.0759399234495161
20150625,329,16,728,7,0.11663331161182235,0.11778504016791558
20201017,486,24,31,17,0.1317287732227276,0.05590794912980662
20201220,98,23,376,10,0.0997621552956471,0.07525569144302814
20240406,432,44,48,11,0.06392422683705222,0.12725217516420217
20251227,464,7,383,15,0.14278806961699073,0.1477140817534176
20250711,498,22,79,17,0.10172280632991088,0.11163651843813391
20170401,402,35,628,1,0.06242804624986967,0.13223372528733052
20150603,108,9,86,16,0.062391207783812866,0.06561797525738086
20200909,400,32,251,2,0.11368443543782637,0.0997239892501082
20150711,326,36,822,7,0.05326094947159843,0.14477584465068163
20250822,52,29,556,17,0.05754884261220468,0.07141062094389769
20161019,280,7,664,8,0.14053862336107828,0.11266862470070625
20160731,392,7,493,9,0.036680975045458086,0.10901865733330182
20191222,372,3,127,3,0.05862929230267587,0.0942845838901113
20200825,413,44,536,2,0.13068658015085233,0.11188199545336677
20200807,171,7,590,11,0.0527996270871815,0.08263256061000765
20221207,121,24,22,10,0.03791563722650568,0.06597709184950236
20220127,256,5,986,18,0.10419694789368555,0.0924170660402196
20200128,109,35,172,11,0.12980610761674494,0.12103406372565108
20250124,355,46,65,3,0.09069503659998178,0.07624217432592835
20200128,182,18,722,8,0.14589314234565515,0.06825120491381484
20170501,310,22,7,20,0.04484629393986899,0.06933465441878206
20201026,402,13,535,18,0.04389259468182525,0.11544400309526616
20230518,19,48,39,18,0.12716808780549668,0.1061399266021295
20190830,403,20,694,20,0.06535303549279649,0.09735512935944352
20150708,318,35,775,1,0.11651618810615867,0.08078583739920715
20170405,285,25,80,12,0.06882776755833503,0.0906105488966097
20200101,125,31,265,9,0.1262493256066865,0.0924278094232496
20190509,279,10,51,4,0.022520048154819707,0.13084885752961284
20170113,265,39,703,4,0.1203623787538448,0.06985986640925597
20250620,454,48,559,12,0.060406569403346114,0.0768134000727646
20170710,42,42,791,17,0.11393867834899801,0.09466249478219499
20200410,262,30,628,16,0.14233455199103362,0.13557173184585913
20221110,392,32,963,3,0.028164838544732947,0.07171099363484741
20241223,297,43,120,3,0.06469879937307996,0.13051636062128735
20210424,422,46,358,13,0.1261883269968201,0.05866581408289209
20250803,290,45,893,20,0.08748084986327435,0.13164420004521957
20230613,248,41,237,10,0.12199843558565829,0.12927040232744608
